order_id,customer_id,city,order_date,category,product_name,quantity,unit_price,discount_pct,total_amount,payment_method,rating,returned
ORD000001,CUST0790,Mumbai,2023-12-08,Beauty,Hair Mask,3,399,0.0,1197.0,Credit Card,5,0
ORD000002,CUST0732,Lucknow,2023-12-24,Sports,Yoga Mat,2,799,0.2,1278.4,Debit Card,4,0
ORD000003,CUST0046,Jaipur,2023-07-22,Clothing,Cotton T-Shirt,2,499,0.0,998.0,Debit Card,3,0
ORD000004,CUST0507,Delhi,2024-10-05,Beauty,Face Serum,2,999,0.2,1598.4,Cash on Delivery,4,0
ORD000005,CUST0549,Kolkata,2024-08-01,Beauty,Body Lotion,4,349,0.15,1186.6,Cash on Delivery,5,0
ORD000006,CUST0578,Kolkata,2023-03-11,Groceries,Mixed Nuts,2,599,0.05,1138.1,UPI,4,0
ORD000007,CUST0892,Jaipur,2024-06-03,Beauty,Hair Mask,1,399,0.0,399.0,Credit Card,2,0
ORD000008,CUST0807,Pune,2024-10-22,Electronics,USB Hub,3,899,0.0,2697.0,Credit Card,5,0
ORD000009,CUST0938,Chennai,2024-08-17,Sports,Gym Gloves,4,399,0.05,1516.2,Credit Card,4,0
ORD000010,CUST1155,Bangalore,2024-09-11,Home & Kitchen,Coffee Mug,2,249,0.0,498.0,Debit Card,4,0
ORD000011,CUST1221,Kolkata,2023-12-18,Electronics,Laptop Stand,1,1299,0.2,1039.2,Credit Card,5,0
ORD000012,CUST1093,Bangalore,2024-12-25,Sports,Resistance Bands,1,499,0.0,499.0,Net Banking,4,0
ORD000013,CUST1441,Ahmedabad,2024-01-17,Sports,Gym Gloves,2,399,0.0,798.0,Net Banking,5,0
ORD000014,CUST0034,Hyderabad,2024-10-08,Home & Kitchen,Storage Box,1,299,0.2,239.2,Credit Card,5,0
ORD000015,CUST0297,Delhi,2023-09-16,Groceries,Basmati Rice 5kg,4,499,0.0,1996.0,Cash on Delivery,5,0
ORD000016,CUST0012,Mumbai,2024-08-19,Beauty,Sunscreen SPF50,3,499,0.0,1497.0,UPI,5,0
ORD000017,CUST1005,Ahmedabad,2024-12-26,Groceries,Protein Bar Pack,2,699,0.1,1258.2,UPI,5,0
ORD000018,CUST1354,Mumbai,2023-05-11,Sports,Water Jug,3,599,0.2,1437.6,Cash on Delivery,5,0
ORD000019,CUST0382,Mumbai,2024-01-07,Electronics,Laptop Stand,3,1299,0.0,3897.0,Debit Card,4,0
ORD000020,CUST1396,Pune,2023-05-21,Groceries,Protein Bar Pack,2,699,0.0,1398.0,UPI,3,0
ORD000021,CUST0097,Ahmedabad,2023-12-11,Beauty,Face Serum,1,999,0.15,849.15,Cash on Delivery,5,0
ORD000022,CUST1408,Kolkata,2023-06-16,Clothing,Jacket,4,2999,0.0,11996.0,Cash on Delivery,3,0
ORD000023,CUST0518,Delhi,2024-02-25,Beauty,Sunscreen SPF50,4,499,0.0,1996.0,Debit Card,4,0
ORD000024,CUST0163,Mumbai,2024-04-04,Home & Kitchen,Coffee Mug,3,249,0.2,597.6,Debit Card,4,0
ORD000025,CUST0741,Ahmedabad,2024-11-25,Groceries,Protein Bar Pack,2,699,0.0,1398.0,Net Banking,5,0
ORD000026,CUST0396,Delhi,2024-06-24,Home & Kitchen,Storage Box,4,299,0.1,1076.4,Debit Card,4,0
ORD000027,CUST0436,Mumbai,2023-09-14,Beauty,Sunscreen SPF50,2,499,0.2,798.4,UPI,2,0
ORD000028,CUST0468,Delhi,2023-03-27,Sports,Yoga Mat,1,799,0.0,799.0,UPI,5,0
ORD000029,CUST1206,Delhi,2024-03-23,Home & Kitchen,Coffee Mug,2,249,0.2,398.4,Debit Card,3,0
ORD000030,CUST0812,Delhi,2024-02-29,Beauty,Lip Balm Pack,3,199,0.0,597.0,Debit Card,2,0
ORD000031,CUST0472,Kolkata,2023-01-29,Home & Kitchen,Air Fryer,3,3999,0.0,11997.0,Credit Card,4,0
ORD000032,CUST0943,Mumbai,2023-02-09,Beauty,Hair Mask,2,399,0.0,798.0,Net Banking,4,0
ORD000033,CUST1091,Ahmedabad,2024-09-22,Books,Data Science Guide,4,899,0.05,3416.2,UPI,1,1
ORD000034,CUST0413,Delhi,2023-10-23,Clothing,Denim Jeans,4,1299,0.0,5196.0,Credit Card,4,0
ORD000035,CUST0615,Jaipur,2024-09-29,Electronics,Phone Charger,4,599,0.15,2036.6,Credit Card,4,0
ORD000036,CUST0197,Hyderabad,2024-06-11,Beauty,Lip Balm Pack,1,199,0.15,169.15,Debit Card,4,0
ORD000037,CUST0273,Hyderabad,2023-12-28,Groceries,Protein Bar Pack,1,699,0.1,629.1,Net Banking,4,0
ORD000038,CUST1046,Chennai,2024-06-22,Clothing,Cotton T-Shirt,3,499,0.0,1497.0,Cash on Delivery,4,0
ORD000039,CUST0273,Hyderabad,2024-04-26,Sports,Yoga Mat,4,799,0.2,2556.8,UPI,2,1
ORD000040,CUST0797,Chennai,2023-03-11,Groceries,Basmati Rice 5kg,3,499,0.2,1197.6,Credit Card,4,0
ORD000041,CUST1084,Bangalore,2023-02-15,Beauty,Body Lotion,3,349,0.0,1047.0,UPI,4,0
ORD000042,CUST0177,Jaipur,2024-05-05,Beauty,Sunscreen SPF50,4,499,0.15,1696.6,Debit Card,5,0
ORD000043,CUST0862,Hyderabad,2023-07-26,Electronics,Laptop Stand,1,1299,0.0,1299.0,Credit Card,2,1
ORD000044,CUST0396,Delhi,2024-07-10,Groceries,Mixed Nuts,4,599,0.2,1916.8,Credit Card,4,0
ORD000045,CUST1449,Mumbai,2023-02-18,Beauty,Sunscreen SPF50,3,499,0.0,1497.0,UPI,5,0
ORD000046,CUST0737,Hyderabad,2024-02-14,Groceries,Basmati Rice 5kg,3,499,0.05,1422.15,Net Banking,5,0
ORD000047,CUST1210,Kolkata,2024-05-24,Groceries,Olive Oil,4,799,0.15,2716.6,Cash on Delivery,4,0
ORD000048,CUST0829,Lucknow,2024-03-16,Groceries,Basmati Rice 5kg,4,499,0.0,1996.0,Debit Card,5,0
ORD000049,CUST0071,Chennai,2023-03-23,Sports,Running Shoes,3,3499,0.0,10497.0,UPI,4,0
ORD000050,CUST0985,Hyderabad,2024-12-07,Groceries,Protein Bar Pack,4,699,0.0,2796.0,Net Banking,4,0
ORD000051,CUST1431,Kolkata,2024-10-16,Electronics,USB Hub,4,899,0.0,3596.0,Credit Card,5,0
ORD000052,CUST0927,Bangalore,2024-11-26,Electronics,Laptop Stand,3,1299,0.1,3507.3,Credit Card,3,0
ORD000053,CUST1229,Pune,2023-05-10,Clothing,Jacket,4,2999,0.0,11996.0,UPI,2,0
ORD000054,CUST1334,Ahmedabad,2023-06-07,Groceries,Protein Bar Pack,1,699,0.1,629.1,UPI,5,0
ORD000055,CUST0358,Hyderabad,2023-05-21,Groceries,Protein Bar Pack,1,699,0.1,629.1,Net Banking,4,0
ORD000056,CUST0325,Delhi,2023-01-27,Groceries,Mixed Nuts,2,599,0.0,1198.0,Net Banking,5,0
ORD000057,CUST0943,Mumbai,2023-09-24,Sports,Water Jug,1,599,0.0,599.0,Debit Card,5,0
ORD000058,CUST0610,Kolkata,2023-05-06,Sports,Running Shoes,4,3499,0.0,13996.0,Credit Card,3,0
ORD000059,CUST1256,Pune,2024-11-29,Home & Kitchen,Water Bottle,4,399,0.0,1596.0,UPI,5,0
ORD000060,CUST1356,Jaipur,2024-07-09,Books,Business Strategy,1,599,0.1,539.1,UPI,4,0
ORD000061,CUST0519,Ahmedabad,2024-01-06,Beauty,Sunscreen SPF50,2,499,0.2,798.4,Credit Card,4,0
ORD000062,CUST0367,Mumbai,2024-05-20,Clothing,Denim Jeans,2,1299,0.2,2078.4,UPI,1,0
ORD000063,CUST1177,Chennai,2023-03-30,Home & Kitchen,Coffee Mug,2,249,0.1,448.2,Net Banking,2,1
ORD000064,CUST0417,Hyderabad,2024-08-11,Sports,Water Jug,4,599,0.2,1916.8,Credit Card,2,0
ORD000065,CUST1235,Kolkata,2024-07-18,Home & Kitchen,Knife Set,3,1299,0.0,3897.0,Debit Card,5,0
ORD000066,CUST0632,Pune,2023-02-26,Beauty,Sunscreen SPF50,4,499,0.1,1796.4,Cash on Delivery,5,0
ORD000067,CUST1025,Ahmedabad,2023-11-27,Clothing,Formal Shirt,2,899,0.0,1798.0,Debit Card,5,0
ORD000068,CUST0155,Lucknow,2023-03-22,Groceries,Green Tea,3,299,0.2,717.6,Cash on Delivery,4,0
ORD000069,CUST0967,Chennai,2024-06-30,Groceries,Olive Oil,3,799,0.1,2157.3,Debit Card,3,0
ORD000070,CUST0685,Pune,2024-11-05,Sports,Gym Gloves,2,399,0.0,798.0,Cash on Delivery,5,0
ORD000071,CUST0905,Lucknow,2023-01-30,Groceries,Green Tea,1,299,0.2,239.2,Cash on Delivery,3,0
ORD000072,CUST0258,Ahmedabad,2024-10-16,Groceries,Olive Oil,4,799,0.1,2876.4,Cash on Delivery,2,0
ORD000073,CUST1121,Lucknow,2024-12-02,Groceries,Mixed Nuts,4,599,0.0,2396.0,Net Banking,4,0
ORD000074,CUST1306,Delhi,2024-03-01,Electronics,Wireless Earbuds,2,2499,0.05,4748.1,Debit Card,4,0
ORD000075,CUST0332,Pune,2023-11-23,Groceries,Green Tea,2,299,0.0,598.0,UPI,5,0
ORD000076,CUST0155,Lucknow,2024-07-29,Home & Kitchen,Water Bottle,3,399,0.1,1077.3,Debit Card,3,0
ORD000077,CUST0044,Mumbai,2023-09-11,Home & Kitchen,Air Fryer,3,3999,0.05,11397.15,Credit Card,3,0
ORD000078,CUST0999,Chennai,2023-06-13,Groceries,Protein Bar Pack,4,699,0.0,2796.0,Cash on Delivery,5,0
ORD000079,CUST0934,Mumbai,2023-06-13,Books,Business Strategy,2,599,0.2,958.4,Cash on Delivery,4,0
ORD000080,CUST0824,Hyderabad,2023-01-24,Home & Kitchen,Knife Set,3,1299,0.05,3702.15,Net Banking,3,0
ORD000081,CUST0363,Mumbai,2024-08-20,Sports,Water Jug,2,599,0.0,1198.0,Credit Card,4,0
ORD000082,CUST0569,Jaipur,2024-07-03,Groceries,Protein Bar Pack,4,699,0.0,2796.0,Debit Card,1,1
ORD000083,CUST0918,Kolkata,2023-02-16,Groceries,Mixed Nuts,4,599,0.0,2396.0,Cash on Delivery,4,0
ORD000084,CUST0756,Ahmedabad,2023-10-23,Sports,Resistance Bands,3,499,0.1,1347.3,Cash on Delivery,2,0
ORD000085,CUST1477,Lucknow,2023-04-10,Groceries,Green Tea,1,299,0.0,299.0,UPI,4,0
ORD000086,CUST0220,Kolkata,2024-09-08,Sports,Running Shoes,2,3499,0.0,6998.0,Cash on Delivery,4,0
ORD000087,CUST1061,Chennai,2024-12-31,Electronics,Wireless Earbuds,1,2499,0.0,2499.0,Net Banking,4,0
ORD000088,CUST0585,Hyderabad,2024-06-11,Sports,Water Jug,2,599,0.1,1078.2,Cash on Delivery,3,0
ORD000089,CUST0646,Mumbai,2023-11-03,Groceries,Olive Oil,4,799,0.1,2876.4,Cash on Delivery,4,0
ORD000090,CUST1092,Lucknow,2024-07-30,Beauty,Body Lotion,4,349,0.15,1186.6,Credit Card,4,0
ORD000091,CUST1057,Mumbai,2024-08-20,Groceries,Mixed Nuts,1,599,0.05,569.05,Credit Card,4,0
ORD000092,CUST1480,Kolkata,2024-08-15,Sports,Water Jug,3,599,0.15,1527.45,Credit Card,4,0
ORD000093,CUST0204,Delhi,2024-10-06,Sports,Water Jug,2,599,0.1,1078.2,Net Banking,5,0
ORD000094,CUST0170,Jaipur,2024-12-18,Clothing,Denim Jeans,1,1299,0.1,1169.1,Credit Card,3,0
ORD000095,CUST1103,Bangalore,2024-02-27,Home & Kitchen,Storage Box,4,299,0.0,1196.0,Net Banking,5,0
ORD000096,CUST0887,Ahmedabad,2023-03-05,Sports,Gym Gloves,4,399,0.2,1276.8,Cash on Delivery,5,0
ORD000097,CUST0415,Mumbai,2024-05-04,Clothing,Jacket,3,2999,0.15,7647.45,UPI,4,0
ORD000098,CUST0127,Chennai,2023-12-29,Clothing,Sneakers,3,2499,0.1,6747.3,UPI,5,0
ORD000099,CUST0138,Ahmedabad,2023-10-13,Sports,Water Jug,2,599,0.0,1198.0,Debit Card,4,0
ORD000100,CUST1349,Kolkata,2024-12-22,Groceries,Mixed Nuts,2,599,0.15,1018.3,Net Banking,4,0
ORD000101,CUST0287,Bangalore,2023-05-05,Groceries,Green Tea,3,299,0.0,897.0,Cash on Delivery,4,0
ORD000102,CUST0485,Kolkata,2023-05-30,Home & Kitchen,Knife Set,3,1299,0.2,3117.6,UPI,4,0
ORD000103,CUST0353,Chennai,2024-11-02,Books,Python Programming,3,699,0.05,1992.15,Net Banking,4,0
ORD000104,CUST0521,Lucknow,2024-12-13,Clothing,Denim Jeans,3,1299,0.1,3507.3,Credit Card,4,0
ORD000105,CUST0115,Mumbai,2023-02-21,Sports,Gym Gloves,2,399,0.0,798.0,Cash on Delivery,5,0
ORD000106,CUST0790,Mumbai,2024-02-28,Clothing,Denim Jeans,1,1299,0.0,1299.0,Net Banking,4,0
ORD000107,CUST0114,Delhi,2023-06-11,Electronics,Phone Charger,1,599,0.1,539.1,Net Banking,4,0
ORD000108,CUST1199,Delhi,2023-10-20,Home & Kitchen,Water Bottle,3,399,0.0,1197.0,Credit Card,5,0
ORD000109,CUST0365,Kolkata,2023-02-08,Books,Fiction Novel,2,299,0.1,538.2,Debit Card,5,0
ORD000110,CUST0812,Delhi,2024-02-11,Home & Kitchen,Water Bottle,1,399,0.2,319.2,Debit Card,5,0
ORD000111,CUST1329,Kolkata,2023-11-02,Books,Business Strategy,1,599,0.0,599.0,Credit Card,4,0
ORD000112,CUST1008,Jaipur,2024-07-10,Groceries,Mixed Nuts,4,599,0.15,2036.6,Debit Card,4,0
ORD000113,CUST0807,Pune,2023-07-17,Beauty,Body Lotion,4,349,0.0,1396.0,UPI,5,0
ORD000114,CUST0486,Jaipur,2023-07-10,Clothing,Sneakers,3,2499,0.15,6372.45,UPI,1,1
ORD000115,CUST0499,Jaipur,2024-10-16,Sports,Resistance Bands,2,499,0.1,898.2,Net Banking,5,0
ORD000116,CUST1027,Kolkata,2024-11-16,Sports,Running Shoes,1,3499,0.05,3324.05,Debit Card,3,0
ORD000117,CUST1488,Lucknow,2023-09-25,Home & Kitchen,Storage Box,2,299,0.0,598.0,Net Banking,4,0
ORD000118,CUST1021,Hyderabad,2024-08-19,Beauty,Hair Mask,3,399,0.0,1197.0,Credit Card,5,0
ORD000119,CUST0844,Delhi,2024-11-14,Groceries,Mixed Nuts,2,599,0.0,1198.0,UPI,3,0
ORD000120,CUST1109,Kolkata,2023-05-01,Clothing,Sneakers,3,2499,0.15,6372.45,UPI,5,0
ORD000121,CUST0713,Delhi,2023-05-17,Groceries,Green Tea,2,299,0.0,598.0,Net Banking,4,0
ORD000122,CUST0097,Ahmedabad,2024-12-19,Books,Fiction Novel,3,299,0.05,852.15,Net Banking,4,0
ORD000123,CUST0852,Jaipur,2023-09-11,Beauty,Body Lotion,2,349,0.2,558.4,Cash on Delivery,5,0
ORD000124,CUST1443,Chennai,2024-12-21,Beauty,Face Serum,4,999,0.1,3596.4,Cash on Delivery,4,0
ORD000125,CUST0266,Chennai,2024-07-03,Electronics,Wireless Earbuds,2,2499,0.1,4498.2,UPI,3,0
ORD000126,CUST1055,Ahmedabad,2024-11-27,Beauty,Body Lotion,4,349,0.0,1396.0,Cash on Delivery,4,0
ORD000127,CUST0306,Lucknow,2023-02-26,Home & Kitchen,Air Fryer,4,3999,0.2,12796.8,Cash on Delivery,4,0
ORD000128,CUST0808,Bangalore,2024-04-18,Home & Kitchen,Knife Set,1,1299,0.1,1169.1,UPI,5,0
ORD000129,CUST0155,Lucknow,2023-01-04,Books,Python Programming,4,699,0.0,2796.0,Cash on Delivery,5,0
ORD000130,CUST0684,Mumbai,2024-12-18,Electronics,Wireless Earbuds,4,2499,0.0,9996.0,Credit Card,2,0
ORD000131,CUST1148,Bangalore,2023-07-04,Home & Kitchen,Air Fryer,3,3999,0.05,11397.15,Net Banking,5,0
ORD000132,CUST0513,Mumbai,2024-01-22,Groceries,Protein Bar Pack,4,699,0.2,2236.8,Cash on Delivery,4,0
ORD000133,CUST1024,Pune,2024-07-04,Clothing,Formal Shirt,1,899,0.0,899.0,Debit Card,4,0
ORD000134,CUST1197,Chennai,2023-01-24,Books,Data Science Guide,1,899,0.2,719.2,Net Banking,5,0
ORD000135,CUST1396,Pune,2024-01-24,Books,Fiction Novel,4,299,0.1,1076.4,Debit Card,5,0
ORD000136,CUST0365,Kolkata,2023-07-13,Home & Kitchen,Storage Box,2,299,0.0,598.0,Credit Card,5,0
ORD000137,CUST0578,Kolkata,2023-07-31,Electronics,Laptop Stand,1,1299,0.0,1299.0,Net Banking,2,0
ORD000138,CUST0242,Bangalore,2023-02-15,Sports,Yoga Mat,2,799,0.15,1358.3,Debit Card,4,0
ORD000139,CUST1481,Kolkata,2024-05-30,Sports,Resistance Bands,1,499,0.0,499.0,Debit Card,5,0
ORD000140,CUST1396,Pune,2024-09-04,Beauty,Body Lotion,3,349,0.1,942.3,UPI,5,0
ORD000141,CUST0812,Delhi,2024-06-17,Clothing,Formal Shirt,2,899,0.15,1528.3,UPI,4,0
ORD000142,CUST1262,Bangalore,2024-11-26,Groceries,Basmati Rice 5kg,2,499,0.15,848.3,Net Banking,4,0
ORD000143,CUST0793,Chennai,2024-06-21,Electronics,USB Hub,4,899,0.2,2876.8,Net Banking,4,0
ORD000144,CUST0967,Chennai,2023-07-08,Home & Kitchen,Water Bottle,3,399,0.05,1137.15,Net Banking,5,0
ORD000145,CUST0141,Jaipur,2024-12-25,Clothing,Denim Jeans,3,1299,0.2,3117.6,Net Banking,3,0
ORD000146,CUST1147,Pune,2024-07-24,Electronics,Webcam,4,2199,0.05,8356.2,Net Banking,4,0
ORD000147,CUST0201,Delhi,2024-10-24,Clothing,Formal Shirt,2,899,0.0,1798.0,UPI,2,0
ORD000148,CUST1239,Ahmedabad,2023-10-02,Electronics,Webcam,2,2199,0.0,4398.0,Cash on Delivery,4,0
ORD000149,CUST1179,Delhi,2024-08-24,Sports,Yoga Mat,1,799,0.0,799.0,Cash on Delivery,5,0
ORD000150,CUST1084,Bangalore,2023-12-07,Clothing,Sneakers,2,2499,0.2,3998.4,Credit Card,4,0
ORD000151,CUST0056,Delhi,2024-05-05,Clothing,Denim Jeans,1,1299,0.15,1104.15,Cash on Delivery,5,0
ORD000152,CUST0463,Kolkata,2024-07-19,Books,Data Science Guide,4,899,0.0,3596.0,UPI,4,0
ORD000153,CUST0402,Hyderabad,2023-09-25,Home & Kitchen,Knife Set,3,1299,0.0,3897.0,Net Banking,4,0
ORD000154,CUST0525,Kolkata,2023-11-24,Home & Kitchen,Air Fryer,4,3999,0.2,12796.8,UPI,5,0
ORD000155,CUST0140,Chennai,2023-08-15,Groceries,Protein Bar Pack,1,699,0.1,629.1,Credit Card,5,0
ORD000156,CUST1410,Ahmedabad,2023-06-06,Groceries,Green Tea,4,299,0.0,1196.0,Debit Card,3,0
ORD000157,CUST0838,Kolkata,2024-07-17,Home & Kitchen,Coffee Mug,2,249,0.05,473.1,UPI,5,0
ORD000158,CUST0465,Pune,2023-06-22,Groceries,Protein Bar Pack,4,699,0.05,2656.2,UPI,5,0
ORD000159,CUST0576,Hyderabad,2024-07-09,Clothing,Denim Jeans,4,1299,0.0,5196.0,Credit Card,5,0
ORD000160,CUST0680,Chennai,2024-11-15,Sports,Yoga Mat,1,799,0.2,639.2,Debit Card,2,1
ORD000161,CUST0924,Pune,2023-06-04,Beauty,Sunscreen SPF50,1,499,0.15,424.15,UPI,1,0
ORD000162,CUST0786,Hyderabad,2024-05-14,Electronics,Webcam,4,2199,0.15,7476.6,Net Banking,1,0
ORD000163,CUST1383,Kolkata,2023-10-21,Electronics,Wireless Earbuds,3,2499,0.1,6747.3,Net Banking,1,0
ORD000164,CUST0757,Jaipur,2024-06-20,Beauty,Sunscreen SPF50,1,499,0.0,499.0,Debit Card,3,0
ORD000165,CUST1481,Kolkata,2023-12-29,Sports,Gym Gloves,3,399,0.2,957.6,Net Banking,4,0
ORD000166,CUST1281,Delhi,2024-08-01,Electronics,USB Hub,4,899,0.05,3416.2,Debit Card,4,0
ORD000167,CUST0316,Bangalore,2024-02-20,Groceries,Basmati Rice 5kg,1,499,0.0,499.0,Cash on Delivery,4,0
ORD000168,CUST1404,Mumbai,2023-06-25,Home & Kitchen,Air Fryer,1,3999,0.15,3399.15,Net Banking,3,0
ORD000169,CUST0189,Delhi,2023-02-13,Books,Business Strategy,1,599,0.1,539.1,Cash on Delivery,4,0
ORD000170,CUST1227,Ahmedabad,2024-12-01,Home & Kitchen,Storage Box,1,299,0.0,299.0,Cash on Delivery,5,0
ORD000171,CUST0550,Jaipur,2023-11-19,Sports,Yoga Mat,2,799,0.2,1278.4,Debit Card,1,1
ORD000172,CUST1326,Delhi,2023-06-16,Beauty,Lip Balm Pack,1,199,0.0,199.0,Cash on Delivery,4,0
ORD000173,CUST1312,Chennai,2023-05-24,Beauty,Lip Balm Pack,3,199,0.05,567.15,Credit Card,5,0
ORD000174,CUST1210,Kolkata,2024-03-23,Sports,Running Shoes,1,3499,0.0,3499.0,Credit Card,4,0
ORD000175,CUST1186,Delhi,2023-12-01,Groceries,Green Tea,4,299,0.2,956.8,Net Banking,1,1
ORD000176,CUST0465,Pune,2024-01-20,Home & Kitchen,Water Bottle,3,399,0.1,1077.3,Cash on Delivery,4,0
ORD000177,CUST0128,Jaipur,2024-09-25,Books,Self Help,1,449,0.2,359.2,Debit Card,4,0
ORD000178,CUST0582,Ahmedabad,2023-06-07,Books,Python Programming,1,699,0.0,699.0,Debit Card,4,0
ORD000179,CUST0265,Kolkata,2023-04-20,Books,Self Help,3,449,0.0,1347.0,UPI,3,0
ORD000180,CUST1061,Chennai,2023-05-16,Home & Kitchen,Storage Box,3,299,0.0,897.0,Net Banking,3,0
ORD000181,CUST0510,Hyderabad,2023-01-27,Home & Kitchen,Coffee Mug,4,249,0.0,996.0,Cash on Delivery,3,0
ORD000182,CUST1465,Hyderabad,2024-01-30,Electronics,Webcam,3,2199,0.2,5277.6,Credit Card,1,0
ORD000183,CUST0997,Pune,2024-06-17,Books,Fiction Novel,2,299,0.1,538.2,Net Banking,3,0
ORD000184,CUST1235,Kolkata,2023-10-02,Clothing,Denim Jeans,3,1299,0.0,3897.0,Credit Card,4,0
ORD000185,CUST0213,Jaipur,2023-11-03,Clothing,Sneakers,3,2499,0.05,7122.15,Credit Card,4,0
ORD000186,CUST1305,Delhi,2024-10-02,Groceries,Mixed Nuts,2,599,0.15,1018.3,Cash on Delivery,4,0
ORD000187,CUST1387,Jaipur,2023-11-08,Clothing,Sneakers,1,2499,0.0,2499.0,Cash on Delivery,1,1
ORD000188,CUST0743,Hyderabad,2024-03-16,Home & Kitchen,Storage Box,4,299,0.0,1196.0,Cash on Delivery,5,0
ORD000189,CUST0933,Jaipur,2024-12-12,Clothing,Formal Shirt,3,899,0.1,2427.3,UPI,4,0
ORD000190,CUST1155,Bangalore,2024-12-12,Clothing,Sneakers,3,2499,0.0,7497.0,Cash on Delivery,5,0
ORD000191,CUST0266,Chennai,2023-10-15,Beauty,Sunscreen SPF50,3,499,0.05,1422.15,Net Banking,5,0
ORD000192,CUST0766,Chennai,2024-07-12,Groceries,Basmati Rice 5kg,2,499,0.1,898.2,Cash on Delivery,3,0
ORD000193,CUST0576,Hyderabad,2023-10-26,Electronics,Laptop Stand,2,1299,0.05,2468.1,Credit Card,5,0
ORD000194,CUST0233,Pune,2024-10-10,Beauty,Lip Balm Pack,4,199,0.0,796.0,UPI,4,0
ORD000195,CUST0533,Jaipur,2024-01-22,Books,Data Science Guide,4,899,0.2,2876.8,Net Banking,2,0
ORD000196,CUST0114,Delhi,2023-02-07,Sports,Water Jug,4,599,0.1,2156.4,UPI,5,0
ORD000197,CUST0046,Jaipur,2023-09-12,Books,Fiction Novel,1,299,0.0,299.0,UPI,5,0
ORD000198,CUST0218,Hyderabad,2024-10-22,Clothing,Jacket,1,2999,0.1,2699.1,Net Banking,5,0
ORD000199,CUST1449,Mumbai,2023-01-11,Beauty,Hair Mask,4,399,0.0,1596.0,Debit Card,3,0
ORD000200,CUST0829,Lucknow,2024-01-19,Sports,Gym Gloves,2,399,0.05,758.1,Cash on Delivery,4,0
ORD000201,CUST1451,Chennai,2023-01-26,Books,Fiction Novel,2,299,0.0,598.0,UPI,4,0
ORD000202,CUST0652,Bangalore,2023-05-26,Home & Kitchen,Air Fryer,1,3999,0.2,3199.2,UPI,4,0
ORD000203,CUST0472,Kolkata,2024-05-02,Home & Kitchen,Water Bottle,4,399,0.0,1596.0,Net Banking,3,0
ORD000204,CUST0770,Hyderabad,2024-12-28,Groceries,Basmati Rice 5kg,3,499,0.0,1497.0,UPI,3,0
ORD000205,CUST0663,Lucknow,2023-09-07,Books,Python Programming,2,699,0.15,1188.3,Cash on Delivery,4,0
ORD000206,CUST0175,Bangalore,2023-08-26,Clothing,Formal Shirt,4,899,0.05,3416.2,Debit Card,5,0
ORD000207,CUST0997,Pune,2024-09-20,Clothing,Sneakers,4,2499,0.0,9996.0,Net Banking,5,0
ORD000208,CUST0329,Jaipur,2024-12-22,Sports,Water Jug,4,599,0.0,2396.0,UPI,4,0
ORD000209,CUST0954,Mumbai,2024-07-03,Beauty,Face Serum,1,999,0.2,799.2,UPI,3,0
ORD000210,CUST1008,Jaipur,2024-11-17,Clothing,Sneakers,1,2499,0.0,2499.0,Cash on Delivery,5,0
ORD000211,CUST0242,Bangalore,2024-02-06,Books,Business Strategy,4,599,0.1,2156.4,UPI,4,0
ORD000212,CUST0102,Jaipur,2024-11-20,Groceries,Protein Bar Pack,2,699,0.2,1118.4,UPI,5,0
ORD000213,CUST1177,Chennai,2023-05-18,Sports,Gym Gloves,1,399,0.15,339.15,Debit Card,4,0
ORD000214,CUST0706,Ahmedabad,2024-12-11,Groceries,Basmati Rice 5kg,2,499,0.0,998.0,Net Banking,3,0
ORD000215,CUST0094,Hyderabad,2024-01-28,Home & Kitchen,Coffee Mug,2,249,0.1,448.2,Net Banking,4,0
ORD000216,CUST1489,Ahmedabad,2023-06-20,Books,Fiction Novel,2,299,0.1,538.2,Debit Card,4,0
ORD000217,CUST0093,Pune,2023-02-24,Clothing,Formal Shirt,4,899,0.1,3236.4,Credit Card,5,0
ORD000218,CUST1061,Chennai,2024-01-29,Home & Kitchen,Water Bottle,2,399,0.2,638.4,Cash on Delivery,5,0
ORD000219,CUST1472,Kolkata,2024-05-18,Books,Self Help,4,449,0.15,1526.6,Net Banking,4,0
ORD000220,CUST0374,Jaipur,2023-02-01,Home & Kitchen,Water Bottle,1,399,0.1,359.1,Debit Card,5,0
ORD000221,CUST0229,Mumbai,2024-07-04,Groceries,Basmati Rice 5kg,3,499,0.0,1497.0,Net Banking,4,0
ORD000222,CUST0197,Hyderabad,2023-04-27,Sports,Water Jug,1,599,0.1,539.1,Cash on Delivery,4,0
ORD000223,CUST0463,Kolkata,2024-03-27,Beauty,Hair Mask,1,399,0.2,319.2,Net Banking,4,0
ORD000224,CUST0163,Mumbai,2023-02-03,Electronics,Phone Charger,3,599,0.2,1437.6,UPI,4,0
ORD000225,CUST1057,Mumbai,2023-05-01,Beauty,Face Serum,4,999,0.2,3196.8,Debit Card,5,0
ORD000226,CUST0105,Lucknow,2024-12-28,Clothing,Jacket,3,2999,0.2,7197.6,Net Banking,5,0
ORD000227,CUST0775,Hyderabad,2023-07-31,Clothing,Jacket,2,2999,0.2,4798.4,Credit Card,5,0
ORD000228,CUST1496,Lucknow,2024-07-05,Sports,Running Shoes,3,3499,0.1,9447.3,UPI,3,0
ORD000229,CUST1221,Kolkata,2024-06-10,Groceries,Green Tea,3,299,0.2,717.6,Credit Card,5,0
ORD000230,CUST0949,Jaipur,2024-11-02,Clothing,Sneakers,1,2499,0.0,2499.0,Debit Card,3,0
ORD000231,CUST0465,Pune,2023-09-11,Clothing,Denim Jeans,3,1299,0.2,3117.6,Net Banking,5,0
ORD000232,CUST0967,Chennai,2024-02-29,Home & Kitchen,Water Bottle,3,399,0.15,1017.45,Credit Card,4,0
ORD000233,CUST0800,Delhi,2023-10-12,Books,Python Programming,4,699,0.1,2516.4,UPI,5,0
ORD000234,CUST0636,Kolkata,2023-01-03,Home & Kitchen,Knife Set,3,1299,0.1,3507.3,Credit Card,5,0
ORD000235,CUST0208,Jaipur,2023-03-06,Books,Self Help,3,449,0.2,1077.6,Net Banking,5,0
ORD000236,CUST1335,Kolkata,2023-10-02,Clothing,Sneakers,2,2499,0.05,4748.1,UPI,4,0
ORD000237,CUST0681,Lucknow,2024-05-11,Groceries,Green Tea,2,299,0.1,538.2,Credit Card,5,0
ORD000238,CUST0294,Delhi,2023-05-08,Electronics,Wireless Earbuds,4,2499,0.0,9996.0,Debit Card,5,0
ORD000239,CUST0533,Jaipur,2023-07-27,Home & Kitchen,Knife Set,1,1299,0.05,1234.05,Debit Card,5,0
ORD000240,CUST0615,Jaipur,2023-10-08,Books,Business Strategy,2,599,0.2,958.4,UPI,3,0
ORD000241,CUST1241,Hyderabad,2024-10-26,Groceries,Basmati Rice 5kg,3,499,0.15,1272.45,Net Banking,3,0
ORD000242,CUST1115,Ahmedabad,2024-11-02,Books,Business Strategy,2,599,0.05,1138.1,Credit Card,3,0
ORD000243,CUST1159,Jaipur,2023-05-16,Electronics,Phone Charger,4,599,0.0,2396.0,Cash on Delivery,4,0
ORD000244,CUST0017,Jaipur,2024-12-13,Books,Self Help,1,449,0.0,449.0,Credit Card,4,0
ORD000245,CUST0616,Mumbai,2023-03-14,Beauty,Lip Balm Pack,2,199,0.05,378.1,Credit Card,4,0
ORD000246,CUST0734,Jaipur,2024-01-12,Books,Python Programming,1,699,0.0,699.0,Debit Card,5,0
ORD000247,CUST0035,Pune,2024-06-27,Home & Kitchen,Water Bottle,2,399,0.0,798.0,Cash on Delivery,4,0
ORD000248,CUST0399,Kolkata,2023-08-07,Books,Data Science Guide,4,899,0.0,3596.0,Debit Card,5,0
ORD000249,CUST1151,Pune,2023-08-11,Home & Kitchen,Coffee Mug,4,249,0.2,796.8,Credit Card,3,0
ORD000250,CUST0220,Kolkata,2024-03-15,Clothing,Cotton T-Shirt,4,499,0.0,1996.0,Debit Card,4,0
ORD000251,CUST0808,Bangalore,2024-07-20,Clothing,Formal Shirt,1,899,0.0,899.0,Cash on Delivery,5,0
ORD000252,CUST0327,Jaipur,2024-06-14,Groceries,Basmati Rice 5kg,3,499,0.0,1497.0,Debit Card,5,0
ORD000253,CUST0021,Hyderabad,2023-02-25,Books,Self Help,3,449,0.15,1144.95,Debit Card,5,0
ORD000254,CUST0377,Mumbai,2024-05-26,Home & Kitchen,Knife Set,1,1299,0.0,1299.0,Credit Card,5,0
ORD000255,CUST1465,Hyderabad,2023-05-16,Sports,Yoga Mat,3,799,0.0,2397.0,Cash on Delivery,4,0
ORD000256,CUST1201,Mumbai,2024-04-27,Home & Kitchen,Storage Box,2,299,0.2,478.4,Credit Card,5,0
ORD000257,CUST1445,Hyderabad,2023-09-26,Electronics,Webcam,1,2199,0.0,2199.0,Credit Card,4,0
ORD000258,CUST0746,Ahmedabad,2024-12-30,Beauty,Lip Balm Pack,3,199,0.15,507.45,Net Banking,4,0
ORD000259,CUST0183,Chennai,2024-07-03,Home & Kitchen,Knife Set,1,1299,0.15,1104.15,Debit Card,4,0
ORD000260,CUST0826,Jaipur,2024-06-07,Groceries,Basmati Rice 5kg,3,499,0.0,1497.0,Debit Card,5,0
ORD000261,CUST0689,Delhi,2024-10-11,Sports,Running Shoes,4,3499,0.1,12596.4,Credit Card,5,0
ORD000262,CUST1271,Hyderabad,2023-09-08,Groceries,Protein Bar Pack,2,699,0.0,1398.0,Net Banking,3,0
ORD000263,CUST0158,Mumbai,2024-11-13,Electronics,Laptop Stand,1,1299,0.0,1299.0,Debit Card,5,0
ORD000264,CUST0746,Ahmedabad,2023-01-12,Electronics,Wireless Earbuds,2,2499,0.15,4248.3,UPI,3,0
ORD000265,CUST0241,Kolkata,2024-01-16,Sports,Gym Gloves,3,399,0.0,1197.0,UPI,3,0
ORD000266,CUST0486,Jaipur,2024-03-15,Books,Python Programming,1,699,0.0,699.0,Credit Card,4,0
ORD000267,CUST1121,Lucknow,2024-04-11,Groceries,Green Tea,1,299,0.05,284.05,Credit Card,4,0
ORD000268,CUST0725,Bangalore,2023-06-11,Home & Kitchen,Coffee Mug,2,249,0.0,498.0,Credit Card,4,0
ORD000269,CUST0541,Ahmedabad,2024-06-05,Sports,Yoga Mat,2,799,0.15,1358.3,Credit Card,1,0
ORD000270,CUST0574,Kolkata,2024-01-28,Clothing,Cotton T-Shirt,4,499,0.0,1996.0,Debit Card,5,0
ORD000271,CUST0706,Ahmedabad,2023-11-26,Beauty,Face Serum,4,999,0.0,3996.0,UPI,4,0
ORD000272,CUST1181,Pune,2024-05-29,Groceries,Basmati Rice 5kg,3,499,0.0,1497.0,Credit Card,5,0
ORD000273,CUST1345,Delhi,2023-03-12,Clothing,Denim Jeans,1,1299,0.05,1234.05,UPI,5,0
ORD000274,CUST1441,Ahmedabad,2024-07-20,Beauty,Hair Mask,3,399,0.0,1197.0,UPI,4,0
ORD000275,CUST1184,Kolkata,2024-09-29,Clothing,Formal Shirt,3,899,0.15,2292.45,UPI,4,0
ORD000276,CUST0476,Jaipur,2024-07-13,Sports,Water Jug,2,599,0.15,1018.3,Debit Card,5,0
ORD000277,CUST1054,Pune,2023-08-27,Clothing,Cotton T-Shirt,4,499,0.0,1996.0,Credit Card,4,0
ORD000278,CUST0662,Bangalore,2023-11-11,Groceries,Basmati Rice 5kg,4,499,0.2,1596.8,Cash on Delivery,3,0
ORD000279,CUST0394,Hyderabad,2023-05-26,Clothing,Sneakers,4,2499,0.0,9996.0,Credit Card,5,0
ORD000280,CUST1260,Chennai,2024-01-17,Electronics,Phone Charger,4,599,0.15,2036.6,Credit Card,4,0
ORD000281,CUST0063,Kolkata,2024-02-08,Sports,Yoga Mat,2,799,0.15,1358.3,Net Banking,2,0
ORD000282,CUST1357,Jaipur,2023-09-25,Books,Data Science Guide,2,899,0.0,1798.0,Net Banking,5,0
ORD000283,CUST0708,Kolkata,2023-10-06,Books,Business Strategy,3,599,0.05,1707.15,Debit Card,4,0
ORD000284,CUST0991,Lucknow,2023-04-19,Clothing,Jacket,1,2999,0.0,2999.0,Net Banking,3,0
ORD000285,CUST1018,Hyderabad,2024-01-02,Groceries,Protein Bar Pack,1,699,0.1,629.1,Debit Card,5,0
ORD000286,CUST1349,Kolkata,2023-05-03,Home & Kitchen,Storage Box,4,299,0.0,1196.0,UPI,3,0
ORD000287,CUST0991,Lucknow,2023-12-02,Beauty,Body Lotion,1,349,0.0,349.0,Debit Card,3,0
ORD000288,CUST0948,Hyderabad,2023-11-03,Groceries,Protein Bar Pack,1,699,0.15,594.15,Debit Card,4,0
ORD000289,CUST0113,Ahmedabad,2024-07-17,Electronics,Laptop Stand,4,1299,0.1,4676.4,Net Banking,4,0
ORD000290,CUST0790,Mumbai,2023-03-05,Electronics,Phone Charger,1,599,0.0,599.0,Debit Card,5,0
ORD000291,CUST0241,Kolkata,2024-12-03,Clothing,Denim Jeans,4,1299,0.0,5196.0,Credit Card,5,0
ORD000292,CUST1121,Lucknow,2023-03-18,Sports,Gym Gloves,3,399,0.2,957.6,Net Banking,1,1
ORD000293,CUST0779,Lucknow,2023-12-06,Beauty,Sunscreen SPF50,1,499,0.2,399.2,Net Banking,3,0
ORD000294,CUST1045,Ahmedabad,2024-02-09,Electronics,Phone Charger,4,599,0.2,1916.8,Net Banking,4,0
ORD000295,CUST0070,Hyderabad,2023-08-08,Books,Self Help,2,449,0.0,898.0,UPI,5,0
ORD000296,CUST0137,Bangalore,2024-09-20,Groceries,Protein Bar Pack,2,699,0.0,1398.0,Debit Card,5,0
ORD000297,CUST1091,Ahmedabad,2024-07-17,Books,Business Strategy,4,599,0.05,2276.2,Credit Card,4,0
ORD000298,CUST0117,Bangalore,2023-07-24,Groceries,Protein Bar Pack,2,699,0.05,1328.1,Cash on Delivery,5,0
ORD000299,CUST0116,Delhi,2024-12-31,Clothing,Jacket,1,2999,0.05,2849.05,Cash on Delivery,4,0
ORD000300,CUST0021,Hyderabad,2024-05-29,Beauty,Lip Balm Pack,3,199,0.1,537.3,UPI,4,0
ORD000301,CUST1441,Ahmedabad,2023-08-13,Clothing,Cotton T-Shirt,3,499,0.1,1347.3,UPI,1,0
ORD000302,CUST1121,Lucknow,2024-08-21,Electronics,Laptop Stand,3,1299,0.2,3117.6,Debit Card,5,0
ORD000303,CUST0519,Ahmedabad,2024-06-30,Electronics,Phone Charger,2,599,0.0,1198.0,Credit Card,5,0
ORD000304,CUST0448,Kolkata,2023-06-27,Beauty,Sunscreen SPF50,4,499,0.0,1996.0,Cash on Delivery,3,0
ORD000305,CUST0514,Mumbai,2024-12-18,Groceries,Mixed Nuts,1,599,0.15,509.15,Cash on Delivery,4,0
ORD000306,CUST1167,Ahmedabad,2024-05-19,Sports,Resistance Bands,2,499,0.2,798.4,Debit Card,4,0
ORD000307,CUST1019,Lucknow,2023-08-27,Home & Kitchen,Air Fryer,1,3999,0.0,3999.0,Credit Card,5,0
ORD000308,CUST0277,Lucknow,2024-09-20,Sports,Water Jug,1,599,0.0,599.0,Debit Card,4,0
ORD000309,CUST0265,Kolkata,2023-01-23,Groceries,Olive Oil,3,799,0.0,2397.0,Debit Card,3,0
ORD000310,CUST0158,Mumbai,2024-01-18,Beauty,Face Serum,3,999,0.0,2997.0,Net Banking,5,0
ORD000311,CUST1019,Lucknow,2023-11-27,Sports,Yoga Mat,3,799,0.0,2397.0,Debit Card,3,0
ORD000312,CUST1155,Bangalore,2023-11-21,Books,Self Help,4,449,0.15,1526.6,Cash on Delivery,3,0
ORD000313,CUST0404,Bangalore,2024-11-12,Books,Fiction Novel,3,299,0.0,897.0,Debit Card,4,0
ORD000314,CUST0036,Delhi,2023-07-01,Home & Kitchen,Storage Box,3,299,0.0,897.0,Cash on Delivery,5,0
ORD000315,CUST0132,Chennai,2024-09-08,Home & Kitchen,Coffee Mug,1,249,0.0,249.0,Cash on Delivery,4,0
ORD000316,CUST1453,Bangalore,2023-05-25,Clothing,Jacket,1,2999,0.05,2849.05,Credit Card,4,0
ORD000317,CUST0447,Pune,2024-10-13,Clothing,Formal Shirt,3,899,0.0,2697.0,Credit Card,5,0
ORD000318,CUST1159,Jaipur,2023-09-29,Beauty,Hair Mask,4,399,0.0,1596.0,Credit Card,4,0
ORD000319,CUST0969,Mumbai,2023-01-02,Groceries,Mixed Nuts,1,599,0.15,509.15,Net Banking,2,0
ORD000320,CUST0552,Bangalore,2023-12-26,Clothing,Sneakers,4,2499,0.05,9496.2,Credit Card,4,0
ORD000321,CUST0314,Chennai,2024-04-07,Beauty,Lip Balm Pack,2,199,0.0,398.0,UPI,2,0
ORD000322,CUST0197,Hyderabad,2023-03-17,Electronics,USB Hub,3,899,0.0,2697.0,Net Banking,4,0
ORD000323,CUST0949,Jaipur,2024-08-31,Clothing,Cotton T-Shirt,1,499,0.0,499.0,Net Banking,5,0
ORD000324,CUST1167,Ahmedabad,2023-06-18,Books,Python Programming,4,699,0.15,2376.6,Net Banking,5,0
ORD000325,CUST1002,Chennai,2023-07-30,Clothing,Cotton T-Shirt,1,499,0.0,499.0,Net Banking,5,0
ORD000326,CUST0804,Ahmedabad,2023-10-16,Books,Fiction Novel,3,299,0.15,762.45,Credit Card,4,0
ORD000327,CUST0070,Hyderabad,2023-02-25,Electronics,Laptop Stand,4,1299,0.0,5196.0,Net Banking,4,0
ORD000328,CUST1454,Chennai,2023-04-10,Electronics,USB Hub,4,899,0.0,3596.0,UPI,1,1
ORD000329,CUST1198,Kolkata,2024-02-12,Electronics,Laptop Stand,1,1299,0.0,1299.0,UPI,4,0
ORD000330,CUST0446,Pune,2024-01-15,Electronics,Webcam,4,2199,0.0,8796.0,UPI,5,0
ORD000331,CUST1469,Delhi,2024-03-26,Clothing,Sneakers,1,2499,0.0,2499.0,Debit Card,4,0
ORD000332,CUST0928,Pune,2024-12-14,Beauty,Hair Mask,1,399,0.0,399.0,Credit Card,5,0
ORD000333,CUST0893,Ahmedabad,2024-08-26,Books,Business Strategy,4,599,0.2,1916.8,Credit Card,4,0
ORD000334,CUST1137,Hyderabad,2024-12-04,Beauty,Lip Balm Pack,4,199,0.1,716.4,Net Banking,5,0
ORD000335,CUST1219,Ahmedabad,2023-03-22,Sports,Resistance Bands,4,499,0.0,1996.0,Credit Card,4,0
ORD000336,CUST1015,Ahmedabad,2024-04-04,Sports,Gym Gloves,2,399,0.0,798.0,Debit Card,3,0
ORD000337,CUST0204,Delhi,2024-03-09,Clothing,Denim Jeans,2,1299,0.0,2598.0,Debit Card,2,0
ORD000338,CUST0504,Jaipur,2023-03-10,Beauty,Sunscreen SPF50,3,499,0.0,1497.0,Cash on Delivery,3,0
ORD000339,CUST1399,Bangalore,2023-10-10,Home & Kitchen,Coffee Mug,3,249,0.2,597.6,Credit Card,4,0
ORD000340,CUST0351,Jaipur,2024-02-29,Beauty,Body Lotion,4,349,0.0,1396.0,Cash on Delivery,3,0
ORD000341,CUST0536,Jaipur,2024-07-30,Sports,Gym Gloves,1,399,0.0,399.0,UPI,5,0
ORD000342,CUST0650,Mumbai,2023-09-28,Beauty,Body Lotion,3,349,0.05,994.65,Net Banking,4,0
ORD000343,CUST0663,Lucknow,2023-06-26,Sports,Gym Gloves,4,399,0.0,1596.0,Debit Card,4,0
ORD000344,CUST0948,Hyderabad,2024-02-10,Sports,Gym Gloves,4,399,0.0,1596.0,UPI,5,0
ORD000345,CUST1425,Chennai,2024-05-01,Books,Data Science Guide,1,899,0.15,764.15,UPI,5,0
ORD000346,CUST0377,Mumbai,2023-10-15,Electronics,USB Hub,3,899,0.0,2697.0,Credit Card,5,0
ORD000347,CUST0197,Hyderabad,2024-03-29,Beauty,Sunscreen SPF50,2,499,0.0,998.0,UPI,5,0
ORD000348,CUST0302,Mumbai,2024-03-28,Groceries,Protein Bar Pack,1,699,0.0,699.0,Net Banking,4,0
ORD000349,CUST1336,Kolkata,2023-02-27,Books,Self Help,3,449,0.2,1077.6,Debit Card,4,0
ORD000350,CUST1003,Lucknow,2024-06-20,Electronics,USB Hub,4,899,0.0,3596.0,Credit Card,5,0
ORD000351,CUST0438,Chennai,2023-03-01,Clothing,Denim Jeans,2,1299,0.2,2078.4,Net Banking,4,0
ORD000352,CUST1224,Pune,2024-01-13,Electronics,USB Hub,2,899,0.0,1798.0,Cash on Delivery,5,0
ORD000353,CUST1305,Delhi,2024-01-17,Home & Kitchen,Air Fryer,1,3999,0.0,3999.0,Net Banking,4,0
ORD000354,CUST1272,Lucknow,2023-06-17,Clothing,Sneakers,3,2499,0.0,7497.0,UPI,5,0
ORD000355,CUST1383,Kolkata,2024-01-31,Books,Python Programming,3,699,0.0,2097.0,Debit Card,2,0
ORD000356,CUST0391,Pune,2023-07-31,Beauty,Sunscreen SPF50,2,499,0.15,848.3,Net Banking,4,0
ORD000357,CUST1147,Pune,2023-05-16,Sports,Yoga Mat,1,799,0.05,759.05,Cash on Delivery,5,0
ORD000358,CUST0706,Ahmedabad,2024-09-14,Beauty,Face Serum,2,999,0.0,1998.0,UPI,5,0
ORD000359,CUST1262,Bangalore,2023-12-24,Books,Business Strategy,4,599,0.05,2276.2,Debit Card,4,0
ORD000360,CUST1105,Ahmedabad,2023-04-15,Home & Kitchen,Storage Box,4,299,0.1,1076.4,UPI,1,0
ORD000361,CUST1172,Jaipur,2024-12-01,Sports,Gym Gloves,3,399,0.0,1197.0,Credit Card,3,0
ORD000362,CUST1013,Jaipur,2023-10-11,Groceries,Mixed Nuts,3,599,0.2,1437.6,UPI,4,0
ORD000363,CUST0269,Kolkata,2024-09-06,Clothing,Denim Jeans,2,1299,0.0,2598.0,UPI,4,0
ORD000364,CUST0820,Bangalore,2024-05-24,Books,Data Science Guide,1,899,0.15,764.15,UPI,5,0
ORD000365,CUST1473,Mumbai,2023-02-06,Home & Kitchen,Knife Set,4,1299,0.15,4416.6,Cash on Delivery,4,0
ORD000366,CUST1415,Pune,2024-12-31,Beauty,Sunscreen SPF50,3,499,0.15,1272.45,Cash on Delivery,4,0
ORD000367,CUST0070,Hyderabad,2023-11-04,Books,Self Help,3,449,0.1,1212.3,Cash on Delivery,5,0
ORD000368,CUST0253,Delhi,2023-05-12,Clothing,Formal Shirt,1,899,0.05,854.05,Cash on Delivery,5,0
ORD000369,CUST0212,Hyderabad,2023-04-02,Beauty,Sunscreen SPF50,3,499,0.15,1272.45,Debit Card,4,0
ORD000370,CUST1104,Delhi,2023-12-06,Books,Business Strategy,4,599,0.2,1916.8,Cash on Delivery,4,0
ORD000371,CUST1229,Pune,2023-02-24,Groceries,Protein Bar Pack,1,699,0.05,664.05,Cash on Delivery,5,0
ORD000372,CUST0325,Delhi,2023-07-19,Sports,Gym Gloves,1,399,0.05,379.05,Net Banking,4,0
ORD000373,CUST0769,Delhi,2023-06-04,Sports,Running Shoes,4,3499,0.0,13996.0,Debit Card,3,0
ORD000374,CUST1260,Chennai,2023-11-20,Groceries,Protein Bar Pack,4,699,0.0,2796.0,Debit Card,5,0
ORD000375,CUST1114,Kolkata,2024-10-08,Beauty,Face Serum,4,999,0.0,3996.0,UPI,5,0
ORD000376,CUST0815,Ahmedabad,2023-10-08,Books,Python Programming,1,699,0.05,664.05,Debit Card,4,0
ORD000377,CUST0910,Mumbai,2023-04-01,Sports,Resistance Bands,4,499,0.2,1596.8,Net Banking,3,0
ORD000378,CUST0772,Delhi,2024-05-03,Books,Self Help,4,449,0.05,1706.2,Credit Card,4,0
ORD000379,CUST0451,Delhi,2023-11-26,Sports,Resistance Bands,3,499,0.0,1497.0,Cash on Delivery,5,0
ORD000380,CUST0858,Lucknow,2023-09-12,Clothing,Cotton T-Shirt,1,499,0.15,424.15,UPI,4,0
ORD000381,CUST1055,Ahmedabad,2024-05-30,Groceries,Olive Oil,1,799,0.05,759.05,Debit Card,4,0
ORD000382,CUST1318,Lucknow,2024-04-11,Electronics,Wireless Earbuds,3,2499,0.0,7497.0,Cash on Delivery,5,0
ORD000383,CUST0990,Hyderabad,2023-05-18,Sports,Running Shoes,4,3499,0.15,11896.6,Net Banking,4,0
ORD000384,CUST1152,Kolkata,2024-02-18,Groceries,Olive Oil,2,799,0.2,1278.4,Debit Card,1,1
ORD000385,CUST0249,Delhi,2024-01-11,Clothing,Cotton T-Shirt,2,499,0.0,998.0,Credit Card,5,0
ORD000386,CUST0708,Kolkata,2023-02-19,Home & Kitchen,Storage Box,1,299,0.1,269.1,Credit Card,5,0
ORD000387,CUST0012,Mumbai,2024-01-25,Electronics,Wireless Earbuds,4,2499,0.05,9496.2,UPI,3,0
ORD000388,CUST0385,Jaipur,2024-12-03,Home & Kitchen,Water Bottle,2,399,0.15,678.3,UPI,5,0
ORD000389,CUST1104,Delhi,2024-09-12,Home & Kitchen,Air Fryer,3,3999,0.1,10797.3,Net Banking,5,0
ORD000390,CUST1481,Kolkata,2023-04-27,Beauty,Face Serum,1,999,0.0,999.0,Net Banking,5,0
ORD000391,CUST0160,Pune,2023-09-27,Clothing,Jacket,2,2999,0.2,4798.4,Debit Card,5,0
ORD000392,CUST0581,Jaipur,2023-02-10,Groceries,Protein Bar Pack,3,699,0.0,2097.0,Debit Card,4,0
ORD000393,CUST1199,Delhi,2023-01-03,Books,Self Help,3,449,0.0,1347.0,Credit Card,1,1
ORD000394,CUST0310,Chennai,2023-04-03,Beauty,Body Lotion,4,349,0.0,1396.0,Credit Card,5,0
ORD000395,CUST0840,Lucknow,2023-08-25,Books,Python Programming,3,699,0.15,1782.45,UPI,4,0
ORD000396,CUST1114,Kolkata,2023-06-28,Groceries,Protein Bar Pack,1,699,0.0,699.0,UPI,5,0
ORD000397,CUST0949,Jaipur,2023-04-29,Groceries,Mixed Nuts,4,599,0.15,2036.6,Credit Card,3,0
ORD000398,CUST0280,Pune,2024-01-02,Electronics,Phone Charger,2,599,0.0,1198.0,Cash on Delivery,5,0
ORD000399,CUST0522,Hyderabad,2023-12-17,Groceries,Basmati Rice 5kg,3,499,0.2,1197.6,Net Banking,3,0
ORD000400,CUST1181,Pune,2024-01-30,Home & Kitchen,Knife Set,3,1299,0.2,3117.6,Net Banking,5,0
ORD000401,CUST0839,Chennai,2023-05-16,Beauty,Lip Balm Pack,2,199,0.0,398.0,Credit Card,5,0
ORD000402,CUST0008,Jaipur,2024-08-27,Beauty,Sunscreen SPF50,1,499,0.05,474.05,Cash on Delivery,4,0
ORD000403,CUST1151,Pune,2024-01-24,Books,Self Help,2,449,0.1,808.2,Cash on Delivery,5,0
ORD000404,CUST0056,Delhi,2023-04-26,Electronics,Phone Charger,4,599,0.05,2276.2,Net Banking,5,0
ORD000405,CUST1132,Chennai,2023-11-18,Electronics,Wireless Earbuds,3,2499,0.15,6372.45,Cash on Delivery,1,0
ORD000406,CUST0307,Lucknow,2023-12-13,Beauty,Body Lotion,2,349,0.15,593.3,Cash on Delivery,4,0
ORD000407,CUST1443,Chennai,2023-12-21,Electronics,Laptop Stand,2,1299,0.05,2468.1,Net Banking,5,0
ORD000408,CUST0533,Jaipur,2024-10-20,Clothing,Jacket,1,2999,0.0,2999.0,Cash on Delivery,5,0
ORD000409,CUST0489,Chennai,2023-06-19,Beauty,Lip Balm Pack,4,199,0.2,636.8,Debit Card,2,0
ORD000410,CUST0239,Ahmedabad,2023-08-17,Groceries,Mixed Nuts,1,599,0.1,539.1,Net Banking,4,0
ORD000411,CUST0465,Pune,2024-03-30,Home & Kitchen,Water Bottle,1,399,0.05,379.05,Net Banking,5,0
ORD000412,CUST1325,Delhi,2023-05-02,Electronics,Laptop Stand,4,1299,0.0,5196.0,Credit Card,5,0
ORD000413,CUST1496,Lucknow,2024-07-24,Electronics,Laptop Stand,4,1299,0.0,5196.0,Credit Card,4,0
ORD000414,CUST0533,Jaipur,2024-07-29,Beauty,Body Lotion,3,349,0.1,942.3,Net Banking,4,0
ORD000415,CUST0681,Lucknow,2023-08-17,Groceries,Mixed Nuts,1,599,0.2,479.2,UPI,5,0
ORD000416,CUST1102,Jaipur,2024-11-03,Sports,Gym Gloves,4,399,0.15,1356.6,Net Banking,4,0
ORD000417,CUST1335,Kolkata,2023-12-16,Electronics,Wireless Earbuds,2,2499,0.0,4998.0,UPI,4,0
ORD000418,CUST0918,Kolkata,2023-04-19,Sports,Gym Gloves,3,399,0.15,1017.45,Debit Card,2,1
ORD000419,CUST0569,Jaipur,2024-09-17,Beauty,Lip Balm Pack,1,199,0.0,199.0,Credit Card,3,0
ORD000420,CUST0613,Bangalore,2023-07-15,Beauty,Lip Balm Pack,2,199,0.05,378.1,Credit Card,5,0
ORD000421,CUST1062,Hyderabad,2024-11-19,Beauty,Lip Balm Pack,1,199,0.15,169.15,Net Banking,4,0
ORD000422,CUST0003,Chennai,2023-01-05,Home & Kitchen,Coffee Mug,2,249,0.05,473.1,Credit Card,4,0
ORD000423,CUST0954,Mumbai,2023-07-01,Sports,Water Jug,4,599,0.1,2156.4,Debit Card,5,0
ORD000424,CUST0523,Kolkata,2024-11-04,Books,Data Science Guide,1,899,0.05,854.05,UPI,5,0
ORD000425,CUST1196,Ahmedabad,2024-12-10,Sports,Water Jug,4,599,0.1,2156.4,UPI,5,0
ORD000426,CUST0151,Bangalore,2023-05-17,Home & Kitchen,Storage Box,3,299,0.05,852.15,Cash on Delivery,3,0
ORD000427,CUST0906,Lucknow,2024-12-19,Books,Fiction Novel,3,299,0.2,717.6,UPI,4,0
ORD000428,CUST0733,Chennai,2023-08-03,Books,Fiction Novel,2,299,0.0,598.0,UPI,5,0
ORD000429,CUST0999,Chennai,2024-10-27,Books,Business Strategy,2,599,0.15,1018.3,Debit Card,5,0
ORD000430,CUST0108,Kolkata,2023-04-29,Sports,Gym Gloves,3,399,0.15,1017.45,Cash on Delivery,5,0
ORD000431,CUST0892,Jaipur,2024-06-30,Home & Kitchen,Coffee Mug,4,249,0.15,846.6,Net Banking,4,0
ORD000432,CUST0850,Hyderabad,2024-01-26,Beauty,Face Serum,1,999,0.0,999.0,Credit Card,3,0
ORD000433,CUST0848,Delhi,2024-11-30,Clothing,Formal Shirt,2,899,0.0,1798.0,Credit Card,4,0
ORD000434,CUST0932,Kolkata,2024-07-08,Books,Business Strategy,2,599,0.2,958.4,Credit Card,2,0
ORD000435,CUST1038,Jaipur,2024-10-24,Sports,Gym Gloves,2,399,0.15,678.3,Debit Card,4,0
ORD000436,CUST1209,Bangalore,2024-02-01,Sports,Running Shoes,1,3499,0.05,3324.05,UPI,4,0
ORD000437,CUST0412,Bangalore,2023-09-15,Sports,Yoga Mat,1,799,0.15,679.15,Net Banking,4,0
ORD000438,CUST1239,Ahmedabad,2024-08-25,Beauty,Sunscreen SPF50,3,499,0.2,1197.6,Cash on Delivery,4,0
ORD000439,CUST0759,Pune,2023-07-01,Clothing,Denim Jeans,3,1299,0.05,3702.15,Credit Card,5,0
ORD000440,CUST0122,Kolkata,2023-02-11,Clothing,Denim Jeans,1,1299,0.05,1234.05,Cash on Delivery,4,0
ORD000441,CUST0095,Ahmedabad,2023-09-19,Groceries,Olive Oil,2,799,0.1,1438.2,Debit Card,1,0
ORD000442,CUST0500,Ahmedabad,2023-02-22,Electronics,Phone Charger,3,599,0.1,1617.3,Cash on Delivery,5,0
ORD000443,CUST1181,Pune,2024-08-09,Beauty,Hair Mask,4,399,0.2,1276.8,Credit Card,4,0
ORD000444,CUST1081,Kolkata,2024-06-17,Beauty,Hair Mask,2,399,0.0,798.0,Net Banking,2,0
ORD000445,CUST1186,Delhi,2023-12-24,Sports,Gym Gloves,4,399,0.0,1596.0,Debit Card,4,0
ORD000446,CUST0787,Pune,2023-10-28,Books,Business Strategy,3,599,0.0,1797.0,Cash on Delivery,4,0
ORD000447,CUST0672,Lucknow,2024-11-15,Sports,Water Jug,1,599,0.0,599.0,Debit Card,4,0
ORD000448,CUST0236,Hyderabad,2024-11-29,Books,Fiction Novel,2,299,0.0,598.0,Net Banking,5,0
ORD000449,CUST0490,Hyderabad,2024-07-07,Beauty,Face Serum,4,999,0.0,3996.0,Credit Card,5,0
ORD000450,CUST0654,Bangalore,2023-02-14,Sports,Running Shoes,4,3499,0.05,13296.2,Debit Card,4,0
ORD000451,CUST0141,Jaipur,2023-06-21,Groceries,Green Tea,1,299,0.0,299.0,Cash on Delivery,5,0
ORD000452,CUST0341,Lucknow,2024-11-17,Sports,Yoga Mat,1,799,0.0,799.0,Debit Card,5,0
ORD000453,CUST0922,Pune,2024-07-04,Beauty,Lip Balm Pack,1,199,0.0,199.0,Net Banking,5,0
ORD000454,CUST1118,Kolkata,2024-04-15,Books,Python Programming,2,699,0.0,1398.0,Credit Card,5,0
ORD000455,CUST1499,Delhi,2023-09-15,Electronics,Wireless Earbuds,1,2499,0.0,2499.0,Cash on Delivery,4,0
ORD000456,CUST1407,Hyderabad,2024-02-02,Beauty,Sunscreen SPF50,3,499,0.05,1422.15,Net Banking,4,0
ORD000457,CUST0999,Chennai,2024-11-20,Home & Kitchen,Storage Box,1,299,0.05,284.05,Credit Card,3,0
ORD000458,CUST0628,Kolkata,2024-08-22,Books,Fiction Novel,1,299,0.2,239.2,UPI,2,0
ORD000459,CUST0990,Hyderabad,2024-12-03,Sports,Yoga Mat,3,799,0.2,1917.6,Credit Card,4,0
ORD000460,CUST1182,Chennai,2024-11-07,Groceries,Protein Bar Pack,4,699,0.05,2656.2,Debit Card,2,1
ORD000461,CUST0192,Delhi,2023-05-28,Clothing,Sneakers,3,2499,0.15,6372.45,UPI,4,0
ORD000462,CUST0609,Pune,2023-02-12,Electronics,Webcam,2,2199,0.0,4398.0,Cash on Delivery,1,0
ORD000463,CUST1256,Pune,2023-12-19,Sports,Yoga Mat,3,799,0.0,2397.0,Cash on Delivery,4,0
ORD000464,CUST0553,Ahmedabad,2024-09-23,Clothing,Denim Jeans,2,1299,0.0,2598.0,Debit Card,5,0
ORD000465,CUST0870,Hyderabad,2024-07-16,Electronics,Phone Charger,1,599,0.2,479.2,Cash on Delivery,4,0
ORD000466,CUST0906,Lucknow,2023-04-11,Electronics,USB Hub,1,899,0.0,899.0,Cash on Delivery,3,0
ORD000467,CUST0276,Mumbai,2024-11-18,Home & Kitchen,Storage Box,3,299,0.0,897.0,Credit Card,5,0
ORD000468,CUST0530,Kolkata,2023-11-22,Groceries,Green Tea,1,299,0.0,299.0,UPI,4,0
ORD000469,CUST0500,Ahmedabad,2024-08-03,Sports,Running Shoes,2,3499,0.1,6298.2,UPI,4,0
ORD000470,CUST0047,Delhi,2023-09-10,Home & Kitchen,Water Bottle,1,399,0.0,399.0,Net Banking,5,0
ORD000471,CUST0044,Mumbai,2023-12-06,Groceries,Mixed Nuts,2,599,0.15,1018.3,Net Banking,5,0
ORD000472,CUST1244,Mumbai,2024-07-18,Home & Kitchen,Storage Box,3,299,0.05,852.15,Cash on Delivery,3,0
ORD000473,CUST0413,Delhi,2023-07-21,Electronics,USB Hub,2,899,0.1,1618.2,Credit Card,4,0
ORD000474,CUST0790,Mumbai,2024-06-03,Books,Python Programming,1,699,0.2,559.2,Cash on Delivery,5,0
ORD000475,CUST0451,Delhi,2024-07-18,Sports,Water Jug,2,599,0.0,1198.0,Cash on Delivery,4,0
ORD000476,CUST1420,Bangalore,2023-08-17,Home & Kitchen,Water Bottle,3,399,0.05,1137.15,Cash on Delivery,5,0
ORD000477,CUST0399,Kolkata,2024-05-28,Books,Business Strategy,2,599,0.05,1138.1,Net Banking,4,0
ORD000478,CUST0647,Mumbai,2023-09-02,Groceries,Green Tea,1,299,0.15,254.15,Cash on Delivery,5,0
ORD000479,CUST1317,Kolkata,2023-06-13,Books,Data Science Guide,2,899,0.05,1708.1,Cash on Delivery,3,0
ORD000480,CUST1262,Bangalore,2023-02-11,Books,Data Science Guide,4,899,0.0,3596.0,Net Banking,4,0
ORD000481,CUST0278,Jaipur,2023-08-28,Clothing,Cotton T-Shirt,3,499,0.0,1497.0,UPI,2,1
ORD000482,CUST1206,Delhi,2023-02-10,Home & Kitchen,Knife Set,4,1299,0.0,5196.0,UPI,5,0
ORD000483,CUST0701,Bangalore,2023-09-27,Electronics,Webcam,3,2199,0.2,5277.6,Cash on Delivery,4,0
ORD000484,CUST0736,Jaipur,2024-08-24,Clothing,Sneakers,4,2499,0.0,9996.0,Credit Card,5,0
ORD000485,CUST0215,Lucknow,2024-06-12,Sports,Running Shoes,4,3499,0.0,13996.0,UPI,4,0
ORD000486,CUST0128,Jaipur,2023-05-23,Home & Kitchen,Knife Set,1,1299,0.1,1169.1,Debit Card,4,0
ORD000487,CUST1105,Ahmedabad,2023-06-03,Electronics,Webcam,3,2199,0.0,6597.0,UPI,3,0
ORD000488,CUST0756,Ahmedabad,2023-12-05,Sports,Yoga Mat,2,799,0.05,1518.1,Net Banking,5,0
ORD000489,CUST0662,Bangalore,2024-08-27,Books,Self Help,4,449,0.0,1796.0,Net Banking,3,0
ORD000490,CUST1108,Chennai,2024-08-10,Electronics,Phone Charger,1,599,0.0,599.0,Debit Card,4,0
ORD000491,CUST1156,Jaipur,2023-05-31,Books,Fiction Novel,1,299,0.1,269.1,Debit Card,2,1
ORD000492,CUST0248,Jaipur,2024-11-08,Sports,Water Jug,1,599,0.15,509.15,Credit Card,5,0
ORD000493,CUST0942,Jaipur,2024-05-08,Clothing,Sneakers,4,2499,0.2,7996.8,Net Banking,3,0
ORD000494,CUST0218,Hyderabad,2024-11-06,Sports,Resistance Bands,2,499,0.1,898.2,Debit Card,4,0
ORD000495,CUST1141,Delhi,2024-08-27,Books,Business Strategy,4,599,0.1,2156.4,Debit Card,2,1
ORD000496,CUST1015,Ahmedabad,2024-05-31,Electronics,Wireless Earbuds,2,2499,0.1,4498.2,Debit Card,5,0
ORD000497,CUST1441,Ahmedabad,2024-09-21,Sports,Yoga Mat,2,799,0.05,1518.1,Cash on Delivery,4,0
ORD000498,CUST0115,Mumbai,2024-11-06,Sports,Yoga Mat,1,799,0.05,759.05,Cash on Delivery,3,0
ORD000499,CUST0093,Pune,2024-03-06,Sports,Yoga Mat,4,799,0.1,2876.4,Credit Card,4,0
ORD000500,CUST0428,Chennai,2024-05-08,Books,Fiction Novel,4,299,0.0,1196.0,Net Banking,5,0
ORD000501,CUST0402,Hyderabad,2023-05-18,Groceries,Green Tea,1,299,0.05,284.05,Debit Card,4,0
ORD000502,CUST0385,Jaipur,2024-07-10,Beauty,Face Serum,3,999,0.1,2697.3,Debit Card,4,0
ORD000503,CUST1363,Mumbai,2023-01-08,Electronics,Wireless Earbuds,1,2499,0.1,2249.1,Debit Card,4,0
ORD000504,CUST0389,Mumbai,2023-04-20,Books,Business Strategy,4,599,0.0,2396.0,Cash on Delivery,3,0
ORD000505,CUST0413,Delhi,2024-01-10,Groceries,Mixed Nuts,4,599,0.1,2156.4,Net Banking,5,0
ORD000506,CUST1150,Chennai,2024-07-24,Beauty,Sunscreen SPF50,4,499,0.1,1796.4,UPI,4,0
ORD000507,CUST0681,Lucknow,2023-11-11,Sports,Gym Gloves,4,399,0.0,1596.0,Net Banking,4,0
ORD000508,CUST1172,Jaipur,2023-08-24,Books,Data Science Guide,1,899,0.15,764.15,Debit Card,4,0
ORD000509,CUST0108,Kolkata,2023-12-13,Electronics,Phone Charger,4,599,0.2,1916.8,Cash on Delivery,5,0
ORD000510,CUST0744,Ahmedabad,2024-10-13,Books,Python Programming,2,699,0.05,1328.1,Debit Card,1,1
ORD000511,CUST0054,Lucknow,2023-03-07,Home & Kitchen,Coffee Mug,4,249,0.0,996.0,UPI,4,0
ORD000512,CUST0105,Lucknow,2024-01-29,Electronics,Webcam,1,2199,0.15,1869.15,Net Banking,5,0
ORD000513,CUST1364,Chennai,2024-09-03,Sports,Gym Gloves,3,399,0.15,1017.45,Debit Card,2,0
ORD000514,CUST0222,Delhi,2023-07-26,Books,Self Help,4,449,0.0,1796.0,Cash on Delivery,5,0
ORD000515,CUST0807,Pune,2024-09-05,Groceries,Olive Oil,1,799,0.2,639.2,Debit Card,4,0
ORD000516,CUST0610,Kolkata,2023-09-02,Sports,Resistance Bands,1,499,0.0,499.0,Debit Card,5,0
ORD000517,CUST0513,Mumbai,2024-11-16,Electronics,USB Hub,4,899,0.0,3596.0,Cash on Delivery,4,0
ORD000518,CUST1356,Jaipur,2024-12-21,Clothing,Jacket,1,2999,0.15,2549.15,UPI,2,1
ORD000519,CUST0037,Delhi,2023-10-11,Books,Fiction Novel,3,299,0.0,897.0,Debit Card,4,0
ORD000520,CUST1023,Mumbai,2023-06-29,Home & Kitchen,Knife Set,1,1299,0.0,1299.0,Credit Card,4,0
ORD000521,CUST1449,Mumbai,2023-04-30,Sports,Yoga Mat,3,799,0.0,2397.0,UPI,5,0
ORD000522,CUST0848,Delhi,2024-03-29,Sports,Gym Gloves,3,399,0.15,1017.45,Cash on Delivery,5,0
ORD000523,CUST1410,Ahmedabad,2024-04-14,Home & Kitchen,Water Bottle,3,399,0.2,957.6,Cash on Delivery,5,0
ORD000524,CUST0087,Pune,2023-09-22,Beauty,Face Serum,4,999,0.0,3996.0,Debit Card,2,0
ORD000525,CUST0620,Mumbai,2023-12-28,Books,Data Science Guide,3,899,0.05,2562.15,Credit Card,4,0
ORD000526,CUST0399,Kolkata,2023-04-06,Books,Business Strategy,2,599,0.0,1198.0,UPI,4,0
ORD000527,CUST1109,Kolkata,2023-11-18,Electronics,Webcam,2,2199,0.05,4178.1,Cash on Delivery,4,0
ORD000528,CUST1469,Delhi,2023-07-24,Groceries,Olive Oil,2,799,0.05,1518.1,Debit Card,4,0
ORD000529,CUST0396,Delhi,2023-07-27,Beauty,Hair Mask,2,399,0.0,798.0,Cash on Delivery,5,0
ORD000530,CUST1012,Jaipur,2023-03-22,Groceries,Olive Oil,1,799,0.0,799.0,Net Banking,5,0
ORD000531,CUST0303,Lucknow,2024-05-08,Sports,Yoga Mat,1,799,0.2,639.2,UPI,4,0
ORD000532,CUST0859,Ahmedabad,2023-07-07,Home & Kitchen,Coffee Mug,3,249,0.05,709.65,Cash on Delivery,5,0
ORD000533,CUST0711,Pune,2024-08-13,Groceries,Protein Bar Pack,2,699,0.2,1118.4,Cash on Delivery,3,0
ORD000534,CUST1458,Mumbai,2023-02-03,Beauty,Lip Balm Pack,4,199,0.1,716.4,Net Banking,4,0
ORD000535,CUST0938,Chennai,2024-12-16,Beauty,Sunscreen SPF50,4,499,0.0,1996.0,UPI,4,0
ORD000536,CUST0514,Mumbai,2023-08-04,Books,Python Programming,1,699,0.15,594.15,Credit Card,4,0
ORD000537,CUST0186,Ahmedabad,2024-07-15,Groceries,Mixed Nuts,3,599,0.0,1797.0,UPI,4,0
ORD000538,CUST0242,Bangalore,2023-07-08,Home & Kitchen,Coffee Mug,3,249,0.0,747.0,Debit Card,4,0
ORD000539,CUST0352,Bangalore,2024-02-15,Home & Kitchen,Storage Box,3,299,0.2,717.6,Debit Card,4,0
ORD000540,CUST0390,Chennai,2023-04-13,Sports,Resistance Bands,2,499,0.2,798.4,Debit Card,5,0
ORD000541,CUST1279,Kolkata,2023-05-30,Sports,Water Jug,4,599,0.0,2396.0,Debit Card,5,0
ORD000542,CUST0849,Bangalore,2024-05-26,Home & Kitchen,Air Fryer,2,3999,0.05,7598.1,Cash on Delivery,3,0
ORD000543,CUST0797,Chennai,2023-09-14,Sports,Running Shoes,4,3499,0.0,13996.0,Cash on Delivery,4,0
ORD000544,CUST0187,Jaipur,2023-06-17,Electronics,Laptop Stand,1,1299,0.15,1104.15,Net Banking,2,0
ORD000545,CUST1302,Delhi,2023-12-09,Beauty,Face Serum,4,999,0.15,3396.6,UPI,4,0
ORD000546,CUST1102,Jaipur,2023-01-21,Sports,Gym Gloves,3,399,0.0,1197.0,UPI,4,0
ORD000547,CUST0114,Delhi,2024-08-12,Beauty,Body Lotion,2,349,0.1,628.2,Cash on Delivery,5,0
ORD000548,CUST1081,Kolkata,2024-11-20,Clothing,Formal Shirt,3,899,0.0,2697.0,Net Banking,4,0
ORD000549,CUST0815,Ahmedabad,2024-10-08,Electronics,Laptop Stand,3,1299,0.05,3702.15,Debit Card,5,0
ORD000550,CUST0130,Delhi,2024-09-19,Books,Business Strategy,4,599,0.15,2036.6,Credit Card,4,0
ORD000551,CUST0701,Bangalore,2023-11-18,Electronics,Phone Charger,3,599,0.0,1797.0,UPI,4,0
ORD000552,CUST0738,Delhi,2024-03-31,Books,Business Strategy,4,599,0.0,2396.0,UPI,5,0
ORD000553,CUST0257,Ahmedabad,2023-06-21,Books,Fiction Novel,4,299,0.05,1136.2,Credit Card,3,0
ORD000554,CUST1426,Ahmedabad,2024-12-18,Clothing,Denim Jeans,3,1299,0.15,3312.45,Debit Card,5,0
ORD000555,CUST1278,Bangalore,2023-03-07,Clothing,Sneakers,1,2499,0.0,2499.0,Net Banking,5,0
ORD000556,CUST1026,Kolkata,2024-02-11,Sports,Yoga Mat,1,799,0.2,639.2,Credit Card,4,0
ORD000557,CUST0708,Kolkata,2024-11-01,Electronics,USB Hub,2,899,0.0,1798.0,Net Banking,5,0
ORD000558,CUST0612,Ahmedabad,2023-10-18,Groceries,Olive Oil,2,799,0.15,1358.3,Debit Card,4,0
ORD000559,CUST1008,Jaipur,2023-02-05,Clothing,Jacket,2,2999,0.0,5998.0,UPI,5,0
ORD000560,CUST0821,Lucknow,2024-07-07,Beauty,Lip Balm Pack,4,199,0.2,636.8,Cash on Delivery,5,0
ORD000561,CUST0105,Lucknow,2024-09-03,Home & Kitchen,Water Bottle,2,399,0.1,718.2,Cash on Delivery,4,0
ORD000562,CUST0779,Lucknow,2024-05-08,Home & Kitchen,Coffee Mug,3,249,0.0,747.0,Credit Card,4,0
ORD000563,CUST1210,Kolkata,2023-09-24,Home & Kitchen,Storage Box,3,299,0.05,852.15,Credit Card,3,0
ORD000564,CUST0706,Ahmedabad,2023-10-21,Electronics,Webcam,2,2199,0.0,4398.0,Credit Card,4,0
ORD000565,CUST0086,Mumbai,2023-01-10,Books,Self Help,4,449,0.0,1796.0,UPI,5,0
ORD000566,CUST1183,Lucknow,2024-01-18,Sports,Resistance Bands,1,499,0.1,449.1,Cash on Delivery,3,0
ORD000567,CUST0306,Lucknow,2024-10-23,Home & Kitchen,Knife Set,2,1299,0.0,2598.0,Net Banking,4,0
ORD000568,CUST0397,Pune,2024-10-02,Clothing,Formal Shirt,1,899,0.05,854.05,Cash on Delivery,4,0
ORD000569,CUST0253,Delhi,2024-06-28,Beauty,Hair Mask,3,399,0.15,1017.45,Net Banking,5,0
ORD000570,CUST0492,Lucknow,2023-10-24,Clothing,Cotton T-Shirt,2,499,0.0,998.0,Net Banking,3,0
ORD000571,CUST1148,Bangalore,2024-09-29,Sports,Water Jug,3,599,0.15,1527.45,UPI,4,0
ORD000572,CUST0790,Mumbai,2023-01-23,Electronics,Phone Charger,1,599,0.1,539.1,Credit Card,3,0
ORD000573,CUST0314,Chennai,2024-03-24,Groceries,Mixed Nuts,2,599,0.15,1018.3,Debit Card,5,0
ORD000574,CUST1325,Delhi,2023-08-11,Electronics,Phone Charger,1,599,0.05,569.05,UPI,4,0
ORD000575,CUST1329,Kolkata,2024-12-14,Beauty,Lip Balm Pack,3,199,0.05,567.15,UPI,5,0
ORD000576,CUST1314,Lucknow,2024-02-06,Electronics,Phone Charger,1,599,0.0,599.0,Debit Card,2,0
ORD000577,CUST0368,Mumbai,2023-01-13,Beauty,Hair Mask,4,399,0.2,1276.8,Debit Card,3,0
ORD000578,CUST0685,Pune,2023-02-04,Home & Kitchen,Knife Set,2,1299,0.15,2208.3,Credit Card,3,0
ORD000579,CUST1473,Mumbai,2024-11-28,Sports,Resistance Bands,4,499,0.05,1896.2,UPI,5,0
ORD000580,CUST1164,Chennai,2024-05-07,Clothing,Cotton T-Shirt,1,499,0.0,499.0,Debit Card,5,0
ORD000581,CUST0049,Delhi,2023-08-30,Groceries,Basmati Rice 5kg,2,499,0.0,998.0,UPI,5,0
ORD000582,CUST0108,Kolkata,2023-05-03,Electronics,Phone Charger,3,599,0.1,1617.3,Debit Card,4,0
ORD000583,CUST0711,Pune,2024-09-02,Electronics,Wireless Earbuds,4,2499,0.15,8496.6,Credit Card,3,0
ORD000584,CUST1368,Delhi,2024-12-03,Clothing,Denim Jeans,4,1299,0.0,5196.0,Credit Card,5,0
ORD000585,CUST0812,Delhi,2024-07-03,Electronics,USB Hub,2,899,0.15,1528.3,Debit Card,5,0
ORD000586,CUST0758,Jaipur,2024-10-22,Home & Kitchen,Water Bottle,3,399,0.1,1077.3,Net Banking,5,0
ORD000587,CUST0173,Ahmedabad,2024-01-22,Books,Data Science Guide,1,899,0.15,764.15,Debit Card,4,0
ORD000588,CUST1015,Ahmedabad,2024-03-24,Groceries,Basmati Rice 5kg,4,499,0.15,1696.6,Cash on Delivery,4,0
ORD000589,CUST1235,Kolkata,2023-07-11,Books,Self Help,2,449,0.1,808.2,UPI,4,0
ORD000590,CUST0550,Jaipur,2024-09-05,Books,Self Help,3,449,0.2,1077.6,Cash on Delivery,5,0
ORD000591,CUST1171,Kolkata,2023-10-30,Clothing,Cotton T-Shirt,2,499,0.05,948.1,Cash on Delivery,5,0
ORD000592,CUST1449,Mumbai,2024-10-15,Groceries,Protein Bar Pack,1,699,0.2,559.2,Debit Card,4,0
ORD000593,CUST0309,Pune,2024-09-27,Electronics,Webcam,3,2199,0.2,5277.6,Credit Card,4,0
ORD000594,CUST0797,Chennai,2024-06-20,Books,Fiction Novel,4,299,0.0,1196.0,Cash on Delivery,5,0
ORD000595,CUST0439,Bangalore,2024-02-24,Clothing,Jacket,3,2999,0.0,8997.0,Credit Card,5,0
ORD000596,CUST1192,Pune,2023-05-13,Electronics,Webcam,1,2199,0.0,2199.0,Credit Card,3,0
ORD000597,CUST0885,Ahmedabad,2023-04-12,Clothing,Cotton T-Shirt,4,499,0.0,1996.0,Net Banking,2,0
ORD000598,CUST0987,Jaipur,2024-01-11,Books,Self Help,3,449,0.0,1347.0,Credit Card,4,0
ORD000599,CUST1198,Kolkata,2023-03-23,Electronics,Phone Charger,4,599,0.2,1916.8,Credit Card,4,0
ORD000600,CUST0575,Bangalore,2024-01-13,Groceries,Green Tea,4,299,0.2,956.8,Credit Card,5,0
ORD000601,CUST1374,Hyderabad,2023-02-11,Beauty,Body Lotion,3,349,0.1,942.3,UPI,5,0
ORD000602,CUST0807,Pune,2023-08-25,Electronics,Phone Charger,1,599,0.0,599.0,Debit Card,4,0
ORD000603,CUST0248,Jaipur,2024-10-02,Clothing,Jacket,2,2999,0.1,5398.2,Cash on Delivery,5,0
ORD000604,CUST1062,Hyderabad,2023-04-19,Books,Fiction Novel,4,299,0.15,1016.6,Cash on Delivery,5,0
ORD000605,CUST1194,Hyderabad,2023-06-20,Groceries,Protein Bar Pack,4,699,0.0,2796.0,Cash on Delivery,5,0
ORD000606,CUST0476,Jaipur,2023-06-11,Home & Kitchen,Coffee Mug,3,249,0.15,634.95,Cash on Delivery,4,0
ORD000607,CUST1299,Ahmedabad,2023-11-29,Home & Kitchen,Storage Box,3,299,0.1,807.3,Net Banking,5,0
ORD000608,CUST1363,Mumbai,2023-09-04,Beauty,Lip Balm Pack,3,199,0.1,537.3,Debit Card,4,0
ORD000609,CUST0420,Pune,2024-04-08,Home & Kitchen,Coffee Mug,3,249,0.0,747.0,Net Banking,4,0
ORD000610,CUST1472,Kolkata,2023-01-17,Electronics,Wireless Earbuds,3,2499,0.1,6747.3,UPI,4,0
ORD000611,CUST0227,Kolkata,2023-11-19,Electronics,USB Hub,2,899,0.0,1798.0,UPI,1,0
ORD000612,CUST0306,Lucknow,2023-02-08,Sports,Gym Gloves,2,399,0.0,798.0,Debit Card,4,0
ORD000613,CUST0276,Mumbai,2023-09-13,Clothing,Formal Shirt,3,899,0.1,2427.3,UPI,4,0
ORD000614,CUST1349,Kolkata,2023-08-11,Electronics,Webcam,4,2199,0.1,7916.4,UPI,5,0
ORD000615,CUST1012,Jaipur,2024-12-07,Beauty,Lip Balm Pack,2,199,0.05,378.1,Credit Card,5,0
ORD000616,CUST0242,Bangalore,2024-08-13,Sports,Running Shoes,1,3499,0.15,2974.15,Credit Card,4,0
ORD000617,CUST0672,Lucknow,2024-03-20,Beauty,Hair Mask,3,399,0.2,957.6,Credit Card,4,0
ORD000618,CUST0949,Jaipur,2024-10-09,Beauty,Sunscreen SPF50,1,499,0.15,424.15,UPI,4,0
ORD000619,CUST0135,Chennai,2024-08-01,Sports,Yoga Mat,3,799,0.1,2157.3,Cash on Delivery,3,0
ORD000620,CUST1334,Ahmedabad,2024-11-20,Books,Data Science Guide,2,899,0.0,1798.0,Net Banking,5,0
ORD000621,CUST1206,Delhi,2024-03-18,Home & Kitchen,Coffee Mug,1,249,0.0,249.0,Net Banking,4,0
ORD000622,CUST0768,Hyderabad,2024-05-02,Clothing,Denim Jeans,3,1299,0.0,3897.0,Credit Card,4,0
ORD000623,CUST1453,Bangalore,2024-02-13,Sports,Water Jug,3,599,0.0,1797.0,Debit Card,4,0
ORD000624,CUST0619,Lucknow,2023-07-22,Beauty,Sunscreen SPF50,4,499,0.1,1796.4,Cash on Delivery,4,0
ORD000625,CUST1472,Kolkata,2023-03-15,Clothing,Jacket,2,2999,0.0,5998.0,Net Banking,4,0
ORD000626,CUST1025,Ahmedabad,2024-11-18,Groceries,Green Tea,1,299,0.0,299.0,UPI,4,0
ORD000627,CUST0987,Jaipur,2024-08-31,Groceries,Olive Oil,3,799,0.0,2397.0,UPI,5,0
ORD000628,CUST0257,Ahmedabad,2023-05-30,Clothing,Formal Shirt,4,899,0.1,3236.4,Debit Card,4,0
ORD000629,CUST1332,Kolkata,2023-03-29,Clothing,Formal Shirt,2,899,0.2,1438.4,Credit Card,3,0
ORD000630,CUST0646,Mumbai,2023-10-22,Clothing,Jacket,2,2999,0.2,4798.4,Credit Card,1,0
ORD000631,CUST0250,Mumbai,2023-12-06,Groceries,Protein Bar Pack,4,699,0.0,2796.0,Cash on Delivery,4,0
ORD000632,CUST0023,Kolkata,2024-05-09,Clothing,Denim Jeans,3,1299,0.1,3507.3,Debit Card,5,0
ORD000633,CUST0848,Delhi,2024-11-10,Books,Python Programming,4,699,0.1,2516.4,UPI,4,0
ORD000634,CUST0800,Delhi,2024-12-14,Clothing,Cotton T-Shirt,3,499,0.0,1497.0,Credit Card,5,0
ORD000635,CUST1099,Mumbai,2024-11-07,Home & Kitchen,Air Fryer,1,3999,0.05,3799.05,UPI,4,0
ORD000636,CUST1343,Bangalore,2024-10-26,Beauty,Face Serum,1,999,0.0,999.0,Net Banking,4,0
ORD000637,CUST0127,Chennai,2024-09-03,Sports,Yoga Mat,3,799,0.05,2277.15,Debit Card,4,0
ORD000638,CUST1111,Ahmedabad,2024-12-30,Clothing,Jacket,4,2999,0.1,10796.4,Cash on Delivery,1,1
ORD000639,CUST0279,Mumbai,2023-06-10,Groceries,Mixed Nuts,4,599,0.05,2276.2,UPI,1,0
ORD000640,CUST1300,Kolkata,2023-10-10,Books,Business Strategy,2,599,0.1,1078.2,UPI,5,0
ORD000641,CUST1229,Pune,2023-06-05,Home & Kitchen,Air Fryer,3,3999,0.0,11997.0,Net Banking,4,0
ORD000642,CUST0814,Kolkata,2024-01-27,Books,Data Science Guide,1,899,0.15,764.15,Cash on Delivery,4,0
ORD000643,CUST1085,Bangalore,2024-08-09,Beauty,Sunscreen SPF50,4,499,0.0,1996.0,UPI,3,0
ORD000644,CUST0474,Kolkata,2023-05-15,Sports,Running Shoes,4,3499,0.1,12596.4,Debit Card,4,0
ORD000645,CUST0718,Lucknow,2023-05-22,Sports,Gym Gloves,2,399,0.2,638.4,Cash on Delivery,4,0
ORD000646,CUST1231,Pune,2024-08-01,Clothing,Sneakers,2,2499,0.15,4248.3,UPI,5,0
ORD000647,CUST0706,Ahmedabad,2023-11-22,Electronics,Webcam,1,2199,0.0,2199.0,Debit Card,5,0
ORD000648,CUST0524,Ahmedabad,2024-02-26,Books,Python Programming,3,699,0.05,1992.15,UPI,4,0
ORD000649,CUST0752,Hyderabad,2023-07-09,Clothing,Denim Jeans,1,1299,0.0,1299.0,Cash on Delivery,1,0
ORD000650,CUST1241,Hyderabad,2023-08-26,Groceries,Green Tea,2,299,0.1,538.2,Credit Card,4,0
ORD000651,CUST0500,Ahmedabad,2024-05-29,Groceries,Basmati Rice 5kg,4,499,0.0,1996.0,Net Banking,5,0
ORD000652,CUST0265,Kolkata,2024-02-01,Books,Business Strategy,2,599,0.2,958.4,Debit Card,4,0
ORD000653,CUST1086,Delhi,2024-02-23,Clothing,Denim Jeans,2,1299,0.0,2598.0,Credit Card,5,0
ORD000654,CUST1239,Ahmedabad,2024-11-18,Groceries,Protein Bar Pack,2,699,0.15,1188.3,Debit Card,5,0
ORD000655,CUST0162,Hyderabad,2024-09-23,Electronics,Phone Charger,4,599,0.2,1916.8,UPI,4,0
ORD000656,CUST0376,Jaipur,2024-02-19,Beauty,Lip Balm Pack,2,199,0.05,378.1,Cash on Delivery,5,0
ORD000657,CUST0228,Ahmedabad,2024-09-18,Books,Self Help,3,449,0.05,1279.65,Cash on Delivery,5,0
ORD000658,CUST0513,Mumbai,2023-04-22,Sports,Gym Gloves,1,399,0.1,359.1,Credit Card,4,0
ORD000659,CUST0684,Mumbai,2023-02-10,Clothing,Jacket,4,2999,0.15,10196.6,Cash on Delivery,4,0
ORD000660,CUST1138,Lucknow,2024-03-26,Beauty,Face Serum,2,999,0.0,1998.0,UPI,4,0
ORD000661,CUST1008,Jaipur,2024-03-08,Beauty,Hair Mask,4,399,0.0,1596.0,Credit Card,4,0
ORD000662,CUST0957,Jaipur,2024-10-23,Books,Fiction Novel,2,299,0.05,568.1,Cash on Delivery,4,0
ORD000663,CUST0519,Ahmedabad,2024-02-28,Electronics,Phone Charger,2,599,0.05,1138.1,Credit Card,4,0
ORD000664,CUST1262,Bangalore,2023-04-03,Clothing,Sneakers,2,2499,0.05,4748.1,Debit Card,4,0
ORD000665,CUST0718,Lucknow,2024-12-24,Books,Python Programming,1,699,0.0,699.0,UPI,4,0
ORD000666,CUST1467,Jaipur,2024-06-07,Electronics,Webcam,4,2199,0.15,7476.6,Debit Card,5,0
ORD000667,CUST0987,Jaipur,2023-06-24,Home & Kitchen,Coffee Mug,4,249,0.0,996.0,Cash on Delivery,5,0
ORD000668,CUST0200,Mumbai,2023-05-29,Beauty,Sunscreen SPF50,2,499,0.2,798.4,Credit Card,3,0
ORD000669,CUST1038,Jaipur,2024-04-01,Home & Kitchen,Storage Box,3,299,0.15,762.45,Debit Card,4,0
ORD000670,CUST0486,Jaipur,2024-09-29,Electronics,Phone Charger,2,599,0.0,1198.0,Credit Card,5,0
ORD000671,CUST1053,Kolkata,2023-01-06,Home & Kitchen,Knife Set,4,1299,0.1,4676.4,Net Banking,5,0
ORD000672,CUST0115,Mumbai,2024-02-24,Clothing,Denim Jeans,4,1299,0.05,4936.2,Cash on Delivery,4,0
ORD000673,CUST0266,Chennai,2023-10-12,Sports,Yoga Mat,2,799,0.1,1438.2,Cash on Delivery,5,0
ORD000674,CUST1295,Chennai,2023-06-01,Beauty,Sunscreen SPF50,1,499,0.0,499.0,Debit Card,2,1
ORD000675,CUST0356,Hyderabad,2023-03-31,Beauty,Face Serum,3,999,0.0,2997.0,Debit Card,2,0
ORD000676,CUST1250,Delhi,2024-08-15,Clothing,Formal Shirt,2,899,0.05,1708.1,Credit Card,4,0
ORD000677,CUST0422,Hyderabad,2024-01-24,Electronics,USB Hub,3,899,0.0,2697.0,Net Banking,5,0
ORD000678,CUST0999,Chennai,2024-04-27,Beauty,Body Lotion,1,349,0.0,349.0,UPI,3,0
ORD000679,CUST1061,Chennai,2023-08-03,Groceries,Green Tea,4,299,0.1,1076.4,Cash on Delivery,5,0
ORD000680,CUST0780,Jaipur,2024-12-06,Electronics,Wireless Earbuds,1,2499,0.05,2374.05,UPI,5,0
ORD000681,CUST0465,Pune,2024-06-22,Home & Kitchen,Coffee Mug,3,249,0.0,747.0,Cash on Delivery,4,0
ORD000682,CUST0325,Delhi,2024-10-09,Groceries,Olive Oil,4,799,0.1,2876.4,Debit Card,4,0
ORD000683,CUST0054,Lucknow,2023-01-02,Sports,Resistance Bands,3,499,0.0,1497.0,Net Banking,3,0
ORD000684,CUST0463,Kolkata,2024-09-22,Books,Python Programming,2,699,0.2,1118.4,Net Banking,5,0
ORD000685,CUST1012,Jaipur,2024-10-14,Electronics,USB Hub,3,899,0.1,2427.3,Debit Card,4,0
ORD000686,CUST1416,Lucknow,2023-03-11,Books,Business Strategy,3,599,0.2,1437.6,Cash on Delivery,4,0
ORD000687,CUST1314,Lucknow,2024-12-03,Sports,Running Shoes,1,3499,0.0,3499.0,Net Banking,4,0
ORD000688,CUST1156,Jaipur,2023-06-29,Books,Fiction Novel,1,299,0.2,239.2,UPI,3,0
ORD000689,CUST1186,Delhi,2023-02-06,Books,Self Help,4,449,0.2,1436.8,Net Banking,5,0
ORD000690,CUST1024,Pune,2024-02-28,Clothing,Sneakers,3,2499,0.05,7122.15,Credit Card,5,0
ORD000691,CUST0400,Lucknow,2024-11-25,Beauty,Body Lotion,3,349,0.1,942.3,Cash on Delivery,4,0
ORD000692,CUST1365,Lucknow,2023-12-29,Electronics,Phone Charger,3,599,0.2,1437.6,Credit Card,2,1
ORD000693,CUST1028,Bangalore,2024-09-12,Groceries,Protein Bar Pack,2,699,0.1,1258.2,Cash on Delivery,4,0
ORD000694,CUST0848,Delhi,2023-02-02,Electronics,USB Hub,3,899,0.15,2292.45,Credit Card,4,0
ORD000695,CUST0183,Chennai,2023-11-06,Home & Kitchen,Water Bottle,3,399,0.05,1137.15,UPI,4,0
ORD000696,CUST0680,Chennai,2023-02-08,Clothing,Cotton T-Shirt,3,499,0.2,1197.6,Credit Card,5,0
ORD000697,CUST0706,Ahmedabad,2024-05-09,Home & Kitchen,Coffee Mug,1,249,0.2,199.2,Debit Card,5,0
ORD000698,CUST1307,Pune,2024-06-20,Clothing,Formal Shirt,4,899,0.15,3056.6,UPI,4,0
ORD000699,CUST0824,Hyderabad,2023-02-07,Clothing,Cotton T-Shirt,2,499,0.0,998.0,Cash on Delivery,4,0
ORD000700,CUST0550,Jaipur,2024-12-04,Electronics,Wireless Earbuds,3,2499,0.0,7497.0,Credit Card,5,0
ORD000701,CUST1465,Hyderabad,2024-06-17,Groceries,Protein Bar Pack,1,699,0.0,699.0,UPI,5,0
ORD000702,CUST0183,Chennai,2023-08-03,Electronics,Webcam,3,2199,0.15,5607.45,Debit Card,4,0
ORD000703,CUST0631,Ahmedabad,2024-03-27,Groceries,Mixed Nuts,3,599,0.2,1437.6,UPI,5,0
ORD000704,CUST0070,Hyderabad,2023-01-16,Clothing,Denim Jeans,3,1299,0.0,3897.0,Cash on Delivery,5,0
ORD000705,CUST1123,Chennai,2023-12-25,Sports,Yoga Mat,2,799,0.1,1438.2,UPI,4,0
ORD000706,CUST1380,Chennai,2023-03-14,Clothing,Formal Shirt,2,899,0.0,1798.0,UPI,4,0
ORD000707,CUST0426,Kolkata,2023-01-30,Sports,Water Jug,1,599,0.0,599.0,Credit Card,4,0
ORD000708,CUST1300,Kolkata,2024-03-12,Electronics,Laptop Stand,1,1299,0.0,1299.0,Cash on Delivery,4,0
ORD000709,CUST0446,Pune,2023-12-07,Sports,Water Jug,3,599,0.0,1797.0,Cash on Delivery,5,0
ORD000710,CUST1368,Delhi,2024-12-16,Electronics,Laptop Stand,2,1299,0.0,2598.0,Net Banking,4,0
ORD000711,CUST1146,Lucknow,2023-08-18,Groceries,Protein Bar Pack,4,699,0.0,2796.0,Cash on Delivery,3,0
ORD000712,CUST1208,Jaipur,2024-12-17,Groceries,Mixed Nuts,4,599,0.0,2396.0,UPI,5,0
ORD000713,CUST0034,Hyderabad,2023-01-31,Beauty,Hair Mask,4,399,0.05,1516.2,Net Banking,2,1
ORD000714,CUST1449,Mumbai,2023-12-23,Home & Kitchen,Water Bottle,3,399,0.2,957.6,Debit Card,5,0
ORD000715,CUST1105,Ahmedabad,2023-04-20,Sports,Yoga Mat,4,799,0.2,2556.8,Credit Card,4,0
ORD000716,CUST0465,Pune,2024-08-27,Beauty,Hair Mask,4,399,0.05,1516.2,Cash on Delivery,4,0
ORD000717,CUST1242,Lucknow,2024-01-29,Clothing,Jacket,2,2999,0.05,5698.1,Cash on Delivery,2,1
ORD000718,CUST0428,Chennai,2024-12-11,Home & Kitchen,Knife Set,3,1299,0.1,3507.3,Credit Card,4,0
ORD000719,CUST1317,Kolkata,2024-08-29,Books,Fiction Novel,4,299,0.0,1196.0,UPI,4,0
ORD000720,CUST0184,Kolkata,2023-11-12,Sports,Yoga Mat,4,799,0.0,3196.0,Credit Card,5,0
ORD000721,CUST1077,Kolkata,2024-05-21,Sports,Yoga Mat,4,799,0.0,3196.0,Credit Card,5,0
ORD000722,CUST0814,Kolkata,2024-10-13,Electronics,Phone Charger,2,599,0.1,1078.2,Debit Card,5,0
ORD000723,CUST0155,Lucknow,2023-10-26,Books,Data Science Guide,4,899,0.1,3236.4,Cash on Delivery,4,0
ORD000724,CUST0379,Delhi,2023-11-21,Home & Kitchen,Water Bottle,2,399,0.15,678.3,UPI,4,0
ORD000725,CUST0021,Hyderabad,2023-01-09,Home & Kitchen,Storage Box,1,299,0.1,269.1,Cash on Delivery,5,0
ORD000726,CUST0717,Ahmedabad,2024-01-14,Home & Kitchen,Water Bottle,3,399,0.0,1197.0,Credit Card,5,0
ORD000727,CUST0454,Hyderabad,2023-10-16,Electronics,Webcam,3,2199,0.0,6597.0,Debit Card,5,0
ORD000728,CUST0923,Kolkata,2023-11-22,Home & Kitchen,Coffee Mug,4,249,0.15,846.6,Net Banking,5,0
ORD000729,CUST0448,Kolkata,2023-06-27,Home & Kitchen,Knife Set,2,1299,0.15,2208.3,Debit Card,4,0
ORD000730,CUST0454,Hyderabad,2024-03-03,Sports,Water Jug,3,599,0.2,1437.6,Debit Card,3,0
ORD000731,CUST1125,Kolkata,2023-01-17,Clothing,Cotton T-Shirt,1,499,0.15,424.15,Net Banking,3,0
ORD000732,CUST0077,Bangalore,2023-05-21,Books,Self Help,2,449,0.0,898.0,Net Banking,5,0
ORD000733,CUST1358,Pune,2023-07-04,Beauty,Lip Balm Pack,4,199,0.1,716.4,Net Banking,4,0
ORD000734,CUST1282,Delhi,2023-08-20,Sports,Water Jug,4,599,0.0,2396.0,Cash on Delivery,3,0
ORD000735,CUST1025,Ahmedabad,2023-08-31,Electronics,Webcam,4,2199,0.2,7036.8,UPI,5,0
ORD000736,CUST0918,Kolkata,2023-02-08,Home & Kitchen,Coffee Mug,3,249,0.0,747.0,UPI,4,0
ORD000737,CUST1345,Delhi,2023-03-23,Electronics,Webcam,4,2199,0.15,7476.6,Cash on Delivery,3,0
ORD000738,CUST0277,Lucknow,2023-03-22,Beauty,Hair Mask,4,399,0.1,1436.4,Cash on Delivery,4,0
ORD000739,CUST0127,Chennai,2024-11-10,Electronics,Phone Charger,4,599,0.15,2036.6,Credit Card,5,0
ORD000740,CUST0374,Jaipur,2023-02-24,Books,Fiction Novel,3,299,0.1,807.3,Cash on Delivery,5,0
ORD000741,CUST1196,Ahmedabad,2024-06-08,Beauty,Face Serum,4,999,0.05,3796.2,Cash on Delivery,5,0
ORD000742,CUST0055,Hyderabad,2023-10-29,Books,Business Strategy,4,599,0.0,2396.0,Credit Card,4,0
ORD000743,CUST0893,Ahmedabad,2024-07-31,Books,Fiction Novel,3,299,0.15,762.45,Net Banking,4,0
ORD000744,CUST1492,Kolkata,2023-10-26,Sports,Resistance Bands,1,499,0.15,424.15,Cash on Delivery,5,0
ORD000745,CUST1295,Chennai,2023-05-10,Electronics,USB Hub,4,899,0.0,3596.0,UPI,4,0
ORD000746,CUST0794,Mumbai,2023-09-21,Groceries,Olive Oil,3,799,0.0,2397.0,Debit Card,1,1
ORD000747,CUST0105,Lucknow,2023-06-29,Sports,Resistance Bands,4,499,0.0,1996.0,Debit Card,4,0
ORD000748,CUST1244,Mumbai,2023-03-28,Home & Kitchen,Water Bottle,1,399,0.0,399.0,Cash on Delivery,5,0
ORD000749,CUST0923,Kolkata,2024-02-27,Beauty,Sunscreen SPF50,4,499,0.2,1596.8,Debit Card,5,0
ORD000750,CUST0187,Jaipur,2024-08-14,Books,Self Help,2,449,0.0,898.0,UPI,5,0
ORD000751,CUST0151,Bangalore,2023-06-21,Electronics,USB Hub,1,899,0.0,899.0,Net Banking,4,0
ORD000752,CUST1368,Delhi,2024-11-30,Groceries,Protein Bar Pack,2,699,0.05,1328.1,Net Banking,5,0
ORD000753,CUST1027,Kolkata,2023-10-23,Groceries,Olive Oil,4,799,0.0,3196.0,Net Banking,5,0
ORD000754,CUST1242,Lucknow,2024-06-28,Home & Kitchen,Storage Box,1,299,0.0,299.0,Net Banking,5,0
ORD000755,CUST1328,Hyderabad,2023-10-01,Sports,Running Shoes,3,3499,0.0,10497.0,UPI,5,0
ORD000756,CUST0870,Hyderabad,2024-11-22,Books,Fiction Novel,4,299,0.05,1136.2,Cash on Delivery,5,0
ORD000757,CUST0788,Bangalore,2024-12-07,Beauty,Sunscreen SPF50,3,499,0.15,1272.45,UPI,5,0
ORD000758,CUST0648,Hyderabad,2023-03-11,Sports,Yoga Mat,1,799,0.2,639.2,Credit Card,1,1
ORD000759,CUST0476,Jaipur,2023-10-18,Books,Self Help,3,449,0.0,1347.0,Credit Card,4,0
ORD000760,CUST0654,Bangalore,2024-08-31,Electronics,Webcam,1,2199,0.0,2199.0,Debit Card,5,0
ORD000761,CUST1167,Ahmedabad,2024-09-11,Sports,Yoga Mat,1,799,0.0,799.0,Cash on Delivery,3,0
ORD000762,CUST0928,Pune,2023-07-08,Beauty,Sunscreen SPF50,1,499,0.15,424.15,Net Banking,4,0
ORD000763,CUST1345,Delhi,2024-03-13,Books,Python Programming,4,699,0.0,2796.0,UPI,5,0
ORD000764,CUST0676,Delhi,2023-03-05,Groceries,Olive Oil,1,799,0.0,799.0,UPI,4,0
ORD000765,CUST0934,Mumbai,2024-03-27,Electronics,USB Hub,3,899,0.0,2697.0,Debit Card,2,0
ORD000766,CUST0982,Kolkata,2024-05-18,Sports,Water Jug,2,599,0.15,1018.3,Cash on Delivery,3,0
ORD000767,CUST0913,Jaipur,2024-10-20,Beauty,Lip Balm Pack,2,199,0.1,358.2,Net Banking,3,0
ORD000768,CUST1075,Pune,2023-03-16,Books,Business Strategy,1,599,0.0,599.0,Net Banking,2,0
ORD000769,CUST0368,Mumbai,2024-10-17,Electronics,Laptop Stand,2,1299,0.15,2208.3,Net Banking,1,1
ORD000770,CUST0779,Lucknow,2024-08-11,Groceries,Olive Oil,3,799,0.05,2277.15,Net Banking,1,0
ORD000771,CUST0170,Jaipur,2023-03-13,Home & Kitchen,Knife Set,4,1299,0.2,4156.8,Credit Card,4,0
ORD000772,CUST0554,Ahmedabad,2024-07-02,Home & Kitchen,Knife Set,1,1299,0.1,1169.1,UPI,5,0
ORD000773,CUST0745,Ahmedabad,2024-10-09,Groceries,Mixed Nuts,4,599,0.0,2396.0,Credit Card,5,0
ORD000774,CUST1012,Jaipur,2024-04-15,Groceries,Green Tea,3,299,0.0,897.0,UPI,5,0
ORD000775,CUST1430,Ahmedabad,2023-02-10,Books,Data Science Guide,2,899,0.1,1618.2,Debit Card,5,0
ORD000776,CUST0924,Pune,2024-12-06,Groceries,Protein Bar Pack,1,699,0.15,594.15,Credit Card,4,0
ORD000777,CUST1125,Kolkata,2023-02-06,Books,Self Help,2,449,0.0,898.0,Cash on Delivery,3,0
ORD000778,CUST0770,Hyderabad,2024-07-07,Clothing,Sneakers,4,2499,0.0,9996.0,Net Banking,5,0
ORD000779,CUST0987,Jaipur,2023-12-14,Sports,Water Jug,1,599,0.0,599.0,Credit Card,2,0
ORD000780,CUST0116,Delhi,2024-10-31,Home & Kitchen,Air Fryer,2,3999,0.2,6398.4,Net Banking,5,0
ORD000781,CUST0394,Hyderabad,2024-08-16,Books,Fiction Novel,2,299,0.15,508.3,Credit Card,4,0
ORD000782,CUST0530,Kolkata,2023-01-20,Electronics,Phone Charger,4,599,0.15,2036.6,Cash on Delivery,4,0
ORD000783,CUST0721,Pune,2023-06-26,Electronics,Phone Charger,2,599,0.0,1198.0,UPI,5,0
ORD000784,CUST0074,Bangalore,2023-06-24,Beauty,Face Serum,4,999,0.1,3596.4,Credit Card,5,0
ORD000785,CUST0227,Kolkata,2024-09-01,Beauty,Face Serum,1,999,0.05,949.05,Debit Card,5,0
ORD000786,CUST0420,Pune,2024-11-25,Electronics,Phone Charger,4,599,0.0,2396.0,Credit Card,4,0
ORD000787,CUST1457,Delhi,2023-08-07,Books,Fiction Novel,2,299,0.0,598.0,Cash on Delivery,5,0
ORD000788,CUST0497,Ahmedabad,2023-10-08,Clothing,Formal Shirt,1,899,0.0,899.0,Net Banking,3,0
ORD000789,CUST0736,Jaipur,2023-09-07,Clothing,Formal Shirt,2,899,0.05,1708.1,Credit Card,5,0
ORD000790,CUST0297,Delhi,2023-06-11,Clothing,Cotton T-Shirt,4,499,0.2,1596.8,Credit Card,1,0
ORD000791,CUST0943,Mumbai,2024-10-29,Electronics,Phone Charger,1,599,0.15,509.15,UPI,4,0
ORD000792,CUST0427,Pune,2023-05-27,Home & Kitchen,Knife Set,2,1299,0.0,2598.0,Cash on Delivery,5,0
ORD000793,CUST0315,Kolkata,2024-09-17,Home & Kitchen,Knife Set,2,1299,0.0,2598.0,Cash on Delivery,5,0
ORD000794,CUST0786,Hyderabad,2023-11-05,Clothing,Sneakers,1,2499,0.15,2124.15,Credit Card,4,0
ORD000795,CUST0008,Jaipur,2024-06-26,Sports,Resistance Bands,2,499,0.0,998.0,Cash on Delivery,5,0
ORD000796,CUST0012,Mumbai,2024-10-03,Groceries,Green Tea,2,299,0.05,568.1,UPI,5,0
ORD000797,CUST0337,Bangalore,2023-06-02,Electronics,Phone Charger,1,599,0.2,479.2,Net Banking,5,0
ORD000798,CUST0056,Delhi,2023-02-14,Home & Kitchen,Water Bottle,2,399,0.15,678.3,Debit Card,2,1
ORD000799,CUST0179,Kolkata,2024-04-09,Home & Kitchen,Storage Box,3,299,0.1,807.3,Cash on Delivery,2,0
ORD000800,CUST0504,Jaipur,2024-06-11,Clothing,Denim Jeans,1,1299,0.05,1234.05,Debit Card,3,0
ORD000801,CUST1206,Delhi,2023-07-23,Books,Self Help,3,449,0.05,1279.65,UPI,5,0
ORD000802,CUST0870,Hyderabad,2023-04-11,Clothing,Cotton T-Shirt,3,499,0.0,1497.0,Net Banking,4,0
ORD000803,CUST0780,Jaipur,2023-03-17,Beauty,Sunscreen SPF50,4,499,0.0,1996.0,Net Banking,4,0
ORD000804,CUST0446,Pune,2024-09-16,Electronics,Laptop Stand,2,1299,0.0,2598.0,Net Banking,4,0
ORD000805,CUST1406,Jaipur,2023-07-18,Groceries,Olive Oil,4,799,0.15,2716.6,UPI,5,0
ORD000806,CUST0576,Hyderabad,2024-12-09,Clothing,Formal Shirt,2,899,0.0,1798.0,UPI,4,0
ORD000807,CUST0140,Chennai,2024-03-04,Clothing,Cotton T-Shirt,4,499,0.05,1896.2,UPI,3,0
ORD000808,CUST0951,Lucknow,2024-10-15,Clothing,Formal Shirt,2,899,0.2,1438.4,Debit Card,5,0
ORD000809,CUST0186,Ahmedabad,2024-02-26,Sports,Gym Gloves,2,399,0.0,798.0,Net Banking,5,0
ORD000810,CUST0510,Hyderabad,2024-04-18,Beauty,Sunscreen SPF50,4,499,0.2,1596.8,Net Banking,4,0
ORD000811,CUST0772,Delhi,2024-03-20,Books,Data Science Guide,2,899,0.0,1798.0,Cash on Delivery,4,0
ORD000812,CUST1323,Lucknow,2023-02-15,Clothing,Jacket,1,2999,0.05,2849.05,Cash on Delivery,2,0
ORD000813,CUST0752,Hyderabad,2024-12-14,Electronics,Laptop Stand,4,1299,0.05,4936.2,Net Banking,5,0
ORD000814,CUST1075,Pune,2023-01-13,Home & Kitchen,Water Bottle,1,399,0.1,359.1,Net Banking,5,0
ORD000815,CUST1481,Kolkata,2023-09-02,Clothing,Denim Jeans,3,1299,0.0,3897.0,Credit Card,5,0
ORD000816,CUST0211,Ahmedabad,2024-12-21,Electronics,Laptop Stand,3,1299,0.0,3897.0,Cash on Delivery,4,0
ORD000817,CUST0416,Ahmedabad,2024-04-19,Books,Fiction Novel,1,299,0.05,284.05,Net Banking,5,0
ORD000818,CUST0574,Kolkata,2024-10-10,Clothing,Formal Shirt,4,899,0.15,3056.6,Net Banking,1,0
ORD000819,CUST0628,Kolkata,2024-03-12,Books,Business Strategy,1,599,0.0,599.0,Cash on Delivery,5,0
ORD000820,CUST0610,Kolkata,2024-12-02,Sports,Gym Gloves,2,399,0.2,638.4,UPI,3,0
ORD000821,CUST1365,Lucknow,2023-04-24,Books,Python Programming,3,699,0.0,2097.0,Net Banking,4,0
ORD000822,CUST1089,Lucknow,2023-06-29,Sports,Yoga Mat,3,799,0.0,2397.0,Credit Card,5,0
ORD000823,CUST0938,Chennai,2023-09-02,Sports,Resistance Bands,2,499,0.0,998.0,Net Banking,4,0
ORD000824,CUST0470,Jaipur,2023-08-19,Books,Fiction Novel,2,299,0.2,478.4,UPI,4,0
ORD000825,CUST1237,Hyderabad,2023-03-06,Sports,Water Jug,3,599,0.0,1797.0,Net Banking,4,0
ORD000826,CUST1440,Lucknow,2024-12-27,Home & Kitchen,Coffee Mug,1,249,0.05,236.55,Cash on Delivery,4,0
ORD000827,CUST1231,Pune,2024-11-20,Groceries,Protein Bar Pack,3,699,0.2,1677.6,Credit Card,5,0
ORD000828,CUST0002,Mumbai,2024-02-05,Clothing,Sneakers,1,2499,0.0,2499.0,UPI,5,0
ORD000829,CUST0990,Hyderabad,2023-04-25,Electronics,Wireless Earbuds,2,2499,0.0,4998.0,Net Banking,5,0
ORD000830,CUST0082,Hyderabad,2024-03-02,Clothing,Denim Jeans,1,1299,0.0,1299.0,Cash on Delivery,5,0
ORD000831,CUST0397,Pune,2024-03-30,Clothing,Sneakers,3,2499,0.05,7122.15,Credit Card,5,0
ORD000832,CUST0095,Ahmedabad,2023-08-26,Groceries,Olive Oil,1,799,0.0,799.0,Cash on Delivery,5,0
ORD000833,CUST0932,Kolkata,2023-12-18,Books,Business Strategy,4,599,0.1,2156.4,UPI,5,0
ORD000834,CUST1053,Kolkata,2023-11-08,Home & Kitchen,Coffee Mug,4,249,0.05,946.2,UPI,4,0
ORD000835,CUST0187,Jaipur,2024-01-16,Clothing,Formal Shirt,2,899,0.05,1708.1,Credit Card,5,0
ORD000836,CUST0553,Ahmedabad,2023-06-20,Clothing,Formal Shirt,3,899,0.05,2562.15,Debit Card,5,0
ORD000837,CUST0696,Kolkata,2023-06-29,Books,Fiction Novel,3,299,0.0,897.0,Debit Card,5,0
ORD000838,CUST0534,Ahmedabad,2023-11-21,Clothing,Denim Jeans,1,1299,0.0,1299.0,Net Banking,4,0
ORD000839,CUST0195,Lucknow,2024-07-29,Groceries,Mixed Nuts,2,599,0.0,1198.0,UPI,5,0
ORD000840,CUST0620,Mumbai,2024-07-06,Groceries,Olive Oil,3,799,0.05,2277.15,Cash on Delivery,5,0
ORD000841,CUST1141,Delhi,2024-05-26,Groceries,Basmati Rice 5kg,1,499,0.05,474.05,Net Banking,5,0
ORD000842,CUST0116,Delhi,2024-07-13,Groceries,Olive Oil,1,799,0.15,679.15,UPI,5,0
ORD000843,CUST0128,Jaipur,2024-08-10,Books,Business Strategy,4,599,0.0,2396.0,Cash on Delivery,5,0
ORD000844,CUST0521,Lucknow,2023-04-26,Books,Self Help,3,449,0.15,1144.95,Credit Card,5,0
ORD000845,CUST1420,Bangalore,2023-01-26,Clothing,Jacket,1,2999,0.0,2999.0,Debit Card,4,0
ORD000846,CUST1025,Ahmedabad,2023-02-26,Home & Kitchen,Storage Box,1,299,0.0,299.0,Debit Card,5,0
ORD000847,CUST1043,Bangalore,2023-10-12,Sports,Gym Gloves,2,399,0.2,638.4,Credit Card,3,0
ORD000848,CUST0530,Kolkata,2024-02-08,Sports,Water Jug,1,599,0.1,539.1,UPI,3,0
ORD000849,CUST0918,Kolkata,2024-01-05,Sports,Gym Gloves,1,399,0.15,339.15,Net Banking,4,0
ORD000850,CUST0013,Mumbai,2023-10-19,Groceries,Protein Bar Pack,3,699,0.0,2097.0,UPI,4,0
ORD000851,CUST0990,Hyderabad,2024-03-30,Home & Kitchen,Coffee Mug,1,249,0.0,249.0,Net Banking,5,0
ORD000852,CUST1373,Ahmedabad,2024-03-10,Beauty,Lip Balm Pack,3,199,0.0,597.0,Net Banking,5,0
ORD000853,CUST0945,Ahmedabad,2023-08-01,Clothing,Jacket,1,2999,0.0,2999.0,Cash on Delivery,4,0
ORD000854,CUST1318,Lucknow,2023-01-07,Groceries,Basmati Rice 5kg,4,499,0.0,1996.0,UPI,4,0
ORD000855,CUST1103,Bangalore,2024-08-04,Home & Kitchen,Water Bottle,4,399,0.15,1356.6,Debit Card,5,0
ORD000856,CUST0194,Mumbai,2024-07-21,Clothing,Denim Jeans,4,1299,0.0,5196.0,UPI,4,0
ORD000857,CUST1357,Jaipur,2024-07-26,Beauty,Body Lotion,3,349,0.05,994.65,Debit Card,5,0
ORD000858,CUST0113,Ahmedabad,2023-11-04,Electronics,Wireless Earbuds,2,2499,0.0,4998.0,Net Banking,5,0
ORD000859,CUST0807,Pune,2024-05-18,Electronics,USB Hub,4,899,0.0,3596.0,Debit Card,5,0
ORD000860,CUST0229,Mumbai,2023-03-10,Electronics,Wireless Earbuds,3,2499,0.05,7122.15,UPI,4,0
ORD000861,CUST0019,Mumbai,2023-09-22,Sports,Water Jug,4,599,0.2,1916.8,Net Banking,5,0
ORD000862,CUST0628,Kolkata,2024-08-12,Books,Python Programming,3,699,0.1,1887.3,Cash on Delivery,1,1
ORD000863,CUST0447,Pune,2024-12-10,Electronics,Phone Charger,3,599,0.05,1707.15,Debit Card,3,0
ORD000864,CUST0742,Jaipur,2024-10-13,Electronics,USB Hub,3,899,0.05,2562.15,UPI,5,0
ORD000865,CUST0885,Ahmedabad,2024-10-16,Electronics,USB Hub,3,899,0.1,2427.3,Cash on Delivery,5,0
ORD000866,CUST0071,Chennai,2023-06-21,Clothing,Denim Jeans,1,1299,0.1,1169.1,UPI,4,0
ORD000867,CUST0198,Lucknow,2024-12-15,Beauty,Hair Mask,3,399,0.15,1017.45,Credit Card,5,0
ORD000868,CUST0848,Delhi,2023-05-28,Sports,Gym Gloves,3,399,0.2,957.6,UPI,1,0
ORD000869,CUST0508,Hyderabad,2023-06-16,Beauty,Lip Balm Pack,4,199,0.0,796.0,Debit Card,3,0
ORD000870,CUST1108,Chennai,2024-07-26,Sports,Resistance Bands,2,499,0.2,798.4,Cash on Delivery,5,0
ORD000871,CUST1012,Jaipur,2024-04-16,Beauty,Body Lotion,1,349,0.05,331.55,Credit Card,5,0
ORD000872,CUST1272,Lucknow,2023-12-23,Beauty,Sunscreen SPF50,1,499,0.05,474.05,UPI,4,0
ORD000873,CUST1057,Mumbai,2024-12-27,Clothing,Sneakers,3,2499,0.0,7497.0,Credit Card,4,0
ORD000874,CUST0648,Hyderabad,2023-08-21,Clothing,Denim Jeans,2,1299,0.15,2208.3,Debit Card,4,0
ORD000875,CUST1030,Mumbai,2023-04-25,Clothing,Cotton T-Shirt,4,499,0.15,1696.6,Net Banking,2,0
ORD000876,CUST0419,Ahmedabad,2024-11-06,Electronics,Phone Charger,1,599,0.0,599.0,Credit Card,4,0
ORD000877,CUST0465,Pune,2023-03-09,Home & Kitchen,Air Fryer,3,3999,0.0,11997.0,Credit Card,4,0
ORD000878,CUST1186,Delhi,2023-07-30,Beauty,Face Serum,1,999,0.1,899.1,Debit Card,4,0
ORD000879,CUST0679,Delhi,2023-05-30,Clothing,Formal Shirt,1,899,0.0,899.0,UPI,5,0
ORD000880,CUST1198,Kolkata,2024-05-27,Sports,Running Shoes,3,3499,0.0,10497.0,Cash on Delivery,5,0
ORD000881,CUST1235,Kolkata,2024-08-15,Clothing,Jacket,1,2999,0.0,2999.0,Cash on Delivery,5,0
ORD000882,CUST1299,Ahmedabad,2024-07-04,Clothing,Denim Jeans,3,1299,0.0,3897.0,Debit Card,1,0
ORD000883,CUST1376,Pune,2024-08-26,Sports,Water Jug,3,599,0.15,1527.45,Credit Card,3,0
ORD000884,CUST0649,Hyderabad,2023-08-08,Clothing,Formal Shirt,4,899,0.05,3416.2,Net Banking,4,0
ORD000885,CUST0479,Kolkata,2023-04-23,Electronics,USB Hub,1,899,0.05,854.05,Net Banking,4,0
ORD000886,CUST0893,Ahmedabad,2023-02-11,Beauty,Hair Mask,3,399,0.1,1077.3,Net Banking,3,0
ORD000887,CUST0536,Jaipur,2024-09-06,Electronics,Laptop Stand,3,1299,0.05,3702.15,Net Banking,5,0
ORD000888,CUST0924,Pune,2024-03-14,Clothing,Jacket,4,2999,0.0,11996.0,Credit Card,3,0
ORD000889,CUST1080,Jaipur,2023-01-14,Beauty,Lip Balm Pack,3,199,0.0,597.0,Net Banking,5,0
ORD000890,CUST1054,Pune,2024-06-19,Books,Python Programming,4,699,0.05,2656.2,Credit Card,5,0
ORD000891,CUST0541,Ahmedabad,2024-12-12,Electronics,Phone Charger,4,599,0.05,2276.2,Credit Card,4,0
ORD000892,CUST0257,Ahmedabad,2023-07-23,Books,Data Science Guide,1,899,0.0,899.0,Cash on Delivery,4,0
ORD000893,CUST0648,Hyderabad,2024-03-10,Beauty,Lip Balm Pack,1,199,0.0,199.0,UPI,5,0
ORD000894,CUST0229,Mumbai,2024-10-21,Beauty,Body Lotion,3,349,0.2,837.6,UPI,5,0
ORD000895,CUST1343,Bangalore,2024-06-07,Home & Kitchen,Coffee Mug,4,249,0.05,946.2,Net Banking,4,0
ORD000896,CUST0510,Hyderabad,2024-05-24,Electronics,Wireless Earbuds,3,2499,0.05,7122.15,Debit Card,4,0
ORD000897,CUST0243,Chennai,2023-03-11,Electronics,Wireless Earbuds,1,2499,0.2,1999.2,Credit Card,4,0
ORD000898,CUST0046,Jaipur,2023-11-07,Clothing,Sneakers,3,2499,0.0,7497.0,Credit Card,5,0
ORD000899,CUST1003,Lucknow,2024-04-22,Beauty,Face Serum,4,999,0.2,3196.8,Net Banking,4,0
ORD000900,CUST0991,Lucknow,2023-12-18,Home & Kitchen,Coffee Mug,3,249,0.1,672.3,Cash on Delivery,5,0
ORD000901,CUST0507,Delhi,2023-05-02,Sports,Yoga Mat,1,799,0.05,759.05,UPI,4,0
ORD000902,CUST0117,Bangalore,2023-02-06,Beauty,Lip Balm Pack,4,199,0.05,756.2,UPI,2,0
ORD000903,CUST0607,Mumbai,2023-05-18,Books,Data Science Guide,4,899,0.05,3416.2,Net Banking,4,0
ORD000904,CUST0472,Kolkata,2024-07-21,Home & Kitchen,Air Fryer,4,3999,0.15,13596.6,Cash on Delivery,5,0
ORD000905,CUST1041,Bangalore,2023-02-27,Home & Kitchen,Knife Set,2,1299,0.1,2338.2,Net Banking,4,0
ORD000906,CUST0933,Jaipur,2023-10-19,Sports,Water Jug,3,599,0.2,1437.6,Credit Card,4,0
ORD000907,CUST0532,Bangalore,2024-01-11,Sports,Yoga Mat,2,799,0.2,1278.4,Cash on Delivery,4,0
ORD000908,CUST0337,Bangalore,2024-03-14,Electronics,USB Hub,4,899,0.0,3596.0,UPI,4,0
ORD000909,CUST1477,Lucknow,2023-09-08,Home & Kitchen,Storage Box,1,299,0.15,254.15,UPI,4,0
ORD000910,CUST0688,Pune,2023-11-09,Sports,Yoga Mat,1,799,0.2,639.2,Debit Card,3,0
ORD000911,CUST1054,Pune,2024-04-16,Electronics,Webcam,3,2199,0.0,6597.0,Net Banking,5,0
ORD000912,CUST0227,Kolkata,2023-01-21,Sports,Gym Gloves,4,399,0.0,1596.0,Cash on Delivery,5,0
ORD000913,CUST0740,Kolkata,2024-02-04,Electronics,USB Hub,4,899,0.1,3236.4,Credit Card,4,0
ORD000914,CUST0051,Chennai,2024-11-22,Beauty,Lip Balm Pack,1,199,0.15,169.15,Net Banking,4,0
ORD000915,CUST0768,Hyderabad,2023-11-03,Sports,Running Shoes,2,3499,0.1,6298.2,Net Banking,4,0
ORD000916,CUST1449,Mumbai,2024-07-02,Clothing,Sneakers,1,2499,0.2,1999.2,UPI,4,0
ORD000917,CUST0554,Ahmedabad,2023-08-20,Electronics,USB Hub,4,899,0.2,2876.8,Credit Card,5,0
ORD000918,CUST0064,Chennai,2023-12-11,Books,Fiction Novel,1,299,0.1,269.1,Cash on Delivery,4,0
ORD000919,CUST0053,Pune,2023-08-03,Beauty,Body Lotion,4,349,0.05,1326.2,Credit Card,4,0
ORD000920,CUST0560,Hyderabad,2024-11-10,Books,Business Strategy,3,599,0.05,1707.15,Debit Card,4,0
ORD000921,CUST0249,Delhi,2024-06-11,Home & Kitchen,Knife Set,3,1299,0.1,3507.3,Cash on Delivery,4,0
ORD000922,CUST0042,Lucknow,2024-05-26,Clothing,Cotton T-Shirt,2,499,0.1,898.2,Net Banking,4,0
ORD000923,CUST1148,Bangalore,2024-10-03,Groceries,Green Tea,4,299,0.1,1076.4,Net Banking,2,1
ORD000924,CUST0703,Chennai,2024-12-02,Clothing,Denim Jeans,2,1299,0.15,2208.3,Net Banking,5,0
ORD000925,CUST0442,Mumbai,2023-07-28,Home & Kitchen,Storage Box,1,299,0.15,254.15,UPI,5,0
ORD000926,CUST1356,Jaipur,2024-12-04,Beauty,Hair Mask,2,399,0.0,798.0,Net Banking,5,0
ORD000927,CUST0189,Delhi,2023-01-29,Clothing,Cotton T-Shirt,2,499,0.0,998.0,UPI,4,0
ORD000928,CUST1441,Ahmedabad,2024-10-24,Home & Kitchen,Knife Set,4,1299,0.05,4936.2,Debit Card,5,0
ORD000929,CUST0474,Kolkata,2023-09-22,Clothing,Formal Shirt,2,899,0.0,1798.0,UPI,5,0
ORD000930,CUST1341,Chennai,2023-02-13,Books,Fiction Novel,2,299,0.15,508.3,Net Banking,5,0
ORD000931,CUST0930,Ahmedabad,2023-03-27,Beauty,Face Serum,1,999,0.2,799.2,UPI,4,0
ORD000932,CUST1239,Ahmedabad,2024-11-18,Beauty,Face Serum,4,999,0.0,3996.0,Credit Card,5,0
ORD000933,CUST1472,Kolkata,2024-08-07,Home & Kitchen,Water Bottle,2,399,0.0,798.0,Credit Card,5,0
ORD000934,CUST0442,Mumbai,2023-04-03,Sports,Gym Gloves,3,399,0.05,1137.15,Credit Card,4,0
ORD000935,CUST1448,Mumbai,2024-08-21,Beauty,Hair Mask,3,399,0.2,957.6,Debit Card,5,0
ORD000936,CUST0566,Chennai,2023-06-29,Home & Kitchen,Water Bottle,2,399,0.0,798.0,UPI,4,0
ORD000937,CUST0555,Chennai,2024-08-26,Home & Kitchen,Knife Set,3,1299,0.2,3117.6,Credit Card,2,0
ORD000938,CUST0507,Delhi,2024-11-30,Groceries,Green Tea,4,299,0.05,1136.2,UPI,4,0
ORD000939,CUST0814,Kolkata,2024-01-12,Beauty,Sunscreen SPF50,3,499,0.05,1422.15,Credit Card,5,0
ORD000940,CUST0243,Chennai,2024-11-09,Books,Fiction Novel,1,299,0.2,239.2,Credit Card,5,0
ORD000941,CUST0837,Lucknow,2024-01-29,Books,Data Science Guide,3,899,0.1,2427.3,UPI,4,0
ORD000942,CUST0814,Kolkata,2024-03-29,Beauty,Face Serum,2,999,0.2,1598.4,Net Banking,4,0
ORD000943,CUST1152,Kolkata,2023-08-30,Groceries,Mixed Nuts,1,599,0.2,479.2,Debit Card,4,0
ORD000944,CUST1245,Pune,2023-02-04,Home & Kitchen,Storage Box,4,299,0.2,956.8,Credit Card,4,0
ORD000945,CUST0672,Lucknow,2024-02-27,Beauty,Lip Balm Pack,4,199,0.15,676.6,UPI,5,0
ORD000946,CUST0462,Pune,2023-06-14,Books,Self Help,1,449,0.2,359.2,Cash on Delivery,5,0
ORD000947,CUST0399,Kolkata,2024-07-14,Electronics,USB Hub,4,899,0.1,3236.4,Net Banking,5,0
ORD000948,CUST0294,Delhi,2024-10-18,Books,Python Programming,1,699,0.15,594.15,Net Banking,3,0
ORD000949,CUST0093,Pune,2023-07-24,Beauty,Sunscreen SPF50,1,499,0.05,474.05,UPI,5,0
ORD000950,CUST0508,Hyderabad,2023-09-13,Sports,Yoga Mat,1,799,0.0,799.0,Debit Card,4,0
ORD000951,CUST0412,Bangalore,2023-11-24,Beauty,Body Lotion,4,349,0.2,1116.8,Debit Card,4,0
ORD000952,CUST1452,Hyderabad,2023-10-16,Groceries,Olive Oil,3,799,0.2,1917.6,Net Banking,3,0
ORD000953,CUST0844,Delhi,2024-08-07,Groceries,Olive Oil,4,799,0.05,3036.2,Credit Card,4,0
ORD000954,CUST0513,Mumbai,2024-04-18,Sports,Gym Gloves,2,399,0.0,798.0,Debit Card,3,0
ORD000955,CUST0892,Jaipur,2023-09-24,Electronics,Laptop Stand,4,1299,0.1,4676.4,UPI,3,0
ORD000956,CUST0222,Delhi,2024-06-22,Clothing,Jacket,1,2999,0.0,2999.0,Net Banking,4,0
ORD000957,CUST0676,Delhi,2024-12-31,Beauty,Lip Balm Pack,1,199,0.0,199.0,UPI,4,0
ORD000958,CUST0972,Delhi,2024-03-17,Groceries,Protein Bar Pack,4,699,0.0,2796.0,Cash on Delivery,5,0
ORD000959,CUST0746,Ahmedabad,2023-07-04,Clothing,Formal Shirt,2,899,0.05,1708.1,Debit Card,4,0
ORD000960,CUST0582,Ahmedabad,2024-09-24,Electronics,USB Hub,3,899,0.0,2697.0,Debit Card,4,0
ORD000961,CUST1487,Bangalore,2023-01-11,Groceries,Green Tea,4,299,0.0,1196.0,UPI,4,0
ORD000962,CUST1330,Ahmedabad,2024-01-28,Books,Self Help,2,449,0.15,763.3,Cash on Delivery,5,0
ORD000963,CUST0967,Chennai,2023-03-02,Groceries,Basmati Rice 5kg,1,499,0.1,449.1,Net Banking,2,0
ORD000964,CUST0869,Lucknow,2023-09-17,Groceries,Green Tea,1,299,0.0,299.0,Net Banking,4,0
ORD000965,CUST0957,Jaipur,2024-07-26,Groceries,Protein Bar Pack,3,699,0.0,2097.0,Debit Card,2,1
ORD000966,CUST0306,Lucknow,2023-05-16,Sports,Water Jug,3,599,0.05,1707.15,Cash on Delivery,3,0
ORD000967,CUST0574,Kolkata,2023-11-17,Home & Kitchen,Water Bottle,3,399,0.0,1197.0,UPI,2,1
ORD000968,CUST0066,Pune,2023-09-27,Books,Business Strategy,4,599,0.0,2396.0,UPI,5,0
ORD000969,CUST0725,Bangalore,2023-11-20,Sports,Running Shoes,4,3499,0.0,13996.0,Net Banking,5,0
ORD000970,CUST0815,Ahmedabad,2023-07-13,Beauty,Sunscreen SPF50,4,499,0.0,1996.0,Debit Card,3,0
ORD000971,CUST0356,Hyderabad,2023-06-17,Clothing,Cotton T-Shirt,4,499,0.0,1996.0,Net Banking,5,0
ORD000972,CUST1449,Mumbai,2024-01-01,Electronics,Laptop Stand,1,1299,0.05,1234.05,Cash on Delivery,5,0
ORD000973,CUST1368,Delhi,2023-06-01,Home & Kitchen,Knife Set,4,1299,0.0,5196.0,Credit Card,3,0
ORD000974,CUST1102,Jaipur,2023-06-22,Clothing,Formal Shirt,2,899,0.2,1438.4,UPI,5,0
ORD000975,CUST0807,Pune,2023-01-05,Sports,Gym Gloves,2,399,0.1,718.2,Cash on Delivery,4,0
ORD000976,CUST1313,Lucknow,2024-05-25,Clothing,Sneakers,1,2499,0.0,2499.0,UPI,5,0
ORD000977,CUST0208,Jaipur,2024-01-18,Electronics,USB Hub,1,899,0.05,854.05,Credit Card,4,0
ORD000978,CUST1187,Hyderabad,2023-03-25,Beauty,Hair Mask,2,399,0.0,798.0,Net Banking,4,0
ORD000979,CUST0199,Hyderabad,2023-02-14,Home & Kitchen,Storage Box,1,299,0.0,299.0,Net Banking,5,0
ORD000980,CUST1196,Ahmedabad,2023-02-19,Groceries,Green Tea,2,299,0.0,598.0,UPI,5,0
ORD000981,CUST0419,Ahmedabad,2024-09-08,Groceries,Basmati Rice 5kg,1,499,0.1,449.1,Net Banking,4,0
ORD000982,CUST1325,Delhi,2024-02-13,Groceries,Olive Oil,2,799,0.2,1278.4,Debit Card,3,0
ORD000983,CUST1425,Chennai,2024-10-24,Clothing,Sneakers,4,2499,0.0,9996.0,Debit Card,5,0
ORD000984,CUST0239,Ahmedabad,2024-03-18,Electronics,USB Hub,4,899,0.2,2876.8,UPI,5,0
ORD000985,CUST0710,Chennai,2024-11-12,Books,Fiction Novel,2,299,0.0,598.0,UPI,3,0
ORD000986,CUST1469,Delhi,2024-02-02,Sports,Resistance Bands,4,499,0.05,1896.2,Cash on Delivery,4,0
ORD000987,CUST0736,Jaipur,2024-03-08,Sports,Water Jug,1,599,0.2,479.2,Cash on Delivery,5,0
ORD000988,CUST1306,Delhi,2023-02-11,Clothing,Sneakers,4,2499,0.0,9996.0,Net Banking,4,0
ORD000989,CUST0907,Mumbai,2024-06-23,Books,Data Science Guide,2,899,0.05,1708.1,Cash on Delivery,5,0
ORD000990,CUST0541,Ahmedabad,2023-03-23,Electronics,USB Hub,4,899,0.05,3416.2,Net Banking,5,0
ORD000991,CUST0438,Chennai,2023-11-04,Groceries,Olive Oil,2,799,0.15,1358.3,Cash on Delivery,5,0
ORD000992,CUST0309,Pune,2023-03-20,Home & Kitchen,Storage Box,1,299,0.1,269.1,Cash on Delivery,5,0
ORD000993,CUST1152,Kolkata,2023-04-07,Electronics,Webcam,4,2199,0.05,8356.2,Cash on Delivery,4,0
ORD000994,CUST0559,Ahmedabad,2024-08-22,Beauty,Hair Mask,3,399,0.0,1197.0,Cash on Delivery,3,0
ORD000995,CUST0778,Chennai,2023-07-06,Electronics,Wireless Earbuds,4,2499,0.0,9996.0,Credit Card,5,0
ORD000996,CUST0750,Hyderabad,2024-08-24,Electronics,Laptop Stand,3,1299,0.0,3897.0,Net Banking,5,0
ORD000997,CUST0885,Ahmedabad,2023-07-11,Sports,Running Shoes,3,3499,0.2,8397.6,Credit Card,4,0
ORD000998,CUST1308,Lucknow,2024-11-20,Books,Fiction Novel,3,299,0.2,717.6,Cash on Delivery,3,0
ORD000999,CUST1469,Delhi,2023-01-14,Electronics,Wireless Earbuds,4,2499,0.0,9996.0,Net Banking,3,0
ORD001000,CUST0595,Chennai,2024-09-25,Home & Kitchen,Knife Set,4,1299,0.0,5196.0,Cash on Delivery,5,0
ORD001001,CUST1241,Hyderabad,2023-05-09,Groceries,Protein Bar Pack,3,699,0.0,2097.0,Debit Card,3,0
ORD001002,CUST1155,Bangalore,2023-01-28,Electronics,Wireless Earbuds,2,2499,0.2,3998.4,Debit Card,4,0
ORD001003,CUST0873,Jaipur,2024-10-03,Books,Data Science Guide,4,899,0.2,2876.8,Cash on Delivery,5,0
ORD001004,CUST1441,Ahmedabad,2024-04-19,Clothing,Cotton T-Shirt,3,499,0.2,1197.6,Net Banking,3,0
ORD001005,CUST0306,Lucknow,2024-12-20,Electronics,Wireless Earbuds,2,2499,0.0,4998.0,Net Banking,4,0
ORD001006,CUST0179,Kolkata,2023-09-06,Home & Kitchen,Air Fryer,4,3999,0.1,14396.4,Cash on Delivery,4,0
ORD001007,CUST1288,Delhi,2023-01-09,Beauty,Lip Balm Pack,1,199,0.0,199.0,Net Banking,3,0
ORD001008,CUST0663,Lucknow,2024-05-14,Home & Kitchen,Knife Set,3,1299,0.0,3897.0,Cash on Delivery,4,0
ORD001009,CUST1273,Pune,2023-03-04,Sports,Gym Gloves,4,399,0.0,1596.0,Net Banking,4,0
ORD001010,CUST1348,Delhi,2024-10-25,Sports,Running Shoes,1,3499,0.0,3499.0,Net Banking,4,0
ORD001011,CUST0105,Lucknow,2024-12-15,Electronics,Laptop Stand,3,1299,0.05,3702.15,Debit Card,4,0
ORD001012,CUST1334,Ahmedabad,2024-03-24,Groceries,Olive Oil,4,799,0.0,3196.0,Debit Card,4,0
ORD001013,CUST0680,Chennai,2023-10-28,Sports,Running Shoes,4,3499,0.0,13996.0,Net Banking,5,0
ORD001014,CUST0777,Ahmedabad,2023-06-15,Home & Kitchen,Storage Box,4,299,0.2,956.8,UPI,5,0
ORD001015,CUST0972,Delhi,2023-06-27,Books,Python Programming,4,699,0.0,2796.0,Cash on Delivery,3,0
ORD001016,CUST1396,Pune,2023-11-07,Home & Kitchen,Air Fryer,4,3999,0.05,15196.2,Cash on Delivery,4,0
ORD001017,CUST0035,Pune,2024-01-01,Electronics,Wireless Earbuds,3,2499,0.0,7497.0,Debit Card,5,0
ORD001018,CUST0726,Ahmedabad,2023-03-07,Beauty,Body Lotion,1,349,0.2,279.2,Credit Card,4,0
ORD001019,CUST1054,Pune,2023-08-18,Sports,Resistance Bands,1,499,0.1,449.1,UPI,4,0
ORD001020,CUST1102,Jaipur,2024-07-24,Beauty,Hair Mask,1,399,0.2,319.2,Debit Card,4,0
ORD001021,CUST1057,Mumbai,2023-02-21,Beauty,Body Lotion,1,349,0.15,296.65,Net Banking,5,0
ORD001022,CUST0217,Ahmedabad,2024-09-17,Beauty,Lip Balm Pack,1,199,0.0,199.0,Credit Card,5,0
ORD001023,CUST0453,Lucknow,2023-04-18,Beauty,Body Lotion,1,349,0.1,314.1,Credit Card,3,0
ORD001024,CUST0524,Ahmedabad,2023-10-27,Beauty,Sunscreen SPF50,3,499,0.0,1497.0,Cash on Delivery,5,0
ORD001025,CUST1207,Hyderabad,2024-01-08,Home & Kitchen,Air Fryer,2,3999,0.15,6798.3,Debit Card,4,0
ORD001026,CUST0422,Hyderabad,2023-01-07,Electronics,Phone Charger,4,599,0.05,2276.2,Net Banking,4,0
ORD001027,CUST0322,Ahmedabad,2023-09-30,Groceries,Mixed Nuts,2,599,0.0,1198.0,Net Banking,4,0
ORD001028,CUST1443,Chennai,2024-06-26,Groceries,Olive Oil,2,799,0.2,1278.4,Debit Card,4,0
ORD001029,CUST0012,Mumbai,2024-04-14,Clothing,Sneakers,4,2499,0.05,9496.2,Cash on Delivery,5,0
ORD001030,CUST1497,Kolkata,2023-05-30,Beauty,Hair Mask,1,399,0.05,379.05,Cash on Delivery,5,0
ORD001031,CUST1041,Bangalore,2024-02-16,Electronics,Wireless Earbuds,3,2499,0.0,7497.0,Debit Card,5,0
ORD001032,CUST1241,Hyderabad,2023-02-07,Home & Kitchen,Air Fryer,4,3999,0.2,12796.8,Debit Card,5,0
ORD001033,CUST0447,Pune,2024-02-16,Sports,Yoga Mat,3,799,0.05,2277.15,Cash on Delivery,5,0
ORD001034,CUST0026,Lucknow,2023-01-09,Beauty,Hair Mask,3,399,0.0,1197.0,Cash on Delivery,5,0
ORD001035,CUST1122,Chennai,2024-10-21,Sports,Resistance Bands,4,499,0.05,1896.2,Cash on Delivery,4,0
ORD001036,CUST1246,Hyderabad,2023-12-20,Sports,Gym Gloves,4,399,0.15,1356.6,Net Banking,5,0
ORD001037,CUST1123,Chennai,2023-02-07,Beauty,Sunscreen SPF50,3,499,0.0,1497.0,Net Banking,4,0
ORD001038,CUST0229,Mumbai,2023-04-06,Books,Data Science Guide,3,899,0.0,2697.0,UPI,4,0
ORD001039,CUST1146,Lucknow,2023-01-29,Sports,Running Shoes,2,3499,0.0,6998.0,Cash on Delivery,5,0
ORD001040,CUST1159,Jaipur,2023-11-08,Sports,Running Shoes,2,3499,0.2,5598.4,Cash on Delivery,5,0
ORD001041,CUST1016,Pune,2024-10-04,Electronics,Wireless Earbuds,3,2499,0.0,7497.0,Credit Card,4,0
ORD001042,CUST1156,Jaipur,2024-08-09,Electronics,Wireless Earbuds,4,2499,0.0,9996.0,Net Banking,5,0
ORD001043,CUST1272,Lucknow,2023-11-03,Groceries,Olive Oil,2,799,0.0,1598.0,Cash on Delivery,4,0
ORD001044,CUST0948,Hyderabad,2023-09-11,Books,Data Science Guide,4,899,0.1,3236.4,Cash on Delivery,3,0
ORD001045,CUST0141,Jaipur,2023-04-11,Sports,Resistance Bands,3,499,0.05,1422.15,Net Banking,3,0
ORD001046,CUST0745,Ahmedabad,2023-03-05,Beauty,Lip Balm Pack,1,199,0.0,199.0,Debit Card,4,0
ORD001047,CUST0122,Kolkata,2024-01-14,Home & Kitchen,Water Bottle,4,399,0.0,1596.0,Net Banking,5,0
ORD001048,CUST0595,Chennai,2023-09-28,Sports,Gym Gloves,4,399,0.2,1276.8,Net Banking,4,0
ORD001049,CUST0595,Chennai,2023-06-16,Home & Kitchen,Knife Set,4,1299,0.2,4156.8,Debit Card,3,0
ORD001050,CUST0113,Ahmedabad,2024-06-09,Home & Kitchen,Knife Set,2,1299,0.15,2208.3,Credit Card,5,0
ORD001051,CUST0513,Mumbai,2023-02-03,Books,Data Science Guide,4,899,0.05,3416.2,Cash on Delivery,5,0
ORD001052,CUST0183,Chennai,2023-05-04,Groceries,Basmati Rice 5kg,4,499,0.0,1996.0,UPI,4,0
ORD001053,CUST1214,Kolkata,2024-01-16,Electronics,Webcam,2,2199,0.0,4398.0,UPI,4,0
ORD001054,CUST1428,Ahmedabad,2023-05-27,Groceries,Mixed Nuts,4,599,0.0,2396.0,Cash on Delivery,3,0
ORD001055,CUST0117,Bangalore,2023-08-09,Home & Kitchen,Air Fryer,3,3999,0.0,11997.0,Net Banking,3,0
ORD001056,CUST1440,Lucknow,2023-02-15,Electronics,Wireless Earbuds,3,2499,0.0,7497.0,Cash on Delivery,4,0
ORD001057,CUST0796,Jaipur,2024-01-22,Groceries,Green Tea,4,299,0.0,1196.0,Cash on Delivery,4,0
ORD001058,CUST0454,Hyderabad,2024-04-05,Clothing,Denim Jeans,4,1299,0.2,4156.8,Debit Card,5,0
ORD001059,CUST0122,Kolkata,2024-10-01,Beauty,Hair Mask,1,399,0.2,319.2,Net Banking,5,0
ORD001060,CUST0760,Kolkata,2024-07-07,Home & Kitchen,Water Bottle,4,399,0.0,1596.0,Net Banking,2,0
ORD001061,CUST1196,Ahmedabad,2023-06-19,Books,Business Strategy,1,599,0.2,479.2,Cash on Delivery,5,0
ORD001062,CUST1081,Kolkata,2024-07-26,Books,Business Strategy,1,599,0.15,509.15,Cash on Delivery,3,0
ORD001063,CUST0081,Jaipur,2024-06-18,Sports,Gym Gloves,1,399,0.1,359.1,Net Banking,3,0
ORD001064,CUST0119,Kolkata,2024-06-28,Sports,Yoga Mat,1,799,0.15,679.15,Credit Card,3,0
ORD001065,CUST0582,Ahmedabad,2024-12-23,Groceries,Olive Oil,2,799,0.2,1278.4,Cash on Delivery,5,0
ORD001066,CUST0447,Pune,2024-08-26,Home & Kitchen,Air Fryer,3,3999,0.05,11397.15,Credit Card,2,0
ORD001067,CUST0364,Delhi,2023-01-25,Groceries,Protein Bar Pack,2,699,0.05,1328.1,UPI,5,0
ORD001068,CUST0428,Chennai,2023-04-12,Home & Kitchen,Storage Box,1,299,0.0,299.0,UPI,4,0
ORD001069,CUST1206,Delhi,2023-04-02,Clothing,Denim Jeans,3,1299,0.2,3117.6,Net Banking,3,0
ORD001070,CUST1400,Lucknow,2023-11-30,Books,Data Science Guide,1,899,0.1,809.1,Credit Card,3,0
ORD001071,CUST0590,Lucknow,2023-05-26,Groceries,Protein Bar Pack,1,699,0.0,699.0,UPI,4,0
ORD001072,CUST1363,Mumbai,2023-07-27,Groceries,Protein Bar Pack,1,699,0.0,699.0,Cash on Delivery,4,0
ORD001073,CUST0482,Lucknow,2024-05-31,Sports,Resistance Bands,4,499,0.1,1796.4,Credit Card,4,0
ORD001074,CUST0726,Ahmedabad,2024-07-20,Groceries,Basmati Rice 5kg,3,499,0.05,1422.15,Net Banking,4,0
ORD001075,CUST0352,Bangalore,2023-10-03,Electronics,Laptop Stand,2,1299,0.0,2598.0,Cash on Delivery,4,0
ORD001076,CUST0997,Pune,2024-07-22,Books,Python Programming,2,699,0.2,1118.4,Debit Card,5,0
ORD001077,CUST1467,Jaipur,2023-03-27,Groceries,Green Tea,4,299,0.05,1136.2,Cash on Delivery,5,0
ORD001078,CUST0932,Kolkata,2023-06-22,Clothing,Denim Jeans,3,1299,0.1,3507.3,Cash on Delivery,5,0
ORD001079,CUST0524,Ahmedabad,2023-01-02,Home & Kitchen,Coffee Mug,4,249,0.0,996.0,Cash on Delivery,5,0
ORD001080,CUST1005,Ahmedabad,2024-05-08,Groceries,Olive Oil,1,799,0.0,799.0,UPI,4,0
ORD001081,CUST0198,Lucknow,2024-10-09,Beauty,Lip Balm Pack,3,199,0.2,477.6,Cash on Delivery,4,0
ORD001082,CUST1342,Pune,2024-06-30,Groceries,Basmati Rice 5kg,2,499,0.15,848.3,UPI,4,0
ORD001083,CUST0767,Chennai,2023-05-24,Electronics,Laptop Stand,1,1299,0.2,1039.2,UPI,5,0
ORD001084,CUST0681,Lucknow,2023-12-17,Home & Kitchen,Water Bottle,3,399,0.15,1017.45,Net Banking,5,0
ORD001085,CUST0898,Kolkata,2023-08-04,Groceries,Olive Oil,3,799,0.0,2397.0,Cash on Delivery,4,0
ORD001086,CUST0969,Mumbai,2023-01-03,Groceries,Basmati Rice 5kg,2,499,0.15,848.3,Credit Card,5,0
ORD001087,CUST0117,Bangalore,2024-12-14,Electronics,Phone Charger,4,599,0.1,2156.4,Net Banking,5,0
ORD001088,CUST1049,Kolkata,2023-02-01,Sports,Yoga Mat,1,799,0.1,719.1,Net Banking,5,0
ORD001089,CUST0379,Delhi,2024-01-21,Books,Python Programming,3,699,0.2,1677.6,UPI,5,0
ORD001090,CUST1089,Lucknow,2024-04-18,Home & Kitchen,Water Bottle,1,399,0.0,399.0,Debit Card,4,0
ORD001091,CUST1235,Kolkata,2023-01-21,Home & Kitchen,Air Fryer,2,3999,0.15,6798.3,UPI,5,0
ORD001092,CUST1207,Hyderabad,2023-08-15,Clothing,Cotton T-Shirt,3,499,0.2,1197.6,Net Banking,4,0
ORD001093,CUST0837,Lucknow,2024-12-21,Groceries,Basmati Rice 5kg,3,499,0.05,1422.15,Debit Card,5,0
ORD001094,CUST0792,Bangalore,2023-10-12,Electronics,Phone Charger,4,599,0.0,2396.0,Net Banking,4,0
ORD001095,CUST0229,Mumbai,2024-08-02,Clothing,Jacket,2,2999,0.15,5098.3,Cash on Delivery,5,0
ORD001096,CUST1168,Delhi,2023-05-12,Sports,Resistance Bands,1,499,0.1,449.1,Debit Card,5,0
ORD001097,CUST0413,Delhi,2023-10-08,Groceries,Green Tea,2,299,0.1,538.2,Credit Card,3,0
ORD001098,CUST0756,Ahmedabad,2024-07-27,Books,Fiction Novel,3,299,0.15,762.45,Credit Card,5,0
ORD001099,CUST0433,Kolkata,2024-02-21,Home & Kitchen,Air Fryer,3,3999,0.05,11397.15,Cash on Delivery,4,0
ORD001100,CUST0215,Lucknow,2023-02-14,Home & Kitchen,Knife Set,3,1299,0.1,3507.3,Debit Card,5,0
ORD001101,CUST0977,Bangalore,2024-04-04,Electronics,USB Hub,4,899,0.1,3236.4,Net Banking,4,0
ORD001102,CUST0089,Chennai,2023-01-26,Clothing,Formal Shirt,1,899,0.1,809.1,Debit Card,5,0
ORD001103,CUST1138,Lucknow,2023-07-21,Books,Self Help,1,449,0.0,449.0,UPI,3,0
ORD001104,CUST0478,Hyderabad,2024-03-18,Electronics,Wireless Earbuds,1,2499,0.05,2374.05,Cash on Delivery,5,0
ORD001105,CUST0001,Delhi,2023-04-21,Beauty,Hair Mask,3,399,0.0,1197.0,UPI,4,0
ORD001106,CUST0778,Chennai,2023-08-31,Beauty,Face Serum,3,999,0.1,2697.3,Cash on Delivery,5,0
ORD001107,CUST0076,Hyderabad,2024-04-02,Sports,Water Jug,1,599,0.15,509.15,Credit Card,4,0
ORD001108,CUST0420,Pune,2024-12-11,Electronics,Wireless Earbuds,4,2499,0.0,9996.0,Net Banking,2,1
ORD001109,CUST1081,Kolkata,2023-04-15,Electronics,USB Hub,4,899,0.0,3596.0,Cash on Delivery,5,0
ORD001110,CUST0105,Lucknow,2023-04-09,Electronics,USB Hub,4,899,0.05,3416.2,Net Banking,5,0
ORD001111,CUST1255,Hyderabad,2024-01-29,Clothing,Jacket,1,2999,0.05,2849.05,Net Banking,4,0
ORD001112,CUST0004,Hyderabad,2024-10-28,Sports,Gym Gloves,1,399,0.0,399.0,Credit Card,5,0
ORD001113,CUST0385,Jaipur,2023-07-17,Home & Kitchen,Coffee Mug,3,249,0.1,672.3,Credit Card,3,0
ORD001114,CUST1123,Chennai,2023-05-10,Sports,Yoga Mat,2,799,0.1,1438.2,UPI,5,0
ORD001115,CUST0476,Jaipur,2024-09-27,Groceries,Protein Bar Pack,4,699,0.15,2376.6,Debit Card,4,0
ORD001116,CUST0164,Hyderabad,2023-11-16,Clothing,Cotton T-Shirt,1,499,0.0,499.0,Cash on Delivery,4,0
ORD001117,CUST0525,Kolkata,2024-07-08,Books,Business Strategy,3,599,0.1,1617.3,Debit Card,5,0
ORD001118,CUST0412,Bangalore,2024-01-13,Home & Kitchen,Storage Box,3,299,0.0,897.0,Cash on Delivery,5,0
ORD001119,CUST1264,Chennai,2024-06-03,Sports,Resistance Bands,1,499,0.0,499.0,Cash on Delivery,5,0
ORD001120,CUST0474,Kolkata,2023-07-20,Beauty,Face Serum,4,999,0.0,3996.0,Debit Card,5,0
ORD001121,CUST1186,Delhi,2024-11-14,Beauty,Face Serum,3,999,0.0,2997.0,Net Banking,4,0
ORD001122,CUST1345,Delhi,2023-11-03,Sports,Running Shoes,3,3499,0.1,9447.3,Debit Card,4,0
ORD001123,CUST0654,Bangalore,2023-08-13,Electronics,Laptop Stand,1,1299,0.05,1234.05,Debit Card,5,0
ORD001124,CUST1368,Delhi,2023-08-07,Books,Data Science Guide,4,899,0.1,3236.4,UPI,4,0
ORD001125,CUST0544,Lucknow,2023-07-08,Beauty,Lip Balm Pack,2,199,0.05,378.1,Credit Card,5,0
ORD001126,CUST1449,Mumbai,2023-01-31,Groceries,Basmati Rice 5kg,1,499,0.0,499.0,Debit Card,4,0
ORD001127,CUST0141,Jaipur,2024-08-22,Groceries,Protein Bar Pack,2,699,0.15,1188.3,UPI,5,0
ORD001128,CUST1053,Kolkata,2023-10-18,Electronics,Wireless Earbuds,2,2499,0.0,4998.0,UPI,3,0
ORD001129,CUST0752,Hyderabad,2024-07-21,Books,Data Science Guide,3,899,0.2,2157.6,Debit Card,4,0
ORD001130,CUST0560,Hyderabad,2023-01-22,Electronics,Phone Charger,3,599,0.0,1797.0,Debit Card,5,0
ORD001131,CUST0985,Hyderabad,2023-11-09,Home & Kitchen,Air Fryer,3,3999,0.0,11997.0,UPI,4,0
ORD001132,CUST1078,Bangalore,2024-09-30,Beauty,Hair Mask,2,399,0.1,718.2,Credit Card,5,0
ORD001133,CUST0008,Jaipur,2023-07-14,Electronics,Phone Charger,2,599,0.2,958.4,Net Banking,3,0
ORD001134,CUST0257,Ahmedabad,2024-03-15,Books,Business Strategy,3,599,0.1,1617.3,Debit Card,5,0
ORD001135,CUST1089,Lucknow,2024-07-02,Electronics,Webcam,2,2199,0.2,3518.4,Debit Card,4,0
ORD001136,CUST1024,Pune,2023-10-14,Groceries,Olive Oil,1,799,0.15,679.15,Cash on Delivery,5,0
ORD001137,CUST1452,Hyderabad,2023-03-25,Sports,Water Jug,2,599,0.15,1018.3,Cash on Delivery,5,0
ORD001138,CUST1152,Kolkata,2024-10-22,Electronics,Phone Charger,4,599,0.2,1916.8,UPI,5,0
ORD001139,CUST1430,Ahmedabad,2023-11-26,Home & Kitchen,Coffee Mug,4,249,0.0,996.0,Cash on Delivery,5,0
ORD001140,CUST1075,Pune,2023-10-02,Books,Self Help,4,449,0.05,1706.2,Cash on Delivery,4,0
ORD001141,CUST0451,Delhi,2023-07-27,Books,Python Programming,2,699,0.0,1398.0,Debit Card,4,0
ORD001142,CUST0173,Ahmedabad,2024-01-22,Home & Kitchen,Water Bottle,3,399,0.05,1137.15,UPI,4,0
ORD001143,CUST1179,Delhi,2023-03-28,Groceries,Green Tea,1,299,0.0,299.0,Cash on Delivery,4,0
ORD001144,CUST1002,Chennai,2024-06-08,Groceries,Olive Oil,1,799,0.05,759.05,Net Banking,5,0
ORD001145,CUST0077,Bangalore,2024-01-12,Home & Kitchen,Knife Set,4,1299,0.05,4936.2,UPI,5,0
ORD001146,CUST0525,Kolkata,2024-03-28,Groceries,Protein Bar Pack,1,699,0.0,699.0,Credit Card,4,0
ORD001147,CUST1441,Ahmedabad,2024-05-28,Groceries,Basmati Rice 5kg,3,499,0.2,1197.6,Credit Card,4,0
ORD001148,CUST0760,Kolkata,2023-05-02,Beauty,Hair Mask,2,399,0.0,798.0,Debit Card,2,1
ORD001149,CUST0652,Bangalore,2023-11-06,Groceries,Olive Oil,3,799,0.0,2397.0,UPI,5,0
ORD001150,CUST0700,Kolkata,2024-07-10,Clothing,Jacket,2,2999,0.2,4798.4,Credit Card,5,0
ORD001151,CUST0316,Bangalore,2023-12-21,Beauty,Hair Mask,3,399,0.2,957.6,Net Banking,5,0
ORD001152,CUST0533,Jaipur,2024-10-31,Home & Kitchen,Coffee Mug,1,249,0.05,236.55,Debit Card,4,0
ORD001153,CUST0535,Mumbai,2023-08-03,Beauty,Lip Balm Pack,2,199,0.0,398.0,Cash on Delivery,4,0
ORD001154,CUST0087,Pune,2024-04-17,Sports,Gym Gloves,4,399,0.15,1356.6,Credit Card,4,0
ORD001155,CUST1158,Jaipur,2024-12-15,Groceries,Olive Oil,4,799,0.2,2556.8,Net Banking,4,0
ORD001156,CUST0616,Mumbai,2023-05-23,Home & Kitchen,Coffee Mug,1,249,0.0,249.0,Debit Card,4,0
ORD001157,CUST1235,Kolkata,2024-11-05,Groceries,Basmati Rice 5kg,4,499,0.2,1596.8,UPI,5,0
ORD001158,CUST1278,Bangalore,2024-02-18,Clothing,Sneakers,4,2499,0.15,8496.6,Cash on Delivery,5,0
ORD001159,CUST0325,Delhi,2023-02-02,Groceries,Mixed Nuts,1,599,0.1,539.1,Debit Card,5,0
ORD001160,CUST1016,Pune,2023-07-29,Groceries,Green Tea,4,299,0.05,1136.2,Credit Card,5,0
ORD001161,CUST0720,Kolkata,2023-04-22,Sports,Water Jug,2,599,0.05,1138.1,Net Banking,4,0
ORD001162,CUST1329,Kolkata,2023-04-17,Books,Business Strategy,1,599,0.0,599.0,Debit Card,5,0
ORD001163,CUST0328,Hyderabad,2023-07-11,Electronics,Webcam,4,2199,0.0,8796.0,Net Banking,3,0
ORD001164,CUST1042,Kolkata,2024-11-06,Groceries,Olive Oil,2,799,0.0,1598.0,Net Banking,4,0
ORD001165,CUST0938,Chennai,2023-12-01,Electronics,USB Hub,1,899,0.0,899.0,Net Banking,5,0
ORD001166,CUST0447,Pune,2024-07-03,Home & Kitchen,Water Bottle,1,399,0.0,399.0,Credit Card,4,0
ORD001167,CUST0220,Kolkata,2023-07-30,Home & Kitchen,Water Bottle,2,399,0.2,638.4,Net Banking,4,0
ORD001168,CUST1009,Ahmedabad,2023-07-27,Clothing,Jacket,3,2999,0.1,8097.3,Net Banking,4,0
ORD001169,CUST1122,Chennai,2024-04-01,Groceries,Olive Oil,1,799,0.0,799.0,Debit Card,2,1
ORD001170,CUST0476,Jaipur,2024-04-18,Sports,Running Shoes,4,3499,0.05,13296.2,Credit Card,4,0
ORD001171,CUST1003,Lucknow,2024-12-29,Groceries,Protein Bar Pack,3,699,0.15,1782.45,Net Banking,5,0
ORD001172,CUST0574,Kolkata,2023-07-03,Sports,Resistance Bands,4,499,0.0,1996.0,Net Banking,5,0
ORD001173,CUST1089,Lucknow,2024-08-05,Home & Kitchen,Knife Set,2,1299,0.15,2208.3,Credit Card,3,0
ORD001174,CUST0305,Kolkata,2024-07-04,Clothing,Denim Jeans,3,1299,0.15,3312.45,Credit Card,4,0
ORD001175,CUST1343,Bangalore,2024-07-20,Books,Data Science Guide,4,899,0.05,3416.2,UPI,3,0
ORD001176,CUST0439,Bangalore,2024-04-06,Electronics,Wireless Earbuds,3,2499,0.05,7122.15,Debit Card,3,0
ORD001177,CUST0533,Jaipur,2023-03-16,Sports,Yoga Mat,4,799,0.0,3196.0,Net Banking,5,0
ORD001178,CUST0094,Hyderabad,2023-07-19,Home & Kitchen,Storage Box,4,299,0.2,956.8,Credit Card,4,0
ORD001179,CUST0183,Chennai,2024-11-17,Groceries,Basmati Rice 5kg,2,499,0.0,998.0,Net Banking,5,0
ORD001180,CUST0786,Hyderabad,2024-11-03,Home & Kitchen,Air Fryer,1,3999,0.1,3599.1,Net Banking,4,0
ORD001181,CUST0409,Kolkata,2023-06-15,Clothing,Sneakers,3,2499,0.2,5997.6,Credit Card,3,0
ORD001182,CUST1249,Hyderabad,2023-05-08,Sports,Yoga Mat,2,799,0.0,1598.0,Net Banking,4,0
ORD001183,CUST0028,Mumbai,2023-10-07,Clothing,Cotton T-Shirt,1,499,0.15,424.15,UPI,3,0
ORD001184,CUST0548,Jaipur,2024-06-29,Clothing,Denim Jeans,1,1299,0.15,1104.15,Credit Card,4,0
ORD001185,CUST0502,Delhi,2024-12-07,Beauty,Body Lotion,1,349,0.05,331.55,Credit Card,4,0
ORD001186,CUST0035,Pune,2024-01-22,Sports,Yoga Mat,1,799,0.2,639.2,Debit Card,5,0
ORD001187,CUST0199,Hyderabad,2023-01-17,Groceries,Olive Oil,2,799,0.0,1598.0,Credit Card,4,0
ORD001188,CUST0615,Jaipur,2023-04-09,Groceries,Olive Oil,1,799,0.0,799.0,Debit Card,5,0
ORD001189,CUST0752,Hyderabad,2024-06-08,Books,Data Science Guide,1,899,0.05,854.05,UPI,3,0
ORD001190,CUST0585,Hyderabad,2023-08-01,Groceries,Green Tea,2,299,0.1,538.2,Net Banking,5,0
ORD001191,CUST0805,Ahmedabad,2023-04-19,Home & Kitchen,Air Fryer,2,3999,0.0,7998.0,Debit Card,4,0
ORD001192,CUST0919,Ahmedabad,2024-02-03,Electronics,Laptop Stand,3,1299,0.0,3897.0,Debit Card,4,0
ORD001193,CUST0013,Mumbai,2023-03-10,Electronics,USB Hub,3,899,0.0,2697.0,Net Banking,5,0
ORD001194,CUST0711,Pune,2024-12-30,Groceries,Green Tea,4,299,0.0,1196.0,Cash on Delivery,4,0
ORD001195,CUST1449,Mumbai,2023-11-29,Clothing,Formal Shirt,1,899,0.1,809.1,Net Banking,5,0
ORD001196,CUST0790,Mumbai,2024-10-12,Books,Data Science Guide,3,899,0.0,2697.0,UPI,5,0
ORD001197,CUST1042,Kolkata,2023-01-19,Beauty,Lip Balm Pack,1,199,0.0,199.0,Cash on Delivery,5,0
ORD001198,CUST0472,Kolkata,2024-08-24,Home & Kitchen,Knife Set,2,1299,0.1,2338.2,Credit Card,5,0
ORD001199,CUST1167,Ahmedabad,2023-08-31,Clothing,Cotton T-Shirt,1,499,0.0,499.0,Debit Card,5,0
ORD001200,CUST1166,Delhi,2024-01-19,Sports,Yoga Mat,1,799,0.0,799.0,Debit Card,4,0
ORD001201,CUST0794,Mumbai,2023-02-08,Clothing,Sneakers,2,2499,0.15,4248.3,Cash on Delivery,4,0
ORD001202,CUST1465,Hyderabad,2023-11-22,Home & Kitchen,Storage Box,2,299,0.0,598.0,Credit Card,5,0
ORD001203,CUST0199,Hyderabad,2023-01-25,Sports,Water Jug,3,599,0.2,1437.6,UPI,4,0
ORD001204,CUST0034,Hyderabad,2023-02-25,Groceries,Olive Oil,2,799,0.1,1438.2,Debit Card,5,0
ORD001205,CUST1161,Bangalore,2023-11-26,Beauty,Sunscreen SPF50,4,499,0.1,1796.4,Credit Card,3,0
ORD001206,CUST1210,Kolkata,2023-02-23,Electronics,Laptop Stand,1,1299,0.0,1299.0,Debit Card,5,0
ORD001207,CUST0194,Mumbai,2024-08-29,Clothing,Denim Jeans,1,1299,0.0,1299.0,Debit Card,4,0
ORD001208,CUST0406,Mumbai,2024-04-23,Clothing,Jacket,1,2999,0.05,2849.05,Debit Card,4,0
ORD001209,CUST0034,Hyderabad,2023-09-12,Clothing,Sneakers,2,2499,0.1,4498.2,Cash on Delivery,4,0
ORD001210,CUST0446,Pune,2024-05-07,Home & Kitchen,Water Bottle,3,399,0.2,957.6,UPI,3,0
ORD001211,CUST1166,Delhi,2024-03-27,Home & Kitchen,Knife Set,2,1299,0.05,2468.1,Cash on Delivery,4,0
ORD001212,CUST0790,Mumbai,2024-05-08,Books,Self Help,2,449,0.2,718.4,Credit Card,1,1
ORD001213,CUST0513,Mumbai,2023-06-29,Beauty,Hair Mask,2,399,0.1,718.2,Net Banking,4,0
ORD001214,CUST0536,Jaipur,2024-07-29,Groceries,Protein Bar Pack,3,699,0.05,1992.15,Credit Card,5,0
ORD001215,CUST0002,Mumbai,2023-06-08,Groceries,Olive Oil,4,799,0.0,3196.0,Credit Card,5,0
ORD001216,CUST0454,Hyderabad,2024-02-19,Electronics,Webcam,3,2199,0.05,6267.15,Net Banking,5,0
ORD001217,CUST1004,Lucknow,2023-11-12,Books,Business Strategy,4,599,0.05,2276.2,Cash on Delivery,5,0
ORD001218,CUST1462,Bangalore,2024-01-30,Electronics,Laptop Stand,1,1299,0.0,1299.0,Debit Card,5,0
ORD001219,CUST1273,Pune,2023-12-23,Clothing,Sneakers,3,2499,0.2,5997.6,Net Banking,4,0
ORD001220,CUST0044,Mumbai,2024-01-30,Books,Business Strategy,1,599,0.15,509.15,Debit Card,5,0
ORD001221,CUST1354,Mumbai,2024-01-06,Clothing,Sneakers,1,2499,0.2,1999.2,Credit Card,5,0
ORD001222,CUST1180,Ahmedabad,2024-04-11,Books,Data Science Guide,3,899,0.1,2427.3,Debit Card,5,0
ORD001223,CUST1176,Mumbai,2023-04-30,Groceries,Olive Oil,2,799,0.0,1598.0,Net Banking,5,0
ORD001224,CUST0701,Bangalore,2023-07-13,Home & Kitchen,Coffee Mug,1,249,0.1,224.1,Debit Card,5,0
ORD001225,CUST0576,Hyderabad,2023-11-06,Beauty,Lip Balm Pack,3,199,0.15,507.45,Cash on Delivery,4,0
ORD001226,CUST0463,Kolkata,2024-02-26,Books,Self Help,3,449,0.15,1144.95,Credit Card,5,0
ORD001227,CUST0113,Ahmedabad,2023-05-27,Electronics,Webcam,3,2199,0.2,5277.6,Debit Card,4,0
ORD001228,CUST0358,Hyderabad,2023-06-22,Books,Self Help,3,449,0.0,1347.0,Credit Card,5,0
ORD001229,CUST0385,Jaipur,2024-03-02,Electronics,Wireless Earbuds,4,2499,0.1,8996.4,Net Banking,5,0
ORD001230,CUST0738,Delhi,2024-12-21,Clothing,Denim Jeans,3,1299,0.0,3897.0,Net Banking,3,0
ORD001231,CUST1137,Hyderabad,2024-08-03,Clothing,Jacket,1,2999,0.05,2849.05,Debit Card,5,0
ORD001232,CUST0721,Pune,2023-07-16,Clothing,Cotton T-Shirt,2,499,0.2,798.4,Net Banking,4,0
ORD001233,CUST0093,Pune,2024-10-13,Home & Kitchen,Coffee Mug,1,249,0.2,199.2,UPI,3,0
ORD001234,CUST1443,Chennai,2023-03-07,Electronics,Laptop Stand,1,1299,0.0,1299.0,Cash on Delivery,4,0
ORD001235,CUST1425,Chennai,2023-04-14,Clothing,Sneakers,4,2499,0.15,8496.6,Credit Card,1,1
ORD001236,CUST1181,Pune,2023-08-05,Books,Fiction Novel,1,299,0.0,299.0,Credit Card,4,0
ORD001237,CUST1480,Kolkata,2024-04-29,Home & Kitchen,Coffee Mug,3,249,0.05,709.65,Cash on Delivery,5,0
ORD001238,CUST0817,Lucknow,2023-12-18,Home & Kitchen,Storage Box,3,299,0.15,762.45,Debit Card,5,0
ORD001239,CUST1449,Mumbai,2023-02-28,Groceries,Protein Bar Pack,4,699,0.1,2516.4,UPI,5,0
ORD001240,CUST0121,Delhi,2024-12-16,Beauty,Face Serum,1,999,0.05,949.05,Debit Card,4,0
ORD001241,CUST0532,Bangalore,2024-06-27,Electronics,Webcam,1,2199,0.2,1759.2,Debit Card,4,0
ORD001242,CUST0352,Bangalore,2024-02-28,Groceries,Protein Bar Pack,4,699,0.1,2516.4,Credit Card,5,0
ORD001243,CUST0297,Delhi,2024-01-04,Books,Business Strategy,1,599,0.15,509.15,UPI,5,0
ORD001244,CUST0227,Kolkata,2024-05-11,Books,Self Help,2,449,0.1,808.2,Cash on Delivery,4,0
ORD001245,CUST0962,Delhi,2024-05-02,Beauty,Face Serum,3,999,0.05,2847.15,Credit Card,5,0
ORD001246,CUST1177,Chennai,2023-07-19,Books,Self Help,3,449,0.1,1212.3,Cash on Delivery,5,0
ORD001247,CUST0887,Ahmedabad,2024-05-24,Sports,Gym Gloves,1,399,0.0,399.0,UPI,5,0
ORD001248,CUST0234,Delhi,2024-04-01,Beauty,Body Lotion,4,349,0.0,1396.0,Net Banking,5,0
ORD001249,CUST1219,Ahmedabad,2023-08-05,Books,Fiction Novel,2,299,0.0,598.0,Credit Card,3,0
ORD001250,CUST0990,Hyderabad,2023-12-01,Electronics,Laptop Stand,1,1299,0.0,1299.0,UPI,5,0
ORD001251,CUST0560,Hyderabad,2023-05-07,Clothing,Formal Shirt,4,899,0.15,3056.6,Cash on Delivery,5,0
ORD001252,CUST1032,Jaipur,2024-12-09,Books,Self Help,1,449,0.2,359.2,Debit Card,4,0
ORD001253,CUST0399,Kolkata,2023-12-18,Sports,Gym Gloves,1,399,0.15,339.15,Net Banking,4,0
ORD001254,CUST0509,Chennai,2023-08-27,Books,Fiction Novel,4,299,0.2,956.8,Credit Card,4,0
ORD001255,CUST1378,Pune,2023-12-15,Groceries,Basmati Rice 5kg,1,499,0.0,499.0,Debit Card,5,0
ORD001256,CUST0444,Lucknow,2023-11-17,Books,Python Programming,3,699,0.0,2097.0,Cash on Delivery,5,0
ORD001257,CUST0718,Lucknow,2024-08-27,Books,Python Programming,3,699,0.0,2097.0,Net Banking,4,0
ORD001258,CUST1343,Bangalore,2024-11-26,Home & Kitchen,Storage Box,3,299,0.2,717.6,Debit Card,5,0
ORD001259,CUST1081,Kolkata,2024-02-09,Sports,Gym Gloves,2,399,0.0,798.0,UPI,1,0
ORD001260,CUST0105,Lucknow,2024-11-27,Clothing,Formal Shirt,2,899,0.05,1708.1,Cash on Delivery,4,0
ORD001261,CUST0236,Hyderabad,2023-11-24,Groceries,Olive Oil,1,799,0.1,719.1,Credit Card,4,0
ORD001262,CUST0012,Mumbai,2023-08-09,Groceries,Green Tea,4,299,0.15,1016.6,Net Banking,4,0
ORD001263,CUST0980,Jaipur,2023-08-04,Electronics,USB Hub,2,899,0.2,1438.4,Debit Card,5,0
ORD001264,CUST0680,Chennai,2024-05-14,Books,Python Programming,2,699,0.2,1118.4,UPI,5,0
ORD001265,CUST0215,Lucknow,2024-02-06,Beauty,Sunscreen SPF50,1,499,0.1,449.1,Net Banking,4,0
ORD001266,CUST1443,Chennai,2024-06-24,Groceries,Protein Bar Pack,4,699,0.0,2796.0,UPI,5,0
ORD001267,CUST0803,Chennai,2023-05-15,Books,Data Science Guide,4,899,0.0,3596.0,Cash on Delivery,4,0
ORD001268,CUST0379,Delhi,2024-11-01,Beauty,Face Serum,3,999,0.05,2847.15,Debit Card,3,0
ORD001269,CUST0760,Kolkata,2023-08-03,Home & Kitchen,Knife Set,3,1299,0.0,3897.0,Debit Card,4,0
ORD001270,CUST1045,Ahmedabad,2024-08-12,Books,Python Programming,3,699,0.15,1782.45,Debit Card,3,0
ORD001271,CUST0122,Kolkata,2023-04-09,Home & Kitchen,Knife Set,2,1299,0.0,2598.0,Net Banking,4,0
ORD001272,CUST0416,Ahmedabad,2024-10-27,Clothing,Cotton T-Shirt,1,499,0.1,449.1,Net Banking,4,0
ORD001273,CUST1210,Kolkata,2023-05-02,Clothing,Sneakers,2,2499,0.0,4998.0,Net Banking,4,0
ORD001274,CUST0706,Ahmedabad,2024-01-20,Groceries,Green Tea,2,299,0.15,508.3,Credit Card,5,0
ORD001275,CUST0824,Hyderabad,2024-10-09,Beauty,Lip Balm Pack,4,199,0.0,796.0,UPI,5,0
ORD001276,CUST0652,Bangalore,2023-05-05,Electronics,Wireless Earbuds,1,2499,0.0,2499.0,Cash on Delivery,4,0
ORD001277,CUST0071,Chennai,2024-12-11,Clothing,Cotton T-Shirt,4,499,0.0,1996.0,Cash on Delivery,5,0
ORD001278,CUST0256,Kolkata,2024-12-20,Clothing,Sneakers,4,2499,0.15,8496.6,Cash on Delivery,4,0
ORD001279,CUST0679,Delhi,2024-12-31,Clothing,Cotton T-Shirt,3,499,0.0,1497.0,Cash on Delivery,5,0
ORD001280,CUST0320,Delhi,2024-07-23,Clothing,Sneakers,1,2499,0.05,2374.05,Cash on Delivery,5,0
ORD001281,CUST0081,Jaipur,2023-08-01,Home & Kitchen,Air Fryer,1,3999,0.2,3199.2,Credit Card,5,0
ORD001282,CUST1269,Mumbai,2024-07-22,Clothing,Jacket,2,2999,0.0,5998.0,UPI,4,0
ORD001283,CUST1469,Delhi,2023-07-31,Electronics,Wireless Earbuds,2,2499,0.1,4498.2,Credit Card,5,0
ORD001284,CUST1194,Hyderabad,2023-05-08,Sports,Running Shoes,1,3499,0.0,3499.0,UPI,4,0
ORD001285,CUST1286,Jaipur,2023-01-01,Sports,Resistance Bands,4,499,0.15,1696.6,Credit Card,4,0
ORD001286,CUST0379,Delhi,2024-08-13,Sports,Running Shoes,4,3499,0.0,13996.0,UPI,4,0
ORD001287,CUST1447,Lucknow,2023-04-12,Sports,Running Shoes,2,3499,0.15,5948.3,Credit Card,5,0
ORD001288,CUST0299,Hyderabad,2023-11-03,Clothing,Cotton T-Shirt,2,499,0.0,998.0,Debit Card,5,0
ORD001289,CUST1431,Kolkata,2024-01-03,Clothing,Jacket,2,2999,0.1,5398.2,Cash on Delivery,4,0
ORD001290,CUST1488,Lucknow,2024-01-26,Home & Kitchen,Air Fryer,3,3999,0.0,11997.0,Debit Card,5,0
ORD001291,CUST1085,Bangalore,2024-11-23,Home & Kitchen,Knife Set,1,1299,0.0,1299.0,Debit Card,4,0
ORD001292,CUST1469,Delhi,2023-10-03,Sports,Resistance Bands,1,499,0.15,424.15,Debit Card,5,0
ORD001293,CUST0869,Lucknow,2023-06-07,Books,Business Strategy,2,599,0.05,1138.1,Net Banking,4,0
ORD001294,CUST0399,Kolkata,2023-10-04,Home & Kitchen,Air Fryer,2,3999,0.0,7998.0,Credit Card,3,0
ORD001295,CUST0662,Bangalore,2023-12-04,Books,Fiction Novel,4,299,0.0,1196.0,UPI,5,0
ORD001296,CUST0918,Kolkata,2023-08-20,Groceries,Mixed Nuts,2,599,0.2,958.4,Credit Card,4,0
ORD001297,CUST0119,Kolkata,2023-05-07,Home & Kitchen,Water Bottle,4,399,0.0,1596.0,UPI,3,0
ORD001298,CUST0962,Delhi,2023-12-24,Sports,Water Jug,1,599,0.1,539.1,UPI,5,0
ORD001299,CUST1469,Delhi,2023-06-24,Sports,Running Shoes,1,3499,0.0,3499.0,Net Banking,4,0
ORD001300,CUST0281,Mumbai,2024-08-29,Clothing,Formal Shirt,4,899,0.05,3416.2,Credit Card,3,0
ORD001301,CUST1192,Pune,2023-05-10,Books,Fiction Novel,2,299,0.15,508.3,Cash on Delivery,3,0
ORD001302,CUST1365,Lucknow,2024-10-16,Books,Business Strategy,1,599,0.15,509.15,Debit Card,5,0
ORD001303,CUST1425,Chennai,2024-04-13,Books,Fiction Novel,4,299,0.15,1016.6,UPI,3,0
ORD001304,CUST1445,Hyderabad,2024-03-14,Beauty,Lip Balm Pack,3,199,0.0,597.0,Debit Card,4,0
ORD001305,CUST0794,Mumbai,2023-11-17,Groceries,Basmati Rice 5kg,3,499,0.05,1422.15,Credit Card,5,0
ORD001306,CUST1465,Hyderabad,2024-08-12,Electronics,Phone Charger,1,599,0.0,599.0,Cash on Delivery,2,0
ORD001307,CUST1149,Delhi,2024-06-04,Home & Kitchen,Air Fryer,4,3999,0.15,13596.6,Debit Card,5,0
ORD001308,CUST0250,Mumbai,2023-01-15,Home & Kitchen,Knife Set,1,1299,0.05,1234.05,Credit Card,5,0
ORD001309,CUST0726,Ahmedabad,2024-11-08,Books,Self Help,3,449,0.0,1347.0,Cash on Delivery,5,0
ORD001310,CUST1093,Bangalore,2024-04-04,Books,Fiction Novel,1,299,0.1,269.1,Cash on Delivery,5,0
ORD001311,CUST0386,Bangalore,2023-05-17,Clothing,Denim Jeans,1,1299,0.0,1299.0,Credit Card,4,0
ORD001312,CUST0997,Pune,2024-01-18,Home & Kitchen,Knife Set,4,1299,0.0,5196.0,UPI,5,0
ORD001313,CUST1024,Pune,2023-11-03,Books,Data Science Guide,1,899,0.0,899.0,UPI,4,0
ORD001314,CUST0250,Mumbai,2023-11-09,Clothing,Cotton T-Shirt,4,499,0.0,1996.0,Cash on Delivery,5,0
ORD001315,CUST0858,Lucknow,2024-05-14,Beauty,Face Serum,4,999,0.1,3596.4,Net Banking,2,1
ORD001316,CUST1164,Chennai,2023-01-06,Groceries,Mixed Nuts,3,599,0.0,1797.0,Debit Card,4,0
ORD001317,CUST0759,Pune,2024-03-17,Home & Kitchen,Storage Box,1,299,0.0,299.0,Credit Card,4,0
ORD001318,CUST0021,Hyderabad,2023-05-07,Sports,Gym Gloves,2,399,0.05,758.1,Credit Card,5,0
ORD001319,CUST0012,Mumbai,2024-02-09,Clothing,Formal Shirt,2,899,0.05,1708.1,UPI,4,0
ORD001320,CUST0523,Kolkata,2024-03-25,Home & Kitchen,Water Bottle,3,399,0.0,1197.0,Net Banking,5,0
ORD001321,CUST1395,Pune,2024-03-20,Clothing,Denim Jeans,3,1299,0.15,3312.45,Debit Card,1,0
ORD001322,CUST0359,Chennai,2023-05-17,Electronics,Phone Charger,3,599,0.0,1797.0,UPI,4,0
ORD001323,CUST0987,Jaipur,2024-11-12,Electronics,Phone Charger,2,599,0.05,1138.1,Credit Card,5,0
ORD001324,CUST0346,Delhi,2024-11-29,Home & Kitchen,Knife Set,4,1299,0.2,4156.8,UPI,5,0
ORD001325,CUST0482,Lucknow,2023-04-23,Beauty,Lip Balm Pack,4,199,0.0,796.0,Credit Card,5,0
ORD001326,CUST1275,Bangalore,2023-01-14,Clothing,Denim Jeans,3,1299,0.1,3507.3,Debit Card,5,0
ORD001327,CUST1107,Lucknow,2023-01-09,Electronics,USB Hub,4,899,0.1,3236.4,UPI,4,0
ORD001328,CUST0155,Lucknow,2024-03-15,Groceries,Protein Bar Pack,1,699,0.2,559.2,Debit Card,4,0
ORD001329,CUST0646,Mumbai,2023-10-15,Books,Fiction Novel,2,299,0.0,598.0,UPI,5,0
ORD001330,CUST0051,Chennai,2024-04-30,Books,Data Science Guide,4,899,0.0,3596.0,Credit Card,5,0
ORD001331,CUST0733,Chennai,2024-08-28,Books,Fiction Novel,2,299,0.0,598.0,Debit Card,5,0
ORD001332,CUST1021,Hyderabad,2023-02-09,Clothing,Cotton T-Shirt,2,499,0.05,948.1,Debit Card,4,0
ORD001333,CUST0193,Pune,2023-07-24,Clothing,Sneakers,1,2499,0.1,2249.1,Credit Card,3,0
ORD001334,CUST0442,Mumbai,2024-10-10,Home & Kitchen,Knife Set,3,1299,0.15,3312.45,Debit Card,5,0
ORD001335,CUST0576,Hyderabad,2024-06-06,Groceries,Protein Bar Pack,4,699,0.0,2796.0,Credit Card,4,0
ORD001336,CUST1383,Kolkata,2023-10-15,Groceries,Basmati Rice 5kg,3,499,0.0,1497.0,Net Banking,5,0
ORD001337,CUST1483,Delhi,2023-02-11,Clothing,Formal Shirt,1,899,0.0,899.0,UPI,1,0
ORD001338,CUST0074,Bangalore,2024-09-13,Clothing,Formal Shirt,4,899,0.0,3596.0,Debit Card,3,0
ORD001339,CUST1151,Pune,2023-11-08,Groceries,Protein Bar Pack,3,699,0.0,2097.0,Credit Card,3,0
ORD001340,CUST0536,Jaipur,2024-01-05,Books,Fiction Novel,2,299,0.0,598.0,UPI,5,0
ORD001341,CUST0570,Delhi,2024-10-27,Books,Fiction Novel,3,299,0.0,897.0,Cash on Delivery,4,0
ORD001342,CUST1146,Lucknow,2024-10-06,Home & Kitchen,Air Fryer,1,3999,0.0,3999.0,Credit Card,5,0
ORD001343,CUST1380,Chennai,2024-12-22,Electronics,Webcam,2,2199,0.0,4398.0,Credit Card,4,0
ORD001344,CUST1430,Ahmedabad,2024-04-30,Electronics,Webcam,3,2199,0.0,6597.0,Debit Card,5,0
ORD001345,CUST0885,Ahmedabad,2023-07-16,Sports,Resistance Bands,1,499,0.0,499.0,UPI,4,0
ORD001346,CUST0523,Kolkata,2024-04-04,Beauty,Body Lotion,3,349,0.0,1047.0,Credit Card,5,0
ORD001347,CUST1184,Kolkata,2024-06-20,Home & Kitchen,Air Fryer,4,3999,0.05,15196.2,Cash on Delivery,5,0
ORD001348,CUST0390,Chennai,2023-10-08,Beauty,Face Serum,2,999,0.1,1798.2,Debit Card,5,0
ORD001349,CUST0854,Bangalore,2024-12-11,Groceries,Basmati Rice 5kg,1,499,0.2,399.2,Net Banking,3,0
ORD001350,CUST0524,Ahmedabad,2024-03-24,Home & Kitchen,Coffee Mug,1,249,0.0,249.0,Net Banking,5,0
ORD001351,CUST1015,Ahmedabad,2023-10-06,Sports,Water Jug,4,599,0.1,2156.4,Credit Card,4,0
ORD001352,CUST0377,Mumbai,2024-12-14,Clothing,Jacket,2,2999,0.1,5398.2,Cash on Delivery,1,0
ORD001353,CUST0285,Jaipur,2023-08-14,Home & Kitchen,Coffee Mug,3,249,0.0,747.0,UPI,4,0
ORD001354,CUST1380,Chennai,2023-02-16,Sports,Yoga Mat,2,799,0.0,1598.0,UPI,4,0
ORD001355,CUST0164,Hyderabad,2023-10-04,Electronics,Phone Charger,3,599,0.0,1797.0,Credit Card,5,0
ORD001356,CUST0770,Hyderabad,2023-04-29,Books,Data Science Guide,2,899,0.1,1618.2,Cash on Delivery,1,1
ORD001357,CUST0341,Lucknow,2024-07-16,Groceries,Mixed Nuts,1,599,0.15,509.15,Debit Card,4,0
ORD001358,CUST0064,Chennai,2023-02-28,Home & Kitchen,Coffee Mug,3,249,0.0,747.0,Credit Card,5,0
ORD001359,CUST0056,Delhi,2023-10-14,Beauty,Hair Mask,2,399,0.15,678.3,Credit Card,3,0
ORD001360,CUST0266,Chennai,2024-12-05,Sports,Gym Gloves,1,399,0.15,339.15,UPI,4,0
ORD001361,CUST1310,Delhi,2024-03-28,Beauty,Body Lotion,2,349,0.2,558.4,UPI,4,0
ORD001362,CUST0428,Chennai,2024-04-01,Clothing,Jacket,4,2999,0.0,11996.0,Net Banking,4,0
ORD001363,CUST1430,Ahmedabad,2024-05-22,Groceries,Olive Oil,4,799,0.0,3196.0,Debit Card,3,0
ORD001364,CUST0893,Ahmedabad,2024-05-17,Beauty,Sunscreen SPF50,2,499,0.1,898.2,Debit Card,5,0
ORD001365,CUST0661,Pune,2023-06-16,Books,Business Strategy,1,599,0.0,599.0,Net Banking,5,0
ORD001366,CUST0892,Jaipur,2023-05-27,Books,Fiction Novel,2,299,0.0,598.0,Net Banking,2,1
ORD001367,CUST0786,Hyderabad,2023-01-13,Electronics,Webcam,2,2199,0.15,3738.3,Net Banking,5,0
ORD001368,CUST1150,Chennai,2023-01-14,Home & Kitchen,Air Fryer,1,3999,0.2,3199.2,Credit Card,5,0
ORD001369,CUST0428,Chennai,2023-05-27,Clothing,Denim Jeans,1,1299,0.0,1299.0,Cash on Delivery,5,0
ORD001370,CUST0519,Ahmedabad,2023-12-13,Electronics,Wireless Earbuds,1,2499,0.1,2249.1,Credit Card,5,0
ORD001371,CUST1349,Kolkata,2024-07-30,Clothing,Denim Jeans,4,1299,0.2,4156.8,Debit Card,5,0
ORD001372,CUST1426,Ahmedabad,2023-09-07,Groceries,Mixed Nuts,4,599,0.0,2396.0,Cash on Delivery,2,0
ORD001373,CUST1345,Delhi,2024-07-11,Electronics,Wireless Earbuds,1,2499,0.0,2499.0,Cash on Delivery,4,0
ORD001374,CUST0623,Bangalore,2023-08-18,Beauty,Lip Balm Pack,2,199,0.0,398.0,Debit Card,1,0
ORD001375,CUST1176,Mumbai,2024-01-29,Groceries,Mixed Nuts,2,599,0.15,1018.3,Credit Card,5,0
ORD001376,CUST0726,Ahmedabad,2023-04-15,Home & Kitchen,Water Bottle,1,399,0.0,399.0,UPI,5,0
ORD001377,CUST0758,Jaipur,2024-01-05,Groceries,Basmati Rice 5kg,3,499,0.0,1497.0,Credit Card,5,0
ORD001378,CUST0314,Chennai,2024-03-14,Electronics,Webcam,2,2199,0.0,4398.0,Cash on Delivery,4,0
ORD001379,CUST0912,Ahmedabad,2024-12-04,Clothing,Sneakers,2,2499,0.15,4248.3,UPI,4,0
ORD001380,CUST0278,Jaipur,2024-11-08,Groceries,Basmati Rice 5kg,3,499,0.05,1422.15,UPI,4,0
ORD001381,CUST0497,Ahmedabad,2023-06-02,Beauty,Face Serum,1,999,0.2,799.2,Debit Card,5,0
ORD001382,CUST1294,Jaipur,2024-05-04,Groceries,Olive Oil,4,799,0.05,3036.2,Credit Card,5,0
ORD001383,CUST0315,Kolkata,2023-04-03,Sports,Water Jug,3,599,0.0,1797.0,Debit Card,4,0
ORD001384,CUST0116,Delhi,2024-05-21,Clothing,Sneakers,3,2499,0.0,7497.0,Net Banking,4,0
ORD001385,CUST0115,Mumbai,2024-10-31,Sports,Running Shoes,2,3499,0.2,5598.4,Net Banking,5,0
ORD001386,CUST1420,Bangalore,2024-06-30,Home & Kitchen,Coffee Mug,4,249,0.1,896.4,Cash on Delivery,4,0
ORD001387,CUST0770,Hyderabad,2024-08-17,Beauty,Sunscreen SPF50,4,499,0.0,1996.0,Cash on Delivery,5,0
ORD001388,CUST0606,Ahmedabad,2024-01-06,Sports,Resistance Bands,1,499,0.0,499.0,Credit Card,1,0
ORD001389,CUST1218,Delhi,2023-04-23,Groceries,Green Tea,4,299,0.0,1196.0,Debit Card,2,1
ORD001390,CUST1249,Hyderabad,2024-07-18,Groceries,Protein Bar Pack,2,699,0.2,1118.4,Net Banking,5,0
ORD001391,CUST0499,Jaipur,2023-05-22,Clothing,Denim Jeans,2,1299,0.0,2598.0,Debit Card,3,0
ORD001392,CUST1060,Hyderabad,2023-02-25,Home & Kitchen,Air Fryer,4,3999,0.0,15996.0,Cash on Delivery,5,0
ORD001393,CUST1164,Chennai,2023-05-31,Electronics,Laptop Stand,2,1299,0.0,2598.0,Credit Card,4,0
ORD001394,CUST1013,Jaipur,2024-03-02,Clothing,Cotton T-Shirt,1,499,0.1,449.1,Debit Card,3,0
ORD001395,CUST0242,Bangalore,2024-02-26,Home & Kitchen,Water Bottle,3,399,0.05,1137.15,Net Banking,5,0
ORD001396,CUST1325,Delhi,2023-06-09,Beauty,Face Serum,3,999,0.0,2997.0,Cash on Delivery,2,0
ORD001397,CUST0812,Delhi,2024-02-10,Beauty,Sunscreen SPF50,2,499,0.0,998.0,Net Banking,5,0
ORD001398,CUST0428,Chennai,2023-08-21,Sports,Running Shoes,3,3499,0.15,8922.45,Debit Card,4,0
ORD001399,CUST0633,Pune,2023-08-05,Groceries,Basmati Rice 5kg,4,499,0.0,1996.0,Credit Card,4,0
ORD001400,CUST0063,Kolkata,2024-07-26,Clothing,Sneakers,2,2499,0.2,3998.4,Credit Card,5,0
ORD001401,CUST0204,Delhi,2024-10-30,Beauty,Lip Balm Pack,4,199,0.0,796.0,Net Banking,5,0
ORD001402,CUST1156,Jaipur,2024-03-10,Clothing,Cotton T-Shirt,3,499,0.15,1272.45,Credit Card,3,0
ORD001403,CUST0001,Delhi,2023-12-10,Electronics,Wireless Earbuds,3,2499,0.1,6747.3,Cash on Delivery,1,1
ORD001404,CUST0616,Mumbai,2023-01-12,Electronics,Wireless Earbuds,2,2499,0.1,4498.2,UPI,5,0
ORD001405,CUST0796,Jaipur,2023-02-03,Clothing,Jacket,2,2999,0.15,5098.3,Credit Card,4,0
ORD001406,CUST0089,Chennai,2024-05-10,Sports,Gym Gloves,1,399,0.1,359.1,UPI,2,1
ORD001407,CUST1460,Kolkata,2024-05-27,Electronics,USB Hub,3,899,0.05,2562.15,Net Banking,3,0
ORD001408,CUST0352,Bangalore,2024-11-21,Books,Business Strategy,2,599,0.15,1018.3,Net Banking,3,0
ORD001409,CUST0464,Delhi,2023-06-03,Books,Fiction Novel,1,299,0.1,269.1,Net Banking,1,0
ORD001410,CUST0463,Kolkata,2023-06-05,Sports,Yoga Mat,3,799,0.0,2397.0,Credit Card,5,0
ORD001411,CUST0360,Jaipur,2024-11-28,Books,Python Programming,2,699,0.0,1398.0,Debit Card,5,0
ORD001412,CUST0002,Mumbai,2023-05-15,Sports,Gym Gloves,3,399,0.05,1137.15,UPI,4,0
ORD001413,CUST1108,Chennai,2024-11-30,Sports,Water Jug,1,599,0.15,509.15,Debit Card,4,0
ORD001414,CUST1453,Bangalore,2024-08-03,Sports,Gym Gloves,1,399,0.0,399.0,Net Banking,5,0
ORD001415,CUST0351,Jaipur,2023-11-13,Electronics,Wireless Earbuds,2,2499,0.2,3998.4,Credit Card,4,0
ORD001416,CUST1023,Mumbai,2023-06-23,Home & Kitchen,Air Fryer,4,3999,0.0,15996.0,Debit Card,5,0
ORD001417,CUST1124,Mumbai,2023-04-02,Electronics,USB Hub,3,899,0.0,2697.0,Net Banking,2,0
ORD001418,CUST1278,Bangalore,2024-03-28,Groceries,Protein Bar Pack,3,699,0.2,1677.6,Debit Card,5,0
ORD001419,CUST0631,Ahmedabad,2024-01-08,Electronics,Webcam,4,2199,0.0,8796.0,Net Banking,5,0
ORD001420,CUST0463,Kolkata,2024-01-11,Home & Kitchen,Coffee Mug,2,249,0.05,473.1,Cash on Delivery,4,0
ORD001421,CUST0486,Jaipur,2024-02-28,Groceries,Mixed Nuts,1,599,0.15,509.15,UPI,4,0
ORD001422,CUST1087,Lucknow,2023-09-08,Books,Python Programming,1,699,0.15,594.15,Cash on Delivery,5,0
ORD001423,CUST1226,Ahmedabad,2024-01-20,Electronics,Phone Charger,1,599,0.0,599.0,Net Banking,3,0
ORD001424,CUST0273,Hyderabad,2024-04-18,Beauty,Face Serum,2,999,0.05,1898.1,UPI,5,0
ORD001425,CUST0536,Jaipur,2023-03-29,Home & Kitchen,Knife Set,4,1299,0.0,5196.0,Credit Card,3,0
ORD001426,CUST1357,Jaipur,2023-12-03,Home & Kitchen,Knife Set,2,1299,0.05,2468.1,Cash on Delivery,2,1
ORD001427,CUST1210,Kolkata,2023-10-13,Home & Kitchen,Water Bottle,4,399,0.0,1596.0,Cash on Delivery,4,0
ORD001428,CUST1473,Mumbai,2023-08-07,Clothing,Sneakers,2,2499,0.15,4248.3,Credit Card,4,0
ORD001429,CUST1146,Lucknow,2024-01-06,Sports,Water Jug,1,599,0.2,479.2,Net Banking,5,0
ORD001430,CUST0572,Bangalore,2023-01-24,Clothing,Cotton T-Shirt,2,499,0.2,798.4,Net Banking,5,0
ORD001431,CUST0911,Bangalore,2023-05-26,Groceries,Mixed Nuts,2,599,0.0,1198.0,UPI,2,0
ORD001432,CUST1019,Lucknow,2023-08-08,Beauty,Lip Balm Pack,4,199,0.1,716.4,UPI,5,0
ORD001433,CUST0126,Jaipur,2023-12-17,Clothing,Cotton T-Shirt,1,499,0.05,474.05,UPI,5,0
ORD001434,CUST0817,Lucknow,2024-05-08,Clothing,Denim Jeans,3,1299,0.05,3702.15,Debit Card,4,0
ORD001435,CUST1084,Bangalore,2024-08-07,Books,Self Help,3,449,0.15,1144.95,Credit Card,4,0
ORD001436,CUST0257,Ahmedabad,2024-11-14,Sports,Gym Gloves,2,399,0.0,798.0,Debit Card,4,0
ORD001437,CUST1177,Chennai,2024-04-14,Groceries,Mixed Nuts,1,599,0.0,599.0,Net Banking,5,0
ORD001438,CUST0895,Delhi,2024-11-21,Beauty,Hair Mask,1,399,0.2,319.2,Cash on Delivery,4,0
ORD001439,CUST1433,Hyderabad,2023-05-09,Books,Python Programming,4,699,0.2,2236.8,Cash on Delivery,5,0
ORD001440,CUST0070,Hyderabad,2023-07-12,Electronics,Wireless Earbuds,2,2499,0.15,4248.3,Cash on Delivery,4,0
ORD001441,CUST0406,Mumbai,2023-12-23,Beauty,Sunscreen SPF50,4,499,0.0,1996.0,Debit Card,4,0
ORD001442,CUST0925,Pune,2024-01-08,Books,Fiction Novel,1,299,0.0,299.0,Cash on Delivery,1,0
ORD001443,CUST0448,Kolkata,2024-04-11,Beauty,Face Serum,4,999,0.15,3396.6,UPI,4,0
ORD001444,CUST1089,Lucknow,2023-12-10,Groceries,Green Tea,4,299,0.1,1076.4,Debit Card,3,0
ORD001445,CUST1150,Chennai,2024-07-20,Home & Kitchen,Knife Set,3,1299,0.0,3897.0,Cash on Delivery,4,0
ORD001446,CUST0166,Delhi,2024-11-06,Home & Kitchen,Knife Set,3,1299,0.2,3117.6,Net Banking,5,0
ORD001447,CUST0781,Lucknow,2023-04-17,Books,Business Strategy,1,599,0.0,599.0,Credit Card,3,0
ORD001448,CUST0774,Bangalore,2024-09-30,Sports,Water Jug,1,599,0.05,569.05,Credit Card,5,0
ORD001449,CUST0534,Ahmedabad,2023-10-24,Books,Self Help,1,449,0.15,381.65,Debit Card,5,0
ORD001450,CUST1407,Hyderabad,2023-07-20,Clothing,Sneakers,4,2499,0.0,9996.0,Credit Card,5,0
ORD001451,CUST1241,Hyderabad,2024-10-22,Groceries,Protein Bar Pack,4,699,0.2,2236.8,Net Banking,5,0
ORD001452,CUST1062,Hyderabad,2023-10-18,Electronics,USB Hub,2,899,0.1,1618.2,UPI,4,0
ORD001453,CUST1089,Lucknow,2024-02-29,Groceries,Protein Bar Pack,2,699,0.0,1398.0,UPI,2,1
ORD001454,CUST0708,Kolkata,2023-06-24,Beauty,Body Lotion,3,349,0.0,1047.0,Net Banking,5,0
ORD001455,CUST1385,Lucknow,2024-09-23,Clothing,Jacket,4,2999,0.0,11996.0,Credit Card,5,0
ORD001456,CUST1061,Chennai,2024-10-13,Beauty,Body Lotion,4,349,0.0,1396.0,Debit Card,4,0
ORD001457,CUST1107,Lucknow,2023-08-25,Home & Kitchen,Storage Box,2,299,0.05,568.1,Debit Card,3,0
ORD001458,CUST1305,Delhi,2024-10-04,Sports,Yoga Mat,4,799,0.2,2556.8,Cash on Delivery,5,0
ORD001459,CUST0415,Mumbai,2023-04-06,Clothing,Formal Shirt,2,899,0.0,1798.0,Cash on Delivery,1,1
ORD001460,CUST1210,Kolkata,2024-01-27,Clothing,Cotton T-Shirt,1,499,0.1,449.1,Net Banking,1,0
ORD001461,CUST0297,Delhi,2024-10-30,Books,Business Strategy,2,599,0.0,1198.0,UPI,5,0
ORD001462,CUST0510,Hyderabad,2024-01-23,Clothing,Jacket,2,2999,0.15,5098.3,Credit Card,5,0
ORD001463,CUST0500,Ahmedabad,2023-01-24,Groceries,Basmati Rice 5kg,2,499,0.15,848.3,Cash on Delivery,5,0
ORD001464,CUST1467,Jaipur,2024-09-02,Beauty,Face Serum,1,999,0.05,949.05,Debit Card,3,0
ORD001465,CUST1295,Chennai,2023-03-21,Groceries,Mixed Nuts,2,599,0.0,1198.0,UPI,4,0
ORD001466,CUST1075,Pune,2024-05-17,Beauty,Sunscreen SPF50,4,499,0.0,1996.0,Net Banking,5,0
ORD001467,CUST1105,Ahmedabad,2024-12-04,Electronics,Laptop Stand,1,1299,0.0,1299.0,UPI,4,0
ORD001468,CUST0852,Jaipur,2023-11-02,Books,Self Help,2,449,0.0,898.0,Cash on Delivery,1,1
ORD001469,CUST1428,Ahmedabad,2023-12-18,Books,Fiction Novel,1,299,0.0,299.0,Net Banking,5,0
ORD001470,CUST0756,Ahmedabad,2024-06-18,Sports,Gym Gloves,1,399,0.0,399.0,Credit Card,5,0
ORD001471,CUST0550,Jaipur,2023-01-24,Clothing,Jacket,1,2999,0.1,2699.1,Debit Card,4,0
ORD001472,CUST0250,Mumbai,2023-01-31,Clothing,Formal Shirt,1,899,0.0,899.0,Debit Card,4,0
ORD001473,CUST1183,Lucknow,2024-05-08,Electronics,Phone Charger,3,599,0.0,1797.0,Credit Card,3,0
ORD001474,CUST1118,Kolkata,2024-05-22,Groceries,Green Tea,3,299,0.05,852.15,Net Banking,4,0
ORD001475,CUST0554,Ahmedabad,2024-12-04,Clothing,Formal Shirt,2,899,0.0,1798.0,UPI,5,0
ORD001476,CUST0044,Mumbai,2023-07-30,Home & Kitchen,Air Fryer,3,3999,0.0,11997.0,Net Banking,5,0
ORD001477,CUST1255,Hyderabad,2023-10-06,Home & Kitchen,Knife Set,4,1299,0.1,4676.4,Cash on Delivery,5,0
ORD001478,CUST0018,Lucknow,2023-07-24,Electronics,Webcam,4,2199,0.05,8356.2,UPI,4,0
ORD001479,CUST1077,Kolkata,2023-02-04,Books,Python Programming,4,699,0.0,2796.0,UPI,5,0
ORD001480,CUST1456,Pune,2024-10-22,Sports,Water Jug,3,599,0.1,1617.3,Cash on Delivery,5,0
ORD001481,CUST0662,Bangalore,2023-07-04,Groceries,Protein Bar Pack,1,699,0.0,699.0,Net Banking,5,0
ORD001482,CUST0366,Chennai,2023-03-16,Beauty,Sunscreen SPF50,3,499,0.0,1497.0,UPI,4,0
ORD001483,CUST1080,Jaipur,2023-01-10,Groceries,Olive Oil,3,799,0.0,2397.0,Credit Card,4,0
ORD001484,CUST1226,Ahmedabad,2024-08-04,Books,Business Strategy,2,599,0.05,1138.1,Debit Card,5,0
ORD001485,CUST0823,Delhi,2024-09-08,Sports,Yoga Mat,4,799,0.0,3196.0,Debit Card,4,0
ORD001486,CUST1453,Bangalore,2024-09-14,Electronics,Webcam,3,2199,0.15,5607.45,Credit Card,5,0
ORD001487,CUST0083,Pune,2023-11-24,Sports,Water Jug,4,599,0.0,2396.0,Credit Card,3,0
ORD001488,CUST0768,Hyderabad,2023-10-09,Beauty,Lip Balm Pack,4,199,0.0,796.0,Credit Card,4,0
ORD001489,CUST1093,Bangalore,2024-01-28,Home & Kitchen,Water Bottle,3,399,0.1,1077.3,Credit Card,4,0
ORD001490,CUST1306,Delhi,2023-10-19,Groceries,Basmati Rice 5kg,1,499,0.05,474.05,Net Banking,3,0
ORD001491,CUST0272,Bangalore,2024-10-22,Electronics,Webcam,1,2199,0.0,2199.0,Net Banking,1,0
ORD001492,CUST1199,Delhi,2023-12-21,Books,Business Strategy,3,599,0.0,1797.0,Cash on Delivery,4,0
ORD001493,CUST0837,Lucknow,2023-02-18,Beauty,Hair Mask,4,399,0.1,1436.4,Net Banking,4,0
ORD001494,CUST0575,Bangalore,2023-04-16,Home & Kitchen,Air Fryer,3,3999,0.1,10797.3,Credit Card,1,1
ORD001495,CUST0212,Hyderabad,2024-12-05,Clothing,Cotton T-Shirt,3,499,0.2,1197.6,Debit Card,5,0
ORD001496,CUST1308,Lucknow,2024-01-13,Clothing,Cotton T-Shirt,2,499,0.15,848.3,Cash on Delivery,5,0
ORD001497,CUST0247,Ahmedabad,2023-02-14,Electronics,Wireless Earbuds,3,2499,0.2,5997.6,UPI,3,0
ORD001498,CUST0470,Jaipur,2024-09-19,Electronics,USB Hub,3,899,0.15,2292.45,Net Banking,5,0
ORD001499,CUST0442,Mumbai,2024-04-16,Groceries,Olive Oil,2,799,0.1,1438.2,UPI,3,0
ORD001500,CUST1315,Jaipur,2024-04-02,Beauty,Sunscreen SPF50,4,499,0.15,1696.6,Cash on Delivery,5,0
ORD001501,CUST1030,Mumbai,2024-05-16,Sports,Resistance Bands,4,499,0.15,1696.6,UPI,5,0
ORD001502,CUST1197,Chennai,2023-09-28,Beauty,Lip Balm Pack,2,199,0.0,398.0,Credit Card,5,0
ORD001503,CUST0390,Chennai,2024-10-24,Groceries,Green Tea,2,299,0.15,508.3,Debit Card,5,0
ORD001504,CUST0969,Mumbai,2023-03-03,Books,Python Programming,1,699,0.05,664.05,Debit Card,4,0
ORD001505,CUST0870,Hyderabad,2023-04-18,Home & Kitchen,Knife Set,2,1299,0.05,2468.1,Cash on Delivery,4,0
ORD001506,CUST1245,Pune,2023-11-16,Beauty,Body Lotion,3,349,0.2,837.6,Debit Card,5,0
ORD001507,CUST1363,Mumbai,2023-08-13,Beauty,Body Lotion,1,349,0.0,349.0,Net Banking,5,0
ORD001508,CUST0021,Hyderabad,2024-02-14,Home & Kitchen,Coffee Mug,2,249,0.2,398.4,UPI,3,0
ORD001509,CUST1032,Jaipur,2024-08-14,Home & Kitchen,Water Bottle,3,399,0.2,957.6,Debit Card,5,0
ORD001510,CUST0086,Mumbai,2023-01-17,Home & Kitchen,Air Fryer,1,3999,0.0,3999.0,Debit Card,5,0
ORD001511,CUST0826,Jaipur,2024-06-27,Groceries,Basmati Rice 5kg,4,499,0.15,1696.6,UPI,4,0
ORD001512,CUST0439,Bangalore,2024-03-17,Electronics,Webcam,1,2199,0.0,2199.0,Net Banking,4,0
ORD001513,CUST0466,Lucknow,2024-03-27,Sports,Water Jug,3,599,0.0,1797.0,Credit Card,4,0
ORD001514,CUST0519,Ahmedabad,2023-10-29,Electronics,Laptop Stand,4,1299,0.0,5196.0,Debit Card,3,0
ORD001515,CUST0960,Ahmedabad,2024-03-19,Sports,Running Shoes,4,3499,0.1,12596.4,Credit Card,3,0
ORD001516,CUST0500,Ahmedabad,2023-04-28,Books,Data Science Guide,1,899,0.0,899.0,UPI,2,1
ORD001517,CUST1114,Kolkata,2023-08-20,Clothing,Cotton T-Shirt,1,499,0.0,499.0,Net Banking,5,0
ORD001518,CUST0585,Hyderabad,2024-12-09,Home & Kitchen,Knife Set,1,1299,0.0,1299.0,Debit Card,4,0
ORD001519,CUST0114,Delhi,2023-10-22,Clothing,Denim Jeans,3,1299,0.15,3312.45,UPI,5,0
ORD001520,CUST1181,Pune,2024-05-30,Books,Python Programming,1,699,0.0,699.0,Cash on Delivery,5,0
ORD001521,CUST0438,Chennai,2023-11-19,Home & Kitchen,Storage Box,2,299,0.0,598.0,Debit Card,5,0
ORD001522,CUST0652,Bangalore,2023-01-14,Clothing,Formal Shirt,4,899,0.0,3596.0,Net Banking,5,0
ORD001523,CUST1052,Jaipur,2023-03-20,Groceries,Basmati Rice 5kg,2,499,0.0,998.0,Credit Card,3,0
ORD001524,CUST0499,Jaipur,2023-01-02,Sports,Running Shoes,4,3499,0.1,12596.4,Debit Card,4,0
ORD001525,CUST0092,Lucknow,2023-01-18,Home & Kitchen,Air Fryer,1,3999,0.2,3199.2,UPI,4,0
ORD001526,CUST0537,Hyderabad,2023-05-31,Beauty,Sunscreen SPF50,2,499,0.2,798.4,Credit Card,5,0
ORD001527,CUST1425,Chennai,2023-12-26,Groceries,Mixed Nuts,4,599,0.05,2276.2,UPI,5,0
ORD001528,CUST0999,Chennai,2024-04-14,Books,Self Help,3,449,0.0,1347.0,UPI,1,1
ORD001529,CUST1028,Bangalore,2023-10-04,Sports,Gym Gloves,4,399,0.0,1596.0,Credit Card,5,0
ORD001530,CUST0982,Kolkata,2023-05-26,Clothing,Sneakers,2,2499,0.15,4248.3,Credit Card,4,0
ORD001531,CUST0305,Kolkata,2023-07-31,Clothing,Jacket,4,2999,0.0,11996.0,Debit Card,5,0
ORD001532,CUST0620,Mumbai,2024-11-26,Home & Kitchen,Air Fryer,3,3999,0.15,10197.45,Net Banking,4,0
ORD001533,CUST1141,Delhi,2023-12-24,Sports,Resistance Bands,3,499,0.15,1272.45,Net Banking,5,0
ORD001534,CUST0163,Mumbai,2023-07-15,Sports,Water Jug,3,599,0.0,1797.0,UPI,2,0
ORD001535,CUST0421,Chennai,2024-04-10,Beauty,Body Lotion,1,349,0.05,331.55,UPI,4,0
ORD001536,CUST0420,Pune,2024-12-02,Groceries,Basmati Rice 5kg,1,499,0.05,474.05,Debit Card,3,0
ORD001537,CUST0650,Mumbai,2024-05-13,Sports,Running Shoes,2,3499,0.0,6998.0,UPI,4,0
ORD001538,CUST1469,Delhi,2023-10-17,Electronics,Laptop Stand,1,1299,0.0,1299.0,Credit Card,5,0
ORD001539,CUST0113,Ahmedabad,2024-03-16,Electronics,Laptop Stand,3,1299,0.0,3897.0,Credit Card,4,0
ORD001540,CUST0790,Mumbai,2023-10-18,Electronics,USB Hub,2,899,0.0,1798.0,Cash on Delivery,5,0
ORD001541,CUST0272,Bangalore,2024-12-31,Books,Fiction Novel,2,299,0.0,598.0,Debit Card,4,0
ORD001542,CUST1456,Pune,2023-08-13,Home & Kitchen,Coffee Mug,1,249,0.0,249.0,Debit Card,2,0
ORD001543,CUST0185,Pune,2023-04-11,Beauty,Lip Balm Pack,4,199,0.05,756.2,UPI,5,0
ORD001544,CUST0582,Ahmedabad,2024-03-22,Sports,Running Shoes,2,3499,0.1,6298.2,UPI,5,0
ORD001545,CUST1122,Chennai,2023-07-24,Beauty,Body Lotion,2,349,0.15,593.3,Net Banking,4,0
ORD001546,CUST1078,Bangalore,2023-03-29,Sports,Resistance Bands,3,499,0.0,1497.0,Net Banking,4,0
ORD001547,CUST0631,Ahmedabad,2024-03-23,Sports,Resistance Bands,4,499,0.2,1596.8,Cash on Delivery,3,0
ORD001548,CUST0511,Hyderabad,2023-12-29,Home & Kitchen,Storage Box,3,299,0.05,852.15,Net Banking,4,0
ORD001549,CUST0576,Hyderabad,2023-01-28,Home & Kitchen,Knife Set,1,1299,0.1,1169.1,Net Banking,5,0
ORD001550,CUST0404,Bangalore,2023-09-06,Electronics,Phone Charger,3,599,0.2,1437.6,UPI,4,0
ORD001551,CUST0314,Chennai,2024-02-07,Clothing,Jacket,3,2999,0.0,8997.0,Credit Card,3,0
ORD001552,CUST0736,Jaipur,2023-02-25,Home & Kitchen,Coffee Mug,4,249,0.2,796.8,UPI,3,0
ORD001553,CUST0409,Kolkata,2023-04-10,Beauty,Face Serum,3,999,0.1,2697.3,Cash on Delivery,5,0
ORD001554,CUST0439,Bangalore,2024-08-21,Home & Kitchen,Storage Box,1,299,0.0,299.0,Credit Card,5,0
ORD001555,CUST1015,Ahmedabad,2024-05-22,Books,Data Science Guide,2,899,0.1,1618.2,Debit Card,3,0
ORD001556,CUST1454,Chennai,2024-05-11,Groceries,Mixed Nuts,1,599,0.2,479.2,Debit Card,5,0
ORD001557,CUST0932,Kolkata,2024-09-10,Electronics,Wireless Earbuds,1,2499,0.0,2499.0,Cash on Delivery,5,0
ORD001558,CUST0122,Kolkata,2024-04-30,Electronics,Phone Charger,2,599,0.0,1198.0,Net Banking,1,0
ORD001559,CUST0121,Delhi,2024-05-10,Electronics,Wireless Earbuds,3,2499,0.05,7122.15,Debit Card,5,0
ORD001560,CUST1431,Kolkata,2024-09-19,Beauty,Body Lotion,3,349,0.2,837.6,Cash on Delivery,5,0
ORD001561,CUST0448,Kolkata,2023-01-23,Electronics,Laptop Stand,2,1299,0.15,2208.3,Debit Card,3,0
ORD001562,CUST0148,Hyderabad,2024-05-06,Clothing,Jacket,2,2999,0.05,5698.1,Credit Card,4,0
ORD001563,CUST0923,Kolkata,2023-10-09,Sports,Water Jug,3,599,0.15,1527.45,Credit Card,4,0
ORD001564,CUST0967,Chennai,2023-01-29,Home & Kitchen,Knife Set,4,1299,0.0,5196.0,Credit Card,4,0
ORD001565,CUST1006,Bangalore,2023-11-07,Sports,Water Jug,1,599,0.1,539.1,Cash on Delivery,2,0
ORD001566,CUST0409,Kolkata,2024-04-24,Home & Kitchen,Air Fryer,3,3999,0.0,11997.0,Net Banking,5,0
ORD001567,CUST0029,Bangalore,2024-05-27,Groceries,Basmati Rice 5kg,2,499,0.0,998.0,Cash on Delivery,5,0
ORD001568,CUST1450,Hyderabad,2023-03-06,Clothing,Formal Shirt,4,899,0.1,3236.4,Debit Card,3,0
ORD001569,CUST0390,Chennai,2023-05-24,Groceries,Green Tea,3,299,0.05,852.15,UPI,4,0
ORD001570,CUST1038,Jaipur,2024-04-28,Home & Kitchen,Air Fryer,4,3999,0.05,15196.2,Debit Card,5,0
ORD001571,CUST1080,Jaipur,2024-12-15,Sports,Gym Gloves,3,399,0.0,1197.0,Cash on Delivery,4,0
ORD001572,CUST0942,Jaipur,2023-02-16,Groceries,Green Tea,4,299,0.0,1196.0,Debit Card,1,0
ORD001573,CUST0472,Kolkata,2024-05-02,Electronics,Wireless Earbuds,4,2499,0.15,8496.6,Debit Card,4,0
ORD001574,CUST0412,Bangalore,2024-01-29,Beauty,Sunscreen SPF50,1,499,0.0,499.0,Net Banking,5,0
ORD001575,CUST0921,Ahmedabad,2023-02-08,Electronics,Wireless Earbuds,3,2499,0.0,7497.0,Credit Card,5,0
ORD001576,CUST1308,Lucknow,2023-11-25,Home & Kitchen,Storage Box,1,299,0.0,299.0,Net Banking,3,0
ORD001577,CUST1426,Ahmedabad,2023-09-16,Home & Kitchen,Water Bottle,2,399,0.0,798.0,UPI,4,0
ORD001578,CUST0175,Bangalore,2024-06-25,Clothing,Denim Jeans,2,1299,0.05,2468.1,Debit Card,5,0
ORD001579,CUST0243,Chennai,2024-11-15,Electronics,Webcam,1,2199,0.15,1869.15,Credit Card,3,0
ORD001580,CUST1426,Ahmedabad,2024-02-22,Beauty,Sunscreen SPF50,1,499,0.0,499.0,Credit Card,4,0
ORD001581,CUST1121,Lucknow,2023-08-01,Groceries,Olive Oil,4,799,0.0,3196.0,Net Banking,4,0
ORD001582,CUST1334,Ahmedabad,2024-07-26,Sports,Running Shoes,3,3499,0.1,9447.3,Credit Card,5,0
ORD001583,CUST0308,Jaipur,2023-03-14,Home & Kitchen,Knife Set,4,1299,0.2,4156.8,Debit Card,4,0
ORD001584,CUST0906,Lucknow,2023-05-01,Beauty,Body Lotion,3,349,0.0,1047.0,Credit Card,4,0
ORD001585,CUST1075,Pune,2023-08-18,Sports,Gym Gloves,3,399,0.0,1197.0,UPI,5,0
ORD001586,CUST1045,Ahmedabad,2024-01-02,Beauty,Hair Mask,4,399,0.15,1356.6,UPI,2,0
ORD001587,CUST0596,Kolkata,2024-06-14,Electronics,Webcam,2,2199,0.2,3518.4,Cash on Delivery,5,0
ORD001588,CUST0029,Bangalore,2024-12-15,Groceries,Protein Bar Pack,1,699,0.1,629.1,Cash on Delivery,5,0
ORD001589,CUST0893,Ahmedabad,2023-12-13,Home & Kitchen,Storage Box,1,299,0.0,299.0,Debit Card,4,0
ORD001590,CUST0391,Pune,2024-07-14,Groceries,Basmati Rice 5kg,2,499,0.0,998.0,UPI,5,0
ORD001591,CUST0684,Mumbai,2023-03-16,Beauty,Face Serum,2,999,0.05,1898.1,Cash on Delivery,5,0
ORD001592,CUST1443,Chennai,2024-03-02,Sports,Yoga Mat,3,799,0.0,2397.0,Cash on Delivery,4,0
ORD001593,CUST0578,Kolkata,2023-10-05,Electronics,Webcam,4,2199,0.0,8796.0,Credit Card,5,0
ORD001594,CUST1256,Pune,2023-12-25,Electronics,Laptop Stand,2,1299,0.15,2208.3,UPI,4,0
ORD001595,CUST0280,Pune,2023-01-27,Beauty,Sunscreen SPF50,1,499,0.0,499.0,Debit Card,5,0
ORD001596,CUST1030,Mumbai,2024-12-01,Sports,Gym Gloves,4,399,0.15,1356.6,Cash on Delivery,5,0
ORD001597,CUST1465,Hyderabad,2024-01-22,Home & Kitchen,Air Fryer,4,3999,0.2,12796.8,Net Banking,5,0
ORD001598,CUST0164,Hyderabad,2024-03-24,Books,Self Help,2,449,0.0,898.0,Cash on Delivery,3,0
ORD001599,CUST0012,Mumbai,2024-03-23,Groceries,Mixed Nuts,2,599,0.0,1198.0,Debit Card,5,0
ORD001600,CUST0654,Bangalore,2024-02-27,Clothing,Cotton T-Shirt,1,499,0.0,499.0,Cash on Delivery,5,0
ORD001601,CUST0151,Bangalore,2023-09-13,Sports,Yoga Mat,1,799,0.2,639.2,Credit Card,5,0
ORD001602,CUST1137,Hyderabad,2023-10-17,Electronics,Phone Charger,4,599,0.0,2396.0,Debit Card,2,1
ORD001603,CUST1373,Ahmedabad,2024-11-04,Groceries,Olive Oil,4,799,0.05,3036.2,Credit Card,3,0
ORD001604,CUST0654,Bangalore,2024-12-23,Electronics,USB Hub,2,899,0.05,1708.1,UPI,5,0
ORD001605,CUST0397,Pune,2023-11-06,Beauty,Sunscreen SPF50,4,499,0.15,1696.6,Cash on Delivery,5,0
ORD001606,CUST0654,Bangalore,2024-12-15,Groceries,Olive Oil,3,799,0.0,2397.0,Credit Card,4,0
ORD001607,CUST1103,Bangalore,2024-09-28,Electronics,USB Hub,4,899,0.15,3056.6,Credit Card,4,0
ORD001608,CUST0012,Mumbai,2024-07-20,Clothing,Denim Jeans,2,1299,0.0,2598.0,UPI,4,0
ORD001609,CUST0907,Mumbai,2024-12-16,Books,Data Science Guide,1,899,0.0,899.0,Net Banking,4,0
ORD001610,CUST0948,Hyderabad,2023-02-04,Electronics,Wireless Earbuds,4,2499,0.2,7996.8,Cash on Delivery,4,0
ORD001611,CUST0991,Lucknow,2023-10-13,Home & Kitchen,Storage Box,1,299,0.0,299.0,Net Banking,5,0
ORD001612,CUST0379,Delhi,2024-03-30,Home & Kitchen,Air Fryer,4,3999,0.05,15196.2,Debit Card,2,1
ORD001613,CUST1089,Lucknow,2023-11-09,Books,Self Help,1,449,0.15,381.65,Credit Card,2,0
ORD001614,CUST0147,Lucknow,2024-08-28,Sports,Running Shoes,3,3499,0.2,8397.6,Credit Card,4,0
ORD001615,CUST0305,Kolkata,2024-03-13,Groceries,Green Tea,4,299,0.2,956.8,Credit Card,5,0
ORD001616,CUST1325,Delhi,2024-11-25,Beauty,Face Serum,4,999,0.15,3396.6,Cash on Delivery,4,0
ORD001617,CUST1122,Chennai,2024-01-26,Home & Kitchen,Knife Set,3,1299,0.0,3897.0,Debit Card,4,0
ORD001618,CUST0026,Lucknow,2024-11-29,Clothing,Cotton T-Shirt,3,499,0.2,1197.6,Credit Card,5,0
ORD001619,CUST0386,Bangalore,2024-08-07,Clothing,Jacket,3,2999,0.0,8997.0,Cash on Delivery,4,0
ORD001620,CUST0326,Delhi,2023-09-14,Groceries,Mixed Nuts,3,599,0.15,1527.45,Cash on Delivery,5,0
ORD001621,CUST0412,Bangalore,2024-11-07,Electronics,Wireless Earbuds,3,2499,0.1,6747.3,UPI,4,0
ORD001622,CUST0386,Bangalore,2023-01-18,Beauty,Sunscreen SPF50,4,499,0.05,1896.2,Net Banking,4,0
ORD001623,CUST0105,Lucknow,2024-07-23,Electronics,USB Hub,4,899,0.15,3056.6,Credit Card,4,0
ORD001624,CUST0706,Ahmedabad,2024-07-18,Sports,Yoga Mat,3,799,0.1,2157.3,Credit Card,4,0
ORD001625,CUST1114,Kolkata,2023-10-10,Home & Kitchen,Water Bottle,3,399,0.2,957.6,Net Banking,4,0
ORD001626,CUST0934,Mumbai,2024-09-24,Clothing,Denim Jeans,2,1299,0.0,2598.0,Debit Card,5,0
ORD001627,CUST1030,Mumbai,2024-06-02,Electronics,Wireless Earbuds,2,2499,0.15,4248.3,Cash on Delivery,5,0
ORD001628,CUST0128,Jaipur,2023-09-23,Groceries,Basmati Rice 5kg,2,499,0.0,998.0,Credit Card,5,0
ORD001629,CUST1431,Kolkata,2023-08-29,Books,Business Strategy,1,599,0.1,539.1,Credit Card,4,0
ORD001630,CUST1252,Hyderabad,2023-03-21,Sports,Water Jug,1,599,0.1,539.1,UPI,4,0
ORD001631,CUST1210,Kolkata,2024-10-19,Sports,Running Shoes,4,3499,0.0,13996.0,UPI,4,0
ORD001632,CUST1237,Hyderabad,2024-01-04,Clothing,Cotton T-Shirt,3,499,0.1,1347.3,Net Banking,4,0
ORD001633,CUST1407,Hyderabad,2024-09-28,Books,Business Strategy,4,599,0.0,2396.0,UPI,2,1
ORD001634,CUST0817,Lucknow,2024-09-15,Clothing,Jacket,1,2999,0.0,2999.0,UPI,4,0
ORD001635,CUST0306,Lucknow,2024-01-23,Sports,Gym Gloves,3,399,0.0,1197.0,Credit Card,5,0
ORD001636,CUST0951,Lucknow,2024-10-26,Books,Data Science Guide,4,899,0.2,2876.8,Debit Card,2,1
ORD001637,CUST1125,Kolkata,2023-05-05,Sports,Gym Gloves,4,399,0.1,1436.4,Cash on Delivery,5,0
ORD001638,CUST1122,Chennai,2024-06-21,Beauty,Face Serum,4,999,0.15,3396.6,UPI,4,0
ORD001639,CUST0794,Mumbai,2023-12-03,Groceries,Olive Oil,3,799,0.0,2397.0,UPI,4,0
ORD001640,CUST0114,Delhi,2023-04-29,Clothing,Sneakers,3,2499,0.15,6372.45,Net Banking,5,0
ORD001641,CUST0536,Jaipur,2023-12-27,Books,Self Help,3,449,0.0,1347.0,Credit Card,4,0
ORD001642,CUST1383,Kolkata,2024-03-04,Groceries,Protein Bar Pack,2,699,0.05,1328.1,Debit Card,4,0
ORD001643,CUST0898,Kolkata,2024-08-21,Sports,Resistance Bands,4,499,0.15,1696.6,Cash on Delivery,5,0
ORD001644,CUST0811,Ahmedabad,2023-05-01,Groceries,Mixed Nuts,3,599,0.0,1797.0,Net Banking,3,0
ORD001645,CUST0409,Kolkata,2023-07-22,Sports,Resistance Bands,4,499,0.15,1696.6,Net Banking,5,0
ORD001646,CUST0533,Jaipur,2023-09-27,Electronics,Phone Charger,1,599,0.05,569.05,Net Banking,5,0
ORD001647,CUST1349,Kolkata,2023-02-04,Books,Python Programming,2,699,0.2,1118.4,Credit Card,5,0
ORD001648,CUST1024,Pune,2024-06-11,Books,Data Science Guide,1,899,0.0,899.0,Net Banking,5,0
ORD001649,CUST1184,Kolkata,2024-12-14,Home & Kitchen,Storage Box,2,299,0.05,568.1,UPI,4,0
ORD001650,CUST0689,Delhi,2024-09-15,Electronics,USB Hub,3,899,0.1,2427.3,Credit Card,5,0
ORD001651,CUST0979,Chennai,2024-10-07,Electronics,USB Hub,4,899,0.05,3416.2,Net Banking,4,0
ORD001652,CUST0386,Bangalore,2023-07-07,Groceries,Protein Bar Pack,2,699,0.15,1188.3,Cash on Delivery,5,0
ORD001653,CUST1080,Jaipur,2023-01-08,Beauty,Body Lotion,1,349,0.0,349.0,UPI,4,0
ORD001654,CUST0646,Mumbai,2024-03-25,Books,Self Help,4,449,0.0,1796.0,Cash on Delivery,3,0
ORD001655,CUST0676,Delhi,2024-05-20,Groceries,Basmati Rice 5kg,2,499,0.0,998.0,Cash on Delivery,4,0
ORD001656,CUST1007,Ahmedabad,2023-11-27,Sports,Gym Gloves,4,399,0.0,1596.0,Debit Card,4,0
ORD001657,CUST1410,Ahmedabad,2024-06-15,Clothing,Cotton T-Shirt,2,499,0.05,948.1,Cash on Delivery,4,0
ORD001658,CUST0106,Kolkata,2023-06-19,Groceries,Basmati Rice 5kg,3,499,0.0,1497.0,UPI,3,0
ORD001659,CUST1238,Delhi,2023-10-23,Home & Kitchen,Knife Set,2,1299,0.0,2598.0,UPI,5,0
ORD001660,CUST0446,Pune,2023-10-13,Sports,Yoga Mat,2,799,0.15,1358.3,Debit Card,3,0
ORD001661,CUST0676,Delhi,2024-09-04,Sports,Gym Gloves,2,399,0.0,798.0,Cash on Delivery,5,0
ORD001662,CUST0039,Delhi,2023-01-27,Sports,Resistance Bands,1,499,0.05,474.05,UPI,4,0
ORD001663,CUST0454,Hyderabad,2023-05-10,Sports,Water Jug,4,599,0.1,2156.4,UPI,5,0
ORD001664,CUST0766,Chennai,2024-05-20,Electronics,Wireless Earbuds,4,2499,0.05,9496.2,Debit Card,4,0
ORD001665,CUST0092,Lucknow,2023-03-22,Groceries,Basmati Rice 5kg,3,499,0.2,1197.6,Debit Card,5,0
ORD001666,CUST0749,Chennai,2024-06-03,Books,Python Programming,3,699,0.0,2097.0,Net Banking,4,0
ORD001667,CUST1396,Pune,2024-12-05,Books,Fiction Novel,1,299,0.15,254.15,Credit Card,4,0
ORD001668,CUST0173,Ahmedabad,2024-07-25,Home & Kitchen,Air Fryer,3,3999,0.0,11997.0,Credit Card,5,0
ORD001669,CUST1155,Bangalore,2024-08-23,Books,Python Programming,2,699,0.0,1398.0,Debit Card,4,0
ORD001670,CUST0608,Kolkata,2023-06-05,Books,Data Science Guide,3,899,0.05,2562.15,Debit Card,4,0
ORD001671,CUST1013,Jaipur,2023-07-23,Books,Self Help,3,449,0.0,1347.0,Credit Card,5,0
ORD001672,CUST0399,Kolkata,2023-03-10,Sports,Resistance Bands,1,499,0.05,474.05,Cash on Delivery,4,0
ORD001673,CUST0248,Jaipur,2024-12-05,Clothing,Denim Jeans,1,1299,0.05,1234.05,Net Banking,4,0
ORD001674,CUST0249,Delhi,2023-12-24,Books,Fiction Novel,2,299,0.15,508.3,Debit Card,4,0
ORD001675,CUST0116,Delhi,2024-05-11,Groceries,Olive Oil,3,799,0.15,2037.45,Net Banking,4,0
ORD001676,CUST0277,Lucknow,2023-04-09,Sports,Running Shoes,4,3499,0.0,13996.0,UPI,4,0
ORD001677,CUST1023,Mumbai,2024-11-09,Home & Kitchen,Knife Set,3,1299,0.0,3897.0,Debit Card,4,0
ORD001678,CUST1332,Kolkata,2024-12-14,Home & Kitchen,Storage Box,1,299,0.0,299.0,Debit Card,4,0
ORD001679,CUST1223,Mumbai,2024-02-26,Beauty,Lip Balm Pack,4,199,0.1,716.4,Credit Card,5,0
ORD001680,CUST1052,Jaipur,2024-02-23,Groceries,Mixed Nuts,2,599,0.2,958.4,UPI,2,0
ORD001681,CUST0183,Chennai,2024-03-28,Books,Business Strategy,4,599,0.05,2276.2,UPI,4,0
ORD001682,CUST0442,Mumbai,2023-08-13,Electronics,USB Hub,4,899,0.15,3056.6,Credit Card,4,0
ORD001683,CUST0470,Jaipur,2024-08-09,Groceries,Protein Bar Pack,4,699,0.0,2796.0,Cash on Delivery,5,0
ORD001684,CUST0390,Chennai,2024-09-11,Clothing,Cotton T-Shirt,3,499,0.0,1497.0,Credit Card,4,0
ORD001685,CUST0786,Hyderabad,2024-12-22,Beauty,Lip Balm Pack,1,199,0.2,159.2,UPI,4,0
ORD001686,CUST0808,Bangalore,2023-02-20,Beauty,Body Lotion,1,349,0.15,296.65,UPI,4,0
ORD001687,CUST0523,Kolkata,2024-07-02,Sports,Resistance Bands,2,499,0.2,798.4,Debit Card,4,0
ORD001688,CUST0519,Ahmedabad,2024-02-28,Groceries,Olive Oil,3,799,0.0,2397.0,Debit Card,4,0
ORD001689,CUST1241,Hyderabad,2024-06-23,Electronics,Wireless Earbuds,1,2499,0.2,1999.2,Net Banking,3,0
ORD001690,CUST1186,Delhi,2023-10-17,Beauty,Lip Balm Pack,1,199,0.0,199.0,Debit Card,4,0
ORD001691,CUST0468,Delhi,2023-05-07,Books,Data Science Guide,1,899,0.0,899.0,Net Banking,5,0
ORD001692,CUST1373,Ahmedabad,2023-10-04,Books,Self Help,2,449,0.2,718.4,Credit Card,5,0
ORD001693,CUST1434,Jaipur,2023-01-16,Electronics,Webcam,4,2199,0.0,8796.0,Cash on Delivery,5,0
ORD001694,CUST0489,Chennai,2024-08-25,Sports,Resistance Bands,1,499,0.15,424.15,Debit Card,5,0
ORD001695,CUST0519,Ahmedabad,2023-11-28,Beauty,Body Lotion,3,349,0.2,837.6,Credit Card,4,0
ORD001696,CUST0768,Hyderabad,2023-04-13,Groceries,Mixed Nuts,4,599,0.0,2396.0,Cash on Delivery,4,0
ORD001697,CUST1420,Bangalore,2023-04-06,Home & Kitchen,Knife Set,3,1299,0.05,3702.15,Net Banking,4,0
ORD001698,CUST1325,Delhi,2024-12-20,Sports,Running Shoes,4,3499,0.0,13996.0,Debit Card,4,0
ORD001699,CUST0166,Delhi,2024-02-08,Home & Kitchen,Air Fryer,4,3999,0.15,13596.6,Cash on Delivery,5,0
ORD001700,CUST0571,Bangalore,2024-08-14,Books,Python Programming,4,699,0.0,2796.0,Net Banking,5,0
ORD001701,CUST0837,Lucknow,2024-05-03,Beauty,Sunscreen SPF50,4,499,0.0,1996.0,UPI,4,0
ORD001702,CUST0767,Chennai,2024-07-28,Groceries,Olive Oil,1,799,0.0,799.0,Net Banking,3,0
ORD001703,CUST0293,Lucknow,2024-02-17,Sports,Resistance Bands,1,499,0.0,499.0,Net Banking,5,0
ORD001704,CUST1302,Delhi,2024-05-20,Sports,Gym Gloves,2,399,0.0,798.0,UPI,4,0
ORD001705,CUST1041,Bangalore,2023-11-26,Books,Business Strategy,2,599,0.0,1198.0,Cash on Delivery,5,0
ORD001706,CUST1251,Jaipur,2023-08-03,Home & Kitchen,Air Fryer,3,3999,0.15,10197.45,Net Banking,5,0
ORD001707,CUST1300,Kolkata,2023-08-30,Sports,Water Jug,3,599,0.15,1527.45,Net Banking,4,0
ORD001708,CUST1137,Hyderabad,2024-03-11,Sports,Gym Gloves,1,399,0.0,399.0,Net Banking,5,0
ORD001709,CUST0663,Lucknow,2023-05-05,Clothing,Cotton T-Shirt,2,499,0.1,898.2,Net Banking,3,0
ORD001710,CUST0943,Mumbai,2024-05-22,Beauty,Face Serum,1,999,0.05,949.05,Cash on Delivery,3,0
ORD001711,CUST0249,Delhi,2023-01-10,Home & Kitchen,Water Bottle,4,399,0.05,1516.2,Net Banking,4,0
ORD001712,CUST1030,Mumbai,2024-01-16,Groceries,Mixed Nuts,3,599,0.1,1617.3,Debit Card,4,0
ORD001713,CUST0272,Bangalore,2024-09-20,Clothing,Formal Shirt,2,899,0.2,1438.4,UPI,5,0
ORD001714,CUST1061,Chennai,2024-04-18,Sports,Gym Gloves,3,399,0.05,1137.15,UPI,4,0
ORD001715,CUST0359,Chennai,2024-04-30,Books,Data Science Guide,2,899,0.1,1618.2,Debit Card,1,0
ORD001716,CUST0192,Delhi,2024-12-19,Home & Kitchen,Air Fryer,1,3999,0.0,3999.0,Credit Card,3,0
ORD001717,CUST0256,Kolkata,2023-03-04,Sports,Water Jug,3,599,0.0,1797.0,Cash on Delivery,5,0
ORD001718,CUST0002,Mumbai,2024-07-26,Clothing,Cotton T-Shirt,3,499,0.15,1272.45,UPI,5,0
ORD001719,CUST1094,Hyderabad,2023-10-19,Books,Python Programming,2,699,0.0,1398.0,Net Banking,5,0
ORD001720,CUST1111,Ahmedabad,2024-02-17,Sports,Running Shoes,3,3499,0.1,9447.3,Cash on Delivery,5,0
ORD001721,CUST0784,Hyderabad,2023-06-06,Sports,Resistance Bands,1,499,0.1,449.1,Debit Card,3,0
ORD001722,CUST0249,Delhi,2023-04-15,Groceries,Olive Oil,3,799,0.1,2157.3,Cash on Delivery,3,0
ORD001723,CUST0135,Chennai,2024-08-29,Sports,Water Jug,3,599,0.1,1617.3,Cash on Delivery,5,0
ORD001724,CUST0035,Pune,2023-01-03,Books,Self Help,2,449,0.0,898.0,Debit Card,5,0
ORD001725,CUST0256,Kolkata,2023-06-18,Electronics,Webcam,2,2199,0.0,4398.0,Credit Card,4,0
ORD001726,CUST1344,Ahmedabad,2024-06-07,Groceries,Basmati Rice 5kg,1,499,0.0,499.0,Net Banking,5,0
ORD001727,CUST0379,Delhi,2024-05-27,Books,Self Help,3,449,0.0,1347.0,Debit Card,5,0
ORD001728,CUST0519,Ahmedabad,2024-01-30,Sports,Water Jug,4,599,0.2,1916.8,UPI,5,0
ORD001729,CUST0173,Ahmedabad,2023-03-22,Groceries,Green Tea,3,299,0.1,807.3,Debit Card,5,0
ORD001730,CUST0346,Delhi,2024-03-23,Clothing,Formal Shirt,2,899,0.2,1438.4,Net Banking,4,0
ORD001731,CUST0790,Mumbai,2024-03-21,Books,Business Strategy,1,599,0.1,539.1,Debit Card,5,0
ORD001732,CUST0938,Chennai,2024-11-17,Electronics,USB Hub,4,899,0.2,2876.8,Net Banking,4,0
ORD001733,CUST0384,Lucknow,2024-01-19,Clothing,Jacket,2,2999,0.05,5698.1,Credit Card,3,0
ORD001734,CUST0093,Pune,2023-07-19,Clothing,Sneakers,3,2499,0.1,6747.3,Credit Card,1,1
ORD001735,CUST0569,Jaipur,2023-10-07,Groceries,Mixed Nuts,1,599,0.1,539.1,Net Banking,2,1
ORD001736,CUST0365,Kolkata,2024-10-02,Home & Kitchen,Air Fryer,3,3999,0.0,11997.0,Credit Card,2,0
ORD001737,CUST0338,Ahmedabad,2023-06-27,Beauty,Lip Balm Pack,4,199,0.05,756.2,Cash on Delivery,4,0
ORD001738,CUST1445,Hyderabad,2023-01-30,Beauty,Face Serum,1,999,0.0,999.0,Debit Card,5,0
ORD001739,CUST0950,Pune,2024-03-05,Books,Data Science Guide,2,899,0.0,1798.0,Credit Card,5,0
ORD001740,CUST0844,Delhi,2023-04-10,Electronics,Laptop Stand,1,1299,0.0,1299.0,UPI,5,0
ORD001741,CUST0616,Mumbai,2024-11-19,Beauty,Sunscreen SPF50,1,499,0.0,499.0,UPI,5,0
ORD001742,CUST0646,Mumbai,2023-01-15,Books,Data Science Guide,3,899,0.1,2427.3,Net Banking,5,0
ORD001743,CUST0814,Kolkata,2024-05-28,Home & Kitchen,Air Fryer,1,3999,0.0,3999.0,UPI,3,0
ORD001744,CUST1062,Hyderabad,2023-10-10,Electronics,Phone Charger,4,599,0.0,2396.0,Cash on Delivery,5,0
ORD001745,CUST1075,Pune,2023-10-08,Home & Kitchen,Water Bottle,1,399,0.0,399.0,Credit Card,4,0
ORD001746,CUST0262,Bangalore,2024-04-19,Groceries,Protein Bar Pack,1,699,0.1,629.1,Credit Card,3,0
ORD001747,CUST0760,Kolkata,2024-08-28,Clothing,Cotton T-Shirt,2,499,0.0,998.0,Credit Card,5,0
ORD001748,CUST0612,Ahmedabad,2024-10-15,Beauty,Sunscreen SPF50,1,499,0.0,499.0,Credit Card,4,0
ORD001749,CUST1314,Lucknow,2024-11-28,Books,Data Science Guide,3,899,0.2,2157.6,Debit Card,5,0
ORD001750,CUST0982,Kolkata,2024-01-24,Books,Data Science Guide,3,899,0.0,2697.0,Debit Card,5,0
ORD001751,CUST0807,Pune,2023-08-20,Groceries,Olive Oil,3,799,0.05,2277.15,UPI,5,0
ORD001752,CUST0187,Jaipur,2024-12-15,Clothing,Denim Jeans,3,1299,0.0,3897.0,Credit Card,4,0
ORD001753,CUST0933,Jaipur,2024-10-19,Home & Kitchen,Storage Box,3,299,0.0,897.0,Debit Card,4,0
ORD001754,CUST0192,Delhi,2024-07-04,Electronics,Webcam,4,2199,0.0,8796.0,Net Banking,4,0
ORD001755,CUST0502,Delhi,2024-12-17,Groceries,Mixed Nuts,2,599,0.0,1198.0,Cash on Delivery,5,0
ORD001756,CUST0229,Mumbai,2023-08-04,Beauty,Hair Mask,1,399,0.1,359.1,Net Banking,4,0
ORD001757,CUST1057,Mumbai,2024-11-05,Groceries,Basmati Rice 5kg,1,499,0.1,449.1,Net Banking,5,0
ORD001758,CUST0314,Chennai,2024-07-31,Clothing,Sneakers,3,2499,0.0,7497.0,Cash on Delivery,4,0
ORD001759,CUST0569,Jaipur,2024-01-03,Electronics,USB Hub,1,899,0.15,764.15,Credit Card,5,0
ORD001760,CUST1351,Pune,2023-12-11,Clothing,Sneakers,4,2499,0.0,9996.0,Credit Card,5,0
ORD001761,CUST0311,Hyderabad,2024-04-23,Clothing,Formal Shirt,3,899,0.0,2697.0,Credit Card,4,0
ORD001762,CUST0772,Delhi,2024-08-12,Home & Kitchen,Coffee Mug,4,249,0.1,896.4,Net Banking,5,0
ORD001763,CUST0620,Mumbai,2024-01-18,Home & Kitchen,Water Bottle,3,399,0.15,1017.45,Net Banking,5,0
ORD001764,CUST0034,Hyderabad,2023-08-28,Books,Self Help,3,449,0.0,1347.0,Cash on Delivery,5,0
ORD001765,CUST1192,Pune,2023-10-03,Electronics,Laptop Stand,4,1299,0.2,4156.8,Net Banking,5,0
ORD001766,CUST0115,Mumbai,2023-06-20,Sports,Yoga Mat,2,799,0.1,1438.2,Cash on Delivery,5,0
ORD001767,CUST0721,Pune,2023-05-23,Books,Fiction Novel,2,299,0.1,538.2,UPI,3,0
ORD001768,CUST0848,Delhi,2023-05-25,Beauty,Face Serum,1,999,0.0,999.0,Net Banking,5,0
ORD001769,CUST0973,Hyderabad,2024-11-05,Home & Kitchen,Water Bottle,4,399,0.0,1596.0,Debit Card,3,0
ORD001770,CUST1054,Pune,2023-08-30,Groceries,Mixed Nuts,1,599,0.0,599.0,Net Banking,5,0
ORD001771,CUST0391,Pune,2024-07-22,Electronics,Phone Charger,2,599,0.15,1018.3,UPI,5,0
ORD001772,CUST0013,Mumbai,2023-04-13,Electronics,Laptop Stand,2,1299,0.0,2598.0,Net Banking,4,0
ORD001773,CUST1103,Bangalore,2024-01-21,Books,Data Science Guide,4,899,0.15,3056.6,Debit Card,5,0
ORD001774,CUST0808,Bangalore,2023-11-22,Beauty,Face Serum,4,999,0.0,3996.0,Debit Card,5,0
ORD001775,CUST1249,Hyderabad,2024-11-21,Home & Kitchen,Storage Box,3,299,0.2,717.6,Net Banking,5,0
ORD001776,CUST1231,Pune,2024-05-15,Sports,Water Jug,1,599,0.0,599.0,Cash on Delivery,5,0
ORD001777,CUST1268,Bangalore,2023-08-29,Electronics,Phone Charger,2,599,0.2,958.4,UPI,4,0
ORD001778,CUST0738,Delhi,2024-10-23,Sports,Yoga Mat,4,799,0.0,3196.0,Net Banking,4,0
ORD001779,CUST0499,Jaipur,2024-03-21,Clothing,Cotton T-Shirt,2,499,0.0,998.0,Net Banking,3,0
ORD001780,CUST1190,Lucknow,2023-10-19,Books,Data Science Guide,4,899,0.0,3596.0,Net Banking,4,0
ORD001781,CUST0685,Pune,2023-06-17,Electronics,USB Hub,4,899,0.0,3596.0,Cash on Delivery,4,0
ORD001782,CUST0274,Chennai,2023-03-26,Beauty,Face Serum,4,999,0.2,3196.8,Credit Card,4,0
ORD001783,CUST1294,Jaipur,2023-11-23,Books,Self Help,1,449,0.0,449.0,Cash on Delivery,3,0
ORD001784,CUST1334,Ahmedabad,2024-10-31,Home & Kitchen,Knife Set,1,1299,0.05,1234.05,Net Banking,5,0
ORD001785,CUST0716,Hyderabad,2023-09-22,Home & Kitchen,Air Fryer,3,3999,0.05,11397.15,Credit Card,5,0
ORD001786,CUST0121,Delhi,2024-04-29,Sports,Water Jug,3,599,0.2,1437.6,Cash on Delivery,5,0
ORD001787,CUST0560,Hyderabad,2024-06-28,Groceries,Basmati Rice 5kg,2,499,0.05,948.1,Credit Card,5,0
ORD001788,CUST1206,Delhi,2024-08-27,Clothing,Cotton T-Shirt,3,499,0.15,1272.45,Cash on Delivery,4,0
ORD001789,CUST1357,Jaipur,2023-02-19,Beauty,Body Lotion,4,349,0.05,1326.2,Credit Card,4,0
ORD001790,CUST0309,Pune,2023-02-21,Electronics,Laptop Stand,4,1299,0.0,5196.0,UPI,5,0
ORD001791,CUST0113,Ahmedabad,2023-10-31,Groceries,Protein Bar Pack,3,699,0.15,1782.45,Credit Card,5,0
ORD001792,CUST1325,Delhi,2024-01-01,Sports,Running Shoes,2,3499,0.0,6998.0,Net Banking,4,0
ORD001793,CUST0565,Hyderabad,2023-04-25,Groceries,Mixed Nuts,1,599,0.1,539.1,Credit Card,4,0
ORD001794,CUST0814,Kolkata,2023-03-28,Sports,Water Jug,2,599,0.0,1198.0,Debit Card,4,0
ORD001795,CUST1453,Bangalore,2023-10-09,Books,Data Science Guide,4,899,0.05,3416.2,Net Banking,4,0
ORD001796,CUST0113,Ahmedabad,2024-06-20,Books,Fiction Novel,2,299,0.2,478.4,Credit Card,4,0
ORD001797,CUST1005,Ahmedabad,2023-05-31,Electronics,USB Hub,3,899,0.0,2697.0,Credit Card,5,0
ORD001798,CUST0119,Kolkata,2024-10-14,Home & Kitchen,Coffee Mug,1,249,0.0,249.0,Net Banking,5,0
ORD001799,CUST0541,Ahmedabad,2023-09-21,Home & Kitchen,Air Fryer,2,3999,0.15,6798.3,Credit Card,5,0
ORD001800,CUST1207,Hyderabad,2023-07-16,Beauty,Lip Balm Pack,1,199,0.2,159.2,UPI,4,0
ORD001801,CUST0653,Hyderabad,2023-02-20,Sports,Gym Gloves,2,399,0.15,678.3,Net Banking,4,0
ORD001802,CUST1497,Kolkata,2024-12-06,Clothing,Sneakers,3,2499,0.15,6372.45,UPI,5,0
ORD001803,CUST0848,Delhi,2024-11-25,Sports,Yoga Mat,4,799,0.0,3196.0,Credit Card,4,0
ORD001804,CUST0481,Bangalore,2024-02-29,Home & Kitchen,Water Bottle,1,399,0.2,319.2,UPI,5,0
ORD001805,CUST0338,Ahmedabad,2023-08-15,Groceries,Protein Bar Pack,3,699,0.0,2097.0,UPI,4,0
ORD001806,CUST0514,Mumbai,2024-12-30,Clothing,Cotton T-Shirt,3,499,0.15,1272.45,Net Banking,5,0
ORD001807,CUST0537,Hyderabad,2024-02-03,Sports,Water Jug,3,599,0.1,1617.3,Cash on Delivery,4,0
ORD001808,CUST0114,Delhi,2023-12-21,Electronics,USB Hub,3,899,0.0,2697.0,Debit Card,5,0
ORD001809,CUST0535,Mumbai,2024-12-15,Home & Kitchen,Knife Set,2,1299,0.1,2338.2,Net Banking,3,0
ORD001810,CUST0711,Pune,2024-08-08,Groceries,Protein Bar Pack,1,699,0.15,594.15,Net Banking,5,0
ORD001811,CUST1102,Jaipur,2024-06-26,Sports,Running Shoes,1,3499,0.0,3499.0,UPI,4,0
ORD001812,CUST1015,Ahmedabad,2024-04-23,Beauty,Hair Mask,4,399,0.15,1356.6,Debit Card,1,0
ORD001813,CUST1084,Bangalore,2023-01-24,Sports,Running Shoes,4,3499,0.05,13296.2,UPI,5,0
ORD001814,CUST0012,Mumbai,2024-07-04,Sports,Water Jug,2,599,0.05,1138.1,Cash on Delivery,3,0
ORD001815,CUST0332,Pune,2023-08-12,Beauty,Face Serum,1,999,0.05,949.05,Credit Card,4,0
ORD001816,CUST1019,Lucknow,2023-06-12,Sports,Running Shoes,2,3499,0.2,5598.4,Net Banking,5,0
ORD001817,CUST0738,Delhi,2023-08-11,Sports,Water Jug,3,599,0.2,1437.6,Cash on Delivery,4,0
ORD001818,CUST0008,Jaipur,2023-04-19,Groceries,Mixed Nuts,3,599,0.15,1527.45,UPI,5,0
ORD001819,CUST1207,Hyderabad,2024-02-18,Sports,Gym Gloves,4,399,0.0,1596.0,Net Banking,4,0
ORD001820,CUST1166,Delhi,2023-07-01,Groceries,Protein Bar Pack,2,699,0.2,1118.4,Credit Card,4,0
ORD001821,CUST0826,Jaipur,2023-06-26,Sports,Running Shoes,4,3499,0.15,11896.6,Credit Card,5,0
ORD001822,CUST0113,Ahmedabad,2024-02-25,Home & Kitchen,Coffee Mug,4,249,0.05,946.2,Credit Card,3,0
ORD001823,CUST1158,Jaipur,2024-09-26,Sports,Resistance Bands,2,499,0.1,898.2,Credit Card,4,0
ORD001824,CUST0895,Delhi,2023-11-29,Sports,Gym Gloves,4,399,0.0,1596.0,Debit Card,5,0
ORD001825,CUST1179,Delhi,2023-01-24,Sports,Water Jug,1,599,0.0,599.0,Net Banking,5,0
ORD001826,CUST1143,Chennai,2023-06-15,Sports,Gym Gloves,2,399,0.2,638.4,Debit Card,4,0
ORD001827,CUST1206,Delhi,2023-05-16,Clothing,Sneakers,2,2499,0.0,4998.0,Credit Card,4,0
ORD001828,CUST0790,Mumbai,2023-09-08,Clothing,Jacket,4,2999,0.05,11396.2,Net Banking,5,0
ORD001829,CUST0227,Kolkata,2024-10-18,Clothing,Denim Jeans,4,1299,0.1,4676.4,Cash on Delivery,3,0
ORD001830,CUST1028,Bangalore,2024-04-18,Beauty,Hair Mask,2,399,0.0,798.0,Credit Card,5,0
ORD001831,CUST0956,Chennai,2024-06-16,Electronics,Wireless Earbuds,4,2499,0.2,7996.8,Net Banking,5,0
ORD001832,CUST1124,Mumbai,2024-07-04,Electronics,Laptop Stand,3,1299,0.15,3312.45,Cash on Delivery,3,0
ORD001833,CUST0261,Mumbai,2024-05-07,Books,Fiction Novel,1,299,0.05,284.05,Credit Card,5,0
ORD001834,CUST0296,Kolkata,2024-02-14,Groceries,Protein Bar Pack,1,699,0.0,699.0,Cash on Delivery,5,0
ORD001835,CUST1343,Bangalore,2023-05-08,Books,Self Help,4,449,0.2,1436.8,UPI,3,0
ORD001836,CUST1140,Bangalore,2023-06-23,Beauty,Body Lotion,1,349,0.15,296.65,UPI,4,0
ORD001837,CUST1367,Pune,2023-09-28,Clothing,Denim Jeans,4,1299,0.0,5196.0,Credit Card,3,0
ORD001838,CUST1150,Chennai,2023-09-24,Home & Kitchen,Knife Set,2,1299,0.2,2078.4,Net Banking,4,0
ORD001839,CUST0921,Ahmedabad,2023-10-09,Groceries,Protein Bar Pack,3,699,0.1,1887.3,Debit Card,4,0
ORD001840,CUST1012,Jaipur,2023-08-15,Clothing,Jacket,3,2999,0.0,8997.0,Cash on Delivery,5,0
ORD001841,CUST1343,Bangalore,2023-06-12,Groceries,Mixed Nuts,3,599,0.15,1527.45,UPI,4,0
ORD001842,CUST0888,Chennai,2024-12-12,Home & Kitchen,Knife Set,3,1299,0.0,3897.0,Cash on Delivery,3,0
ORD001843,CUST0985,Hyderabad,2023-08-22,Groceries,Protein Bar Pack,3,699,0.15,1782.45,UPI,1,1
ORD001844,CUST0246,Delhi,2024-01-08,Clothing,Jacket,1,2999,0.0,2999.0,Cash on Delivery,5,0
ORD001845,CUST0721,Pune,2024-10-21,Home & Kitchen,Knife Set,2,1299,0.0,2598.0,Cash on Delivery,3,0
ORD001846,CUST1091,Ahmedabad,2024-05-11,Groceries,Green Tea,3,299,0.05,852.15,Cash on Delivery,5,0
ORD001847,CUST0412,Bangalore,2023-01-15,Home & Kitchen,Water Bottle,4,399,0.05,1516.2,Credit Card,5,0
ORD001848,CUST0307,Lucknow,2023-08-18,Groceries,Olive Oil,3,799,0.0,2397.0,Cash on Delivery,3,0
ORD001849,CUST0474,Kolkata,2024-05-25,Beauty,Face Serum,2,999,0.0,1998.0,Credit Card,4,0
ORD001850,CUST0379,Delhi,2023-07-27,Beauty,Body Lotion,2,349,0.15,593.3,Credit Card,4,0
ORD001851,CUST0327,Jaipur,2023-03-10,Home & Kitchen,Air Fryer,3,3999,0.1,10797.3,Cash on Delivery,4,0
ORD001852,CUST0632,Pune,2023-02-27,Beauty,Body Lotion,1,349,0.2,279.2,Cash on Delivery,4,0
ORD001853,CUST1365,Lucknow,2023-07-07,Clothing,Denim Jeans,3,1299,0.2,3117.6,Debit Card,5,0
ORD001854,CUST0770,Hyderabad,2024-09-15,Clothing,Sneakers,2,2499,0.0,4998.0,UPI,4,0
ORD001855,CUST0280,Pune,2024-06-19,Electronics,Phone Charger,1,599,0.0,599.0,Debit Card,4,0
ORD001856,CUST0122,Kolkata,2023-04-11,Clothing,Denim Jeans,4,1299,0.05,4936.2,Credit Card,4,0
ORD001857,CUST1062,Hyderabad,2023-04-30,Groceries,Basmati Rice 5kg,2,499,0.05,948.1,Net Banking,4,0
ORD001858,CUST0552,Bangalore,2024-05-13,Clothing,Cotton T-Shirt,2,499,0.1,898.2,Credit Card,4,0
ORD001859,CUST1231,Pune,2024-03-29,Sports,Water Jug,1,599,0.15,509.15,Debit Card,5,0
ORD001860,CUST1018,Hyderabad,2023-09-15,Sports,Gym Gloves,4,399,0.0,1596.0,Cash on Delivery,5,0
ORD001861,CUST1197,Chennai,2024-06-03,Groceries,Protein Bar Pack,2,699,0.0,1398.0,UPI,4,0
ORD001862,CUST0413,Delhi,2024-06-28,Books,Business Strategy,3,599,0.2,1437.6,UPI,4,0
ORD001863,CUST1057,Mumbai,2024-03-26,Books,Fiction Novel,3,299,0.15,762.45,Debit Card,3,0
ORD001864,CUST0404,Bangalore,2024-04-26,Home & Kitchen,Air Fryer,3,3999,0.1,10797.3,Debit Card,4,0
ORD001865,CUST1416,Lucknow,2024-03-29,Electronics,Laptop Stand,3,1299,0.0,3897.0,Cash on Delivery,4,0
ORD001866,CUST0990,Hyderabad,2023-04-22,Beauty,Sunscreen SPF50,2,499,0.2,798.4,Debit Card,5,0
ORD001867,CUST0486,Jaipur,2024-06-27,Groceries,Green Tea,3,299,0.0,897.0,UPI,4,0
ORD001868,CUST0412,Bangalore,2023-06-10,Sports,Resistance Bands,2,499,0.0,998.0,Net Banking,3,0
ORD001869,CUST0283,Lucknow,2024-11-09,Beauty,Sunscreen SPF50,2,499,0.1,898.2,Cash on Delivery,3,0
ORD001870,CUST1061,Chennai,2023-10-03,Home & Kitchen,Coffee Mug,4,249,0.2,796.8,UPI,4,0
ORD001871,CUST0337,Bangalore,2023-11-10,Home & Kitchen,Storage Box,3,299,0.0,897.0,UPI,4,0
ORD001872,CUST0919,Ahmedabad,2024-03-11,Beauty,Hair Mask,4,399,0.0,1596.0,Net Banking,4,0
ORD001873,CUST0404,Bangalore,2023-12-29,Electronics,Laptop Stand,1,1299,0.05,1234.05,Debit Card,5,0
ORD001874,CUST1021,Hyderabad,2024-12-22,Home & Kitchen,Storage Box,1,299,0.2,239.2,UPI,4,0
ORD001875,CUST1224,Pune,2024-03-13,Groceries,Mixed Nuts,1,599,0.0,599.0,UPI,5,0
ORD001876,CUST1172,Jaipur,2023-08-09,Sports,Gym Gloves,2,399,0.2,638.4,Net Banking,5,0
ORD001877,CUST1151,Pune,2023-09-06,Beauty,Hair Mask,1,399,0.0,399.0,Net Banking,3,0
ORD001878,CUST0280,Pune,2024-11-06,Books,Fiction Novel,4,299,0.0,1196.0,Net Banking,4,0
ORD001879,CUST0141,Jaipur,2023-04-14,Clothing,Formal Shirt,4,899,0.0,3596.0,Cash on Delivery,2,1
ORD001880,CUST1064,Kolkata,2024-04-28,Groceries,Protein Bar Pack,3,699,0.0,2097.0,Credit Card,3,0
ORD001881,CUST0533,Jaipur,2023-06-04,Groceries,Protein Bar Pack,2,699,0.2,1118.4,Cash on Delivery,4,0
ORD001882,CUST0650,Mumbai,2023-09-09,Clothing,Jacket,1,2999,0.05,2849.05,Cash on Delivery,4,0
ORD001883,CUST0053,Pune,2023-01-23,Beauty,Hair Mask,3,399,0.15,1017.45,Credit Card,3,0
ORD001884,CUST0399,Kolkata,2024-04-01,Beauty,Hair Mask,3,399,0.2,957.6,Debit Card,5,0
ORD001885,CUST0054,Lucknow,2024-04-16,Clothing,Formal Shirt,4,899,0.0,3596.0,Debit Card,4,0
ORD001886,CUST1328,Hyderabad,2023-01-24,Books,Business Strategy,3,599,0.1,1617.3,Net Banking,3,0
ORD001887,CUST0382,Mumbai,2023-02-19,Home & Kitchen,Knife Set,4,1299,0.2,4156.8,Credit Card,5,0
ORD001888,CUST0844,Delhi,2024-03-23,Sports,Running Shoes,1,3499,0.1,3149.1,Cash on Delivery,5,0
ORD001889,CUST0064,Chennai,2024-08-11,Beauty,Hair Mask,4,399,0.0,1596.0,Credit Card,4,0
ORD001890,CUST1025,Ahmedabad,2023-04-26,Books,Python Programming,1,699,0.1,629.1,Cash on Delivery,4,0
ORD001891,CUST0484,Chennai,2024-10-27,Beauty,Face Serum,4,999,0.1,3596.4,Credit Card,5,0
ORD001892,CUST1353,Jaipur,2024-04-07,Beauty,Lip Balm Pack,3,199,0.05,567.15,Debit Card,5,0
ORD001893,CUST1338,Pune,2024-10-25,Books,Business Strategy,1,599,0.0,599.0,Net Banking,4,0
ORD001894,CUST0486,Jaipur,2024-08-11,Sports,Water Jug,1,599,0.05,569.05,Cash on Delivery,4,0
ORD001895,CUST1356,Jaipur,2023-08-19,Beauty,Lip Balm Pack,1,199,0.0,199.0,Debit Card,4,0
ORD001896,CUST1495,Kolkata,2024-04-13,Groceries,Olive Oil,3,799,0.1,2157.3,Debit Card,5,0
ORD001897,CUST1239,Ahmedabad,2024-08-13,Beauty,Body Lotion,3,349,0.15,889.95,Debit Card,3,0
ORD001898,CUST1271,Hyderabad,2023-01-27,Clothing,Formal Shirt,2,899,0.0,1798.0,Credit Card,4,0
ORD001899,CUST0389,Mumbai,2023-12-02,Beauty,Sunscreen SPF50,3,499,0.0,1497.0,Debit Card,5,0
ORD001900,CUST0885,Ahmedabad,2023-06-17,Books,Data Science Guide,2,899,0.0,1798.0,UPI,4,0
ORD001901,CUST0113,Ahmedabad,2023-05-21,Clothing,Denim Jeans,3,1299,0.0,3897.0,Net Banking,5,0
ORD001902,CUST0155,Lucknow,2023-08-02,Electronics,Laptop Stand,1,1299,0.05,1234.05,Net Banking,4,0
ORD001903,CUST1500,Kolkata,2024-01-25,Home & Kitchen,Knife Set,2,1299,0.0,2598.0,Credit Card,4,0
ORD001904,CUST0489,Chennai,2023-08-03,Electronics,Phone Charger,1,599,0.0,599.0,Net Banking,3,0
ORD001905,CUST1137,Hyderabad,2023-11-21,Books,Fiction Novel,3,299,0.15,762.45,Debit Card,4,0
ORD001906,CUST1210,Kolkata,2023-09-19,Electronics,Webcam,3,2199,0.05,6267.15,Net Banking,4,0
ORD001907,CUST1300,Kolkata,2024-03-06,Electronics,Wireless Earbuds,4,2499,0.2,7996.8,Credit Card,4,0
ORD001908,CUST1497,Kolkata,2023-03-08,Groceries,Mixed Nuts,3,599,0.2,1437.6,UPI,4,0
ORD001909,CUST0379,Delhi,2023-01-17,Clothing,Cotton T-Shirt,4,499,0.05,1896.2,UPI,5,0
ORD001910,CUST0068,Pune,2023-09-12,Books,Business Strategy,1,599,0.0,599.0,Credit Card,3,0
ORD001911,CUST0612,Ahmedabad,2024-12-12,Clothing,Jacket,2,2999,0.0,5998.0,Credit Card,4,0
ORD001912,CUST0205,Mumbai,2024-11-07,Electronics,Webcam,2,2199,0.2,3518.4,Cash on Delivery,4,0
ORD001913,CUST0039,Delhi,2023-06-28,Home & Kitchen,Water Bottle,4,399,0.0,1596.0,Debit Card,5,0
ORD001914,CUST0525,Kolkata,2023-06-16,Books,Data Science Guide,3,899,0.0,2697.0,Net Banking,1,1
ORD001915,CUST1181,Pune,2023-11-25,Books,Business Strategy,3,599,0.1,1617.3,Credit Card,1,1
ORD001916,CUST0861,Mumbai,2023-02-17,Home & Kitchen,Air Fryer,2,3999,0.05,7598.1,Cash on Delivery,4,0
ORD001917,CUST0472,Kolkata,2023-04-13,Books,Fiction Novel,2,299,0.0,598.0,Credit Card,1,0
ORD001918,CUST1012,Jaipur,2024-04-20,Home & Kitchen,Air Fryer,1,3999,0.05,3799.05,Cash on Delivery,5,0
ORD001919,CUST0363,Mumbai,2024-05-02,Home & Kitchen,Water Bottle,1,399,0.0,399.0,UPI,4,0
ORD001920,CUST0026,Lucknow,2024-11-15,Clothing,Formal Shirt,3,899,0.1,2427.3,Net Banking,5,0
ORD001921,CUST1155,Bangalore,2023-08-13,Home & Kitchen,Coffee Mug,2,249,0.0,498.0,Debit Card,4,0
ORD001922,CUST0967,Chennai,2024-02-18,Clothing,Cotton T-Shirt,1,499,0.15,424.15,Cash on Delivery,4,0
ORD001923,CUST1152,Kolkata,2023-07-09,Electronics,Phone Charger,2,599,0.0,1198.0,UPI,5,0
ORD001924,CUST0064,Chennai,2023-05-15,Groceries,Protein Bar Pack,3,699,0.2,1677.6,UPI,4,0
ORD001925,CUST1251,Jaipur,2024-01-30,Books,Data Science Guide,1,899,0.15,764.15,Debit Card,5,0
ORD001926,CUST0954,Mumbai,2023-02-04,Clothing,Cotton T-Shirt,2,499,0.15,848.3,Debit Card,5,0
ORD001927,CUST0854,Bangalore,2024-08-08,Clothing,Sneakers,3,2499,0.0,7497.0,UPI,4,0
ORD001928,CUST0969,Mumbai,2023-08-08,Clothing,Jacket,4,2999,0.05,11396.2,UPI,4,0
ORD001929,CUST1307,Pune,2023-10-14,Sports,Water Jug,1,599,0.15,509.15,Cash on Delivery,5,0
ORD001930,CUST0906,Lucknow,2023-12-16,Groceries,Mixed Nuts,2,599,0.0,1198.0,Net Banking,5,0
ORD001931,CUST0892,Jaipur,2023-04-09,Beauty,Body Lotion,4,349,0.15,1186.6,UPI,5,0
ORD001932,CUST1479,Lucknow,2024-01-10,Beauty,Body Lotion,3,349,0.0,1047.0,Credit Card,4,0
ORD001933,CUST1148,Bangalore,2024-04-13,Sports,Resistance Bands,1,499,0.0,499.0,Credit Card,5,0
ORD001934,CUST0675,Hyderabad,2023-12-22,Sports,Running Shoes,2,3499,0.2,5598.4,Net Banking,4,0
ORD001935,CUST1081,Kolkata,2024-06-07,Sports,Yoga Mat,2,799,0.05,1518.1,Debit Card,3,0
ORD001936,CUST0561,Chennai,2023-12-29,Beauty,Face Serum,2,999,0.15,1698.3,Debit Card,4,0
ORD001937,CUST0359,Chennai,2024-06-29,Sports,Gym Gloves,1,399,0.2,319.2,Debit Card,4,0
ORD001938,CUST0921,Ahmedabad,2023-06-12,Books,Fiction Novel,2,299,0.0,598.0,Debit Card,3,0
ORD001939,CUST1399,Bangalore,2023-06-05,Books,Fiction Novel,2,299,0.2,478.4,Cash on Delivery,4,0
ORD001940,CUST1400,Lucknow,2024-02-15,Home & Kitchen,Water Bottle,3,399,0.0,1197.0,Cash on Delivery,4,0
ORD001941,CUST0508,Hyderabad,2023-05-20,Home & Kitchen,Knife Set,4,1299,0.0,5196.0,UPI,5,0
ORD001942,CUST0800,Delhi,2024-07-23,Electronics,Wireless Earbuds,3,2499,0.15,6372.45,Debit Card,5,0
ORD001943,CUST0324,Lucknow,2024-02-25,Books,Fiction Novel,1,299,0.0,299.0,Net Banking,3,0
ORD001944,CUST1493,Delhi,2023-06-13,Beauty,Sunscreen SPF50,2,499,0.05,948.1,Net Banking,5,0
ORD001945,CUST1469,Delhi,2023-12-25,Sports,Resistance Bands,2,499,0.2,798.4,UPI,2,0
ORD001946,CUST1007,Ahmedabad,2024-08-22,Clothing,Sneakers,1,2499,0.15,2124.15,Debit Card,5,0
ORD001947,CUST1207,Hyderabad,2023-10-10,Clothing,Sneakers,2,2499,0.15,4248.3,Credit Card,5,0
ORD001948,CUST1089,Lucknow,2023-04-16,Books,Python Programming,3,699,0.1,1887.3,Cash on Delivery,5,0
ORD001949,CUST0918,Kolkata,2023-05-08,Home & Kitchen,Water Bottle,4,399,0.0,1596.0,Cash on Delivery,4,0
ORD001950,CUST0088,Kolkata,2023-12-16,Home & Kitchen,Water Bottle,1,399,0.2,319.2,Credit Card,5,0
ORD001951,CUST0689,Delhi,2024-04-22,Home & Kitchen,Storage Box,1,299,0.15,254.15,Debit Card,4,0
ORD001952,CUST1036,Ahmedabad,2024-06-19,Books,Self Help,3,449,0.0,1347.0,Cash on Delivery,3,0
ORD001953,CUST1042,Kolkata,2024-11-11,Sports,Running Shoes,2,3499,0.2,5598.4,Net Banking,4,0
ORD001954,CUST0537,Hyderabad,2023-10-14,Home & Kitchen,Air Fryer,1,3999,0.2,3199.2,UPI,5,0
ORD001955,CUST1420,Bangalore,2024-11-13,Groceries,Green Tea,3,299,0.05,852.15,UPI,5,0
ORD001956,CUST0257,Ahmedabad,2024-05-12,Electronics,Wireless Earbuds,1,2499,0.15,2124.15,Net Banking,4,0
ORD001957,CUST0760,Kolkata,2023-09-30,Clothing,Jacket,4,2999,0.15,10196.6,Net Banking,3,0
ORD001958,CUST1055,Ahmedabad,2024-06-15,Sports,Gym Gloves,4,399,0.1,1436.4,Net Banking,5,0
ORD001959,CUST1062,Hyderabad,2024-10-20,Electronics,Webcam,1,2199,0.1,1979.1,Cash on Delivery,5,0
ORD001960,CUST1006,Bangalore,2024-08-17,Electronics,Wireless Earbuds,2,2499,0.0,4998.0,Cash on Delivery,5,0
ORD001961,CUST0419,Ahmedabad,2024-10-24,Home & Kitchen,Knife Set,1,1299,0.0,1299.0,Net Banking,5,0
ORD001962,CUST0246,Delhi,2024-10-05,Sports,Gym Gloves,1,399,0.05,379.05,Net Banking,5,0
ORD001963,CUST0990,Hyderabad,2023-07-05,Books,Python Programming,2,699,0.1,1258.2,Credit Card,1,0
ORD001964,CUST0923,Kolkata,2024-04-12,Groceries,Protein Bar Pack,1,699,0.15,594.15,UPI,5,0
ORD001965,CUST0272,Bangalore,2023-10-11,Groceries,Mixed Nuts,3,599,0.0,1797.0,Credit Card,4,0
ORD001966,CUST1080,Jaipur,2023-06-14,Groceries,Protein Bar Pack,3,699,0.2,1677.6,Cash on Delivery,4,0
ORD001967,CUST0689,Delhi,2023-12-23,Books,Business Strategy,4,599,0.2,1916.8,Debit Card,5,0
ORD001968,CUST1025,Ahmedabad,2023-12-27,Beauty,Lip Balm Pack,1,199,0.0,199.0,Debit Card,5,0
ORD001969,CUST1251,Jaipur,2023-04-03,Groceries,Mixed Nuts,1,599,0.15,509.15,UPI,5,0
ORD001970,CUST0261,Mumbai,2024-01-27,Sports,Water Jug,2,599,0.2,958.4,Net Banking,4,0
ORD001971,CUST0035,Pune,2023-06-13,Groceries,Mixed Nuts,4,599,0.0,2396.0,UPI,5,0
ORD001972,CUST1173,Pune,2023-11-14,Electronics,Wireless Earbuds,2,2499,0.1,4498.2,Cash on Delivery,5,0
ORD001973,CUST0940,Delhi,2024-09-25,Groceries,Green Tea,2,299,0.05,568.1,Debit Card,5,0
ORD001974,CUST1066,Delhi,2023-09-27,Electronics,Wireless Earbuds,4,2499,0.2,7996.8,UPI,3,0
ORD001975,CUST1251,Jaipur,2024-01-30,Sports,Running Shoes,4,3499,0.0,13996.0,UPI,3,0
ORD001976,CUST1206,Delhi,2023-08-19,Sports,Gym Gloves,1,399,0.0,399.0,Credit Card,4,0
ORD001977,CUST1447,Lucknow,2023-10-08,Clothing,Jacket,2,2999,0.15,5098.3,Debit Card,1,1
ORD001978,CUST0808,Bangalore,2023-08-10,Clothing,Denim Jeans,4,1299,0.15,4416.6,UPI,3,0
ORD001979,CUST0746,Ahmedabad,2024-03-25,Clothing,Cotton T-Shirt,4,499,0.2,1596.8,Cash on Delivery,4,0
ORD001980,CUST0582,Ahmedabad,2024-06-15,Sports,Resistance Bands,4,499,0.0,1996.0,Cash on Delivery,4,0
ORD001981,CUST0243,Chennai,2023-09-27,Home & Kitchen,Storage Box,3,299,0.2,717.6,UPI,4,0
ORD001982,CUST0871,Kolkata,2024-12-10,Clothing,Formal Shirt,3,899,0.0,2697.0,Debit Card,3,0
ORD001983,CUST0420,Pune,2024-06-03,Beauty,Body Lotion,2,349,0.0,698.0,Cash on Delivery,5,0
ORD001984,CUST1385,Lucknow,2023-12-23,Groceries,Basmati Rice 5kg,2,499,0.15,848.3,Cash on Delivery,5,0
ORD001985,CUST0895,Delhi,2024-08-11,Beauty,Sunscreen SPF50,4,499,0.0,1996.0,Net Banking,5,0
ORD001986,CUST0916,Bangalore,2024-03-22,Sports,Water Jug,4,599,0.1,2156.4,Credit Card,2,0
ORD001987,CUST0521,Lucknow,2024-05-03,Sports,Water Jug,1,599,0.0,599.0,Debit Card,5,0
ORD001988,CUST0087,Pune,2023-10-10,Electronics,USB Hub,1,899,0.15,764.15,Credit Card,4,0
ORD001989,CUST0053,Pune,2024-12-22,Books,Fiction Novel,4,299,0.05,1136.2,Debit Card,5,0
ORD001990,CUST0632,Pune,2024-07-05,Home & Kitchen,Water Bottle,4,399,0.0,1596.0,UPI,5,0
ORD001991,CUST0137,Bangalore,2024-07-06,Groceries,Olive Oil,4,799,0.0,3196.0,Cash on Delivery,5,0
ORD001992,CUST0934,Mumbai,2024-01-02,Groceries,Basmati Rice 5kg,1,499,0.15,424.15,Credit Card,4,0
ORD001993,CUST1331,Hyderabad,2023-06-15,Sports,Yoga Mat,4,799,0.15,2716.6,Debit Card,5,0
ORD001994,CUST1334,Ahmedabad,2024-10-26,Sports,Resistance Bands,2,499,0.0,998.0,Credit Card,5,0
ORD001995,CUST1016,Pune,2024-08-10,Groceries,Basmati Rice 5kg,1,499,0.05,474.05,Net Banking,5,0
ORD001996,CUST0323,Lucknow,2024-04-30,Beauty,Lip Balm Pack,4,199,0.15,676.6,UPI,3,0
ORD001997,CUST1306,Delhi,2023-07-01,Clothing,Cotton T-Shirt,3,499,0.0,1497.0,UPI,5,0
ORD001998,CUST1335,Kolkata,2024-02-16,Home & Kitchen,Air Fryer,2,3999,0.0,7998.0,UPI,4,0
ORD001999,CUST0299,Hyderabad,2023-04-07,Books,Python Programming,3,699,0.05,1992.15,Credit Card,4,0
ORD002000,CUST1121,Lucknow,2024-01-18,Sports,Yoga Mat,1,799,0.15,679.15,Credit Card,3,0
ORD002001,CUST0438,Chennai,2024-01-29,Sports,Yoga Mat,1,799,0.0,799.0,Cash on Delivery,4,0
ORD002002,CUST1206,Delhi,2023-07-13,Sports,Running Shoes,1,3499,0.0,3499.0,Net Banking,5,0
ORD002003,CUST1497,Kolkata,2023-04-10,Clothing,Jacket,2,2999,0.0,5998.0,Debit Card,5,0
ORD002004,CUST0052,Lucknow,2024-12-24,Sports,Running Shoes,2,3499,0.05,6648.1,Debit Card,5,0
ORD002005,CUST1352,Bangalore,2024-09-29,Sports,Resistance Bands,4,499,0.0,1996.0,Credit Card,2,0
ORD002006,CUST0962,Delhi,2023-12-24,Beauty,Hair Mask,3,399,0.0,1197.0,Cash on Delivery,5,0
ORD002007,CUST1461,Bangalore,2023-07-17,Sports,Resistance Bands,1,499,0.05,474.05,Cash on Delivery,5,0
ORD002008,CUST0712,Hyderabad,2024-04-03,Groceries,Protein Bar Pack,4,699,0.2,2236.8,Cash on Delivery,5,0
ORD002009,CUST1273,Pune,2023-05-25,Electronics,USB Hub,2,899,0.0,1798.0,Net Banking,4,0
ORD002010,CUST0105,Lucknow,2023-03-02,Clothing,Sneakers,1,2499,0.0,2499.0,Net Banking,5,0
ORD002011,CUST0500,Ahmedabad,2024-06-16,Beauty,Body Lotion,1,349,0.2,279.2,UPI,3,0
ORD002012,CUST0113,Ahmedabad,2024-07-13,Sports,Gym Gloves,4,399,0.2,1276.8,UPI,5,0
ORD002013,CUST1465,Hyderabad,2023-07-22,Groceries,Olive Oil,4,799,0.2,2556.8,Net Banking,4,0
ORD002014,CUST1226,Ahmedabad,2024-05-17,Home & Kitchen,Knife Set,4,1299,0.0,5196.0,Cash on Delivery,1,1
ORD002015,CUST1282,Delhi,2024-05-24,Home & Kitchen,Coffee Mug,4,249,0.0,996.0,UPI,5,0
ORD002016,CUST1416,Lucknow,2023-04-02,Beauty,Face Serum,1,999,0.0,999.0,Cash on Delivery,4,0
ORD002017,CUST0138,Ahmedabad,2023-11-18,Books,Fiction Novel,2,299,0.15,508.3,Cash on Delivery,5,0
ORD002018,CUST0555,Chennai,2023-07-12,Electronics,Wireless Earbuds,3,2499,0.05,7122.15,Cash on Delivery,4,0
ORD002019,CUST0116,Delhi,2024-01-15,Electronics,Laptop Stand,2,1299,0.1,2338.2,Credit Card,5,0
ORD002020,CUST0323,Lucknow,2023-08-15,Clothing,Cotton T-Shirt,4,499,0.0,1996.0,Credit Card,5,0
ORD002021,CUST0359,Chennai,2024-08-07,Books,Data Science Guide,4,899,0.0,3596.0,Credit Card,5,0
ORD002022,CUST0717,Ahmedabad,2023-04-30,Electronics,Laptop Stand,2,1299,0.15,2208.3,Credit Card,5,0
ORD002023,CUST0409,Kolkata,2023-08-22,Clothing,Formal Shirt,2,899,0.05,1708.1,Net Banking,4,0
ORD002024,CUST0163,Mumbai,2023-09-10,Electronics,Phone Charger,2,599,0.1,1078.2,UPI,5,0
ORD002025,CUST0257,Ahmedabad,2024-10-31,Home & Kitchen,Coffee Mug,3,249,0.0,747.0,UPI,5,0
ORD002026,CUST0236,Hyderabad,2024-02-28,Home & Kitchen,Air Fryer,4,3999,0.2,12796.8,Debit Card,4,0
ORD002027,CUST1460,Kolkata,2023-01-11,Beauty,Lip Balm Pack,3,199,0.1,537.3,Net Banking,5,0
ORD002028,CUST1150,Chennai,2024-12-07,Electronics,Laptop Stand,2,1299,0.15,2208.3,Credit Card,4,0
ORD002029,CUST1453,Bangalore,2023-07-07,Electronics,Phone Charger,4,599,0.0,2396.0,Debit Card,4,0
ORD002030,CUST0667,Chennai,2024-07-03,Books,Business Strategy,4,599,0.0,2396.0,Cash on Delivery,4,0
ORD002031,CUST0422,Hyderabad,2023-07-26,Groceries,Basmati Rice 5kg,1,499,0.05,474.05,Cash on Delivery,5,0
ORD002032,CUST1198,Kolkata,2024-06-14,Beauty,Lip Balm Pack,2,199,0.0,398.0,Net Banking,5,0
ORD002033,CUST0489,Chennai,2023-02-08,Home & Kitchen,Air Fryer,1,3999,0.0,3999.0,Debit Card,5,0
ORD002034,CUST0453,Lucknow,2024-09-22,Electronics,Wireless Earbuds,2,2499,0.05,4748.1,Debit Card,4,0
ORD002035,CUST0364,Delhi,2024-05-30,Home & Kitchen,Coffee Mug,1,249,0.15,211.65,Debit Card,5,0
ORD002036,CUST0205,Mumbai,2024-08-05,Beauty,Sunscreen SPF50,3,499,0.0,1497.0,UPI,1,1
ORD002037,CUST0396,Delhi,2024-10-21,Clothing,Formal Shirt,4,899,0.0,3596.0,UPI,2,1
ORD002038,CUST0522,Hyderabad,2024-10-04,Sports,Yoga Mat,2,799,0.0,1598.0,Net Banking,3,0
ORD002039,CUST1032,Jaipur,2023-09-09,Electronics,Laptop Stand,1,1299,0.2,1039.2,UPI,5,0
ORD002040,CUST0105,Lucknow,2023-11-22,Sports,Resistance Bands,2,499,0.1,898.2,Net Banking,2,0
ORD002041,CUST0322,Ahmedabad,2023-06-23,Sports,Gym Gloves,1,399,0.1,359.1,UPI,5,0
ORD002042,CUST1214,Kolkata,2024-12-01,Groceries,Basmati Rice 5kg,2,499,0.0,998.0,Net Banking,4,0
ORD002043,CUST0234,Delhi,2024-02-01,Electronics,Webcam,1,2199,0.2,1759.2,Credit Card,5,0
ORD002044,CUST0508,Hyderabad,2024-07-12,Beauty,Sunscreen SPF50,1,499,0.1,449.1,Net Banking,2,0
ORD002045,CUST1307,Pune,2024-09-22,Sports,Water Jug,3,599,0.15,1527.45,Debit Card,4,0
ORD002046,CUST0243,Chennai,2024-10-13,Books,Self Help,3,449,0.0,1347.0,Debit Card,4,0
ORD002047,CUST0135,Chennai,2023-05-28,Home & Kitchen,Coffee Mug,3,249,0.0,747.0,Debit Card,4,0
ORD002048,CUST0738,Delhi,2023-01-22,Home & Kitchen,Storage Box,2,299,0.0,598.0,UPI,4,0
ORD002049,CUST0462,Pune,2024-12-28,Clothing,Cotton T-Shirt,4,499,0.05,1896.2,Debit Card,5,0
ORD002050,CUST0854,Bangalore,2024-02-20,Home & Kitchen,Water Bottle,3,399,0.0,1197.0,Net Banking,4,0
ORD002051,CUST1207,Hyderabad,2024-04-19,Home & Kitchen,Knife Set,4,1299,0.05,4936.2,UPI,4,0
ORD002052,CUST0220,Kolkata,2024-06-26,Books,Self Help,2,449,0.15,763.3,Debit Card,4,0
ORD002053,CUST0892,Jaipur,2024-11-06,Books,Data Science Guide,2,899,0.2,1438.4,UPI,5,0
ORD002054,CUST0768,Hyderabad,2024-10-21,Home & Kitchen,Coffee Mug,4,249,0.0,996.0,Net Banking,4,0
ORD002055,CUST0230,Delhi,2024-10-29,Clothing,Sneakers,1,2499,0.1,2249.1,Cash on Delivery,4,0
ORD002056,CUST0967,Chennai,2023-12-12,Home & Kitchen,Air Fryer,2,3999,0.0,7998.0,Debit Card,4,0
ORD002057,CUST0414,Kolkata,2024-03-29,Books,Self Help,4,449,0.0,1796.0,Cash on Delivery,1,1
ORD002058,CUST0746,Ahmedabad,2024-11-27,Books,Data Science Guide,3,899,0.15,2292.45,Debit Card,4,0
ORD002059,CUST0134,Delhi,2024-02-26,Books,Self Help,2,449,0.0,898.0,Debit Card,4,0
ORD002060,CUST0706,Ahmedabad,2024-09-17,Beauty,Sunscreen SPF50,4,499,0.0,1996.0,Cash on Delivery,5,0
ORD002061,CUST0465,Pune,2023-03-08,Sports,Yoga Mat,1,799,0.2,639.2,Credit Card,3,0
ORD002062,CUST1235,Kolkata,2023-04-03,Beauty,Face Serum,3,999,0.2,2397.6,UPI,4,0
ORD002063,CUST0093,Pune,2023-03-09,Clothing,Denim Jeans,2,1299,0.0,2598.0,UPI,4,0
ORD002064,CUST0620,Mumbai,2024-12-21,Sports,Water Jug,4,599,0.0,2396.0,UPI,3,0
ORD002065,CUST0701,Bangalore,2023-06-17,Electronics,Webcam,2,2199,0.0,4398.0,Cash on Delivery,4,0
ORD002066,CUST1104,Delhi,2024-07-19,Sports,Water Jug,2,599,0.1,1078.2,UPI,5,0
ORD002067,CUST0877,Bangalore,2023-05-31,Books,Data Science Guide,1,899,0.15,764.15,Credit Card,5,0
ORD002068,CUST1025,Ahmedabad,2024-04-29,Beauty,Face Serum,2,999,0.05,1898.1,Debit Card,4,0
ORD002069,CUST1172,Jaipur,2024-08-21,Beauty,Face Serum,3,999,0.05,2847.15,Net Banking,4,0
ORD002070,CUST1305,Delhi,2023-03-29,Electronics,Laptop Stand,3,1299,0.0,3897.0,Credit Card,5,0
ORD002071,CUST0474,Kolkata,2024-02-08,Clothing,Denim Jeans,3,1299,0.15,3312.45,Credit Card,5,0
ORD002072,CUST0811,Ahmedabad,2024-12-29,Beauty,Sunscreen SPF50,3,499,0.0,1497.0,Credit Card,5,0
ORD002073,CUST1258,Lucknow,2024-09-28,Groceries,Green Tea,4,299,0.0,1196.0,Net Banking,5,0
ORD002074,CUST1478,Kolkata,2024-06-09,Clothing,Formal Shirt,3,899,0.0,2697.0,Cash on Delivery,4,0
ORD002075,CUST1343,Bangalore,2023-02-23,Electronics,Laptop Stand,3,1299,0.0,3897.0,UPI,5,0
ORD002076,CUST0536,Jaipur,2023-02-11,Groceries,Protein Bar Pack,4,699,0.0,2796.0,Net Banking,4,0
ORD002077,CUST0296,Kolkata,2023-02-02,Books,Python Programming,3,699,0.1,1887.3,Cash on Delivery,3,0
ORD002078,CUST0746,Ahmedabad,2024-01-25,Electronics,Webcam,1,2199,0.0,2199.0,Net Banking,3,0
ORD002079,CUST1124,Mumbai,2024-11-19,Home & Kitchen,Knife Set,1,1299,0.15,1104.15,Net Banking,4,0
ORD002080,CUST0750,Hyderabad,2024-12-25,Groceries,Mixed Nuts,4,599,0.05,2276.2,UPI,4,0
ORD002081,CUST0736,Jaipur,2023-10-16,Books,Business Strategy,2,599,0.05,1138.1,Net Banking,4,0
ORD002082,CUST1251,Jaipur,2024-06-05,Books,Python Programming,3,699,0.2,1677.6,Credit Card,5,0
ORD002083,CUST0530,Kolkata,2023-03-18,Beauty,Sunscreen SPF50,1,499,0.0,499.0,Credit Card,3,0
ORD002084,CUST1302,Delhi,2023-03-31,Clothing,Jacket,2,2999,0.2,4798.4,Credit Card,5,0
ORD002085,CUST0595,Chennai,2024-09-24,Books,Python Programming,3,699,0.2,1677.6,Net Banking,2,0
ORD002086,CUST0490,Hyderabad,2023-05-05,Books,Business Strategy,1,599,0.1,539.1,Credit Card,2,1
ORD002087,CUST0688,Pune,2024-03-19,Clothing,Cotton T-Shirt,1,499,0.0,499.0,Debit Card,5,0
ORD002088,CUST1152,Kolkata,2023-11-25,Clothing,Cotton T-Shirt,1,499,0.05,474.05,Debit Card,5,0
ORD002089,CUST0200,Mumbai,2024-12-24,Home & Kitchen,Water Bottle,4,399,0.1,1436.4,UPI,3,0
ORD002090,CUST0297,Delhi,2023-07-09,Books,Fiction Novel,1,299,0.05,284.05,Credit Card,4,0
ORD002091,CUST1431,Kolkata,2024-07-09,Clothing,Denim Jeans,3,1299,0.0,3897.0,Debit Card,4,0
ORD002092,CUST0267,Ahmedabad,2023-07-11,Books,Python Programming,1,699,0.0,699.0,Debit Card,5,0
ORD002093,CUST0863,Chennai,2024-02-27,Clothing,Sneakers,3,2499,0.1,6747.3,UPI,4,0
ORD002094,CUST0891,Jaipur,2023-12-20,Clothing,Sneakers,3,2499,0.2,5997.6,Cash on Delivery,5,0
ORD002095,CUST0747,Mumbai,2023-06-15,Electronics,USB Hub,3,899,0.2,2157.6,UPI,2,1
ORD002096,CUST1003,Lucknow,2024-11-21,Books,Python Programming,4,699,0.0,2796.0,Net Banking,5,0
ORD002097,CUST0359,Chennai,2024-01-06,Electronics,Wireless Earbuds,3,2499,0.1,6747.3,Cash on Delivery,5,0
ORD002098,CUST0837,Lucknow,2023-11-23,Books,Python Programming,3,699,0.15,1782.45,Net Banking,4,0
ORD002099,CUST0536,Jaipur,2024-05-15,Groceries,Protein Bar Pack,3,699,0.2,1677.6,Debit Card,4,0
ORD002100,CUST1019,Lucknow,2024-12-08,Clothing,Jacket,2,2999,0.0,5998.0,Net Banking,4,0
ORD002101,CUST0227,Kolkata,2024-04-20,Home & Kitchen,Storage Box,4,299,0.05,1136.2,Debit Card,4,0
ORD002102,CUST0870,Hyderabad,2023-05-23,Books,Self Help,4,449,0.0,1796.0,Net Banking,5,0
ORD002103,CUST0277,Lucknow,2023-01-15,Beauty,Sunscreen SPF50,4,499,0.0,1996.0,Debit Card,4,0
ORD002104,CUST0422,Hyderabad,2023-04-08,Clothing,Jacket,2,2999,0.0,5998.0,UPI,1,0
ORD002105,CUST0337,Bangalore,2024-02-06,Groceries,Olive Oil,1,799,0.05,759.05,Cash on Delivery,3,0
ORD002106,CUST0274,Chennai,2024-09-13,Groceries,Olive Oil,2,799,0.05,1518.1,Net Banking,5,0
ORD002107,CUST1239,Ahmedabad,2023-03-03,Home & Kitchen,Water Bottle,4,399,0.15,1356.6,Credit Card,4,0
ORD002108,CUST0438,Chennai,2023-10-24,Electronics,USB Hub,4,899,0.1,3236.4,Cash on Delivery,3,0
ORD002109,CUST1396,Pune,2023-01-14,Home & Kitchen,Water Bottle,4,399,0.05,1516.2,Debit Card,5,0
ORD002110,CUST1456,Pune,2023-05-05,Groceries,Mixed Nuts,4,599,0.1,2156.4,Cash on Delivery,4,0
ORD002111,CUST0870,Hyderabad,2024-12-06,Groceries,Mixed Nuts,3,599,0.2,1437.6,UPI,5,0
ORD002112,CUST0229,Mumbai,2024-04-02,Sports,Water Jug,1,599,0.0,599.0,Debit Card,4,0
ORD002113,CUST0541,Ahmedabad,2023-11-17,Clothing,Formal Shirt,2,899,0.2,1438.4,Net Banking,5,0
ORD002114,CUST1198,Kolkata,2023-12-06,Beauty,Hair Mask,3,399,0.1,1077.3,Debit Card,5,0
ORD002115,CUST0533,Jaipur,2024-08-30,Groceries,Green Tea,2,299,0.15,508.3,Debit Card,5,0
ORD002116,CUST0140,Chennai,2023-11-17,Home & Kitchen,Coffee Mug,4,249,0.0,996.0,Credit Card,4,0
ORD002117,CUST0844,Delhi,2024-06-25,Home & Kitchen,Water Bottle,3,399,0.0,1197.0,Cash on Delivery,4,0
ORD002118,CUST1272,Lucknow,2024-02-03,Books,Business Strategy,1,599,0.05,569.05,UPI,5,0
ORD002119,CUST1197,Chennai,2023-03-02,Books,Data Science Guide,3,899,0.2,2157.6,Debit Card,4,0
ORD002120,CUST0266,Chennai,2024-09-27,Books,Python Programming,3,699,0.0,2097.0,Debit Card,4,0
ORD002121,CUST1030,Mumbai,2023-11-18,Beauty,Hair Mask,3,399,0.05,1137.15,Cash on Delivery,5,0
ORD002122,CUST0339,Jaipur,2023-03-04,Clothing,Denim Jeans,1,1299,0.0,1299.0,Debit Card,5,0
ORD002123,CUST0337,Bangalore,2024-01-21,Sports,Gym Gloves,3,399,0.0,1197.0,Credit Card,4,0
ORD002124,CUST1322,Jaipur,2023-10-31,Groceries,Mixed Nuts,2,599,0.0,1198.0,Net Banking,1,0
ORD002125,CUST0389,Mumbai,2023-06-01,Electronics,USB Hub,4,899,0.2,2876.8,Net Banking,4,0
ORD002126,CUST0403,Bangalore,2023-11-18,Sports,Resistance Bands,4,499,0.2,1596.8,UPI,3,0
ORD002127,CUST0002,Mumbai,2024-09-13,Home & Kitchen,Storage Box,2,299,0.15,508.3,Debit Card,4,0
ORD002128,CUST1314,Lucknow,2023-05-07,Sports,Resistance Bands,3,499,0.0,1497.0,Net Banking,2,1
ORD002129,CUST1192,Pune,2024-01-20,Groceries,Olive Oil,3,799,0.2,1917.6,Net Banking,4,0
ORD002130,CUST0972,Delhi,2023-12-01,Books,Business Strategy,4,599,0.0,2396.0,Credit Card,5,0
ORD002131,CUST1141,Delhi,2024-08-05,Books,Business Strategy,3,599,0.1,1617.3,Debit Card,2,0
ORD002132,CUST0242,Bangalore,2023-06-05,Home & Kitchen,Air Fryer,1,3999,0.0,3999.0,Debit Card,3,0
ORD002133,CUST0701,Bangalore,2024-01-04,Books,Data Science Guide,1,899,0.2,719.2,UPI,5,0
ORD002134,CUST0518,Delhi,2023-03-13,Electronics,Laptop Stand,3,1299,0.2,3117.6,Cash on Delivery,4,0
ORD002135,CUST0151,Bangalore,2024-02-10,Electronics,Webcam,4,2199,0.15,7476.6,Cash on Delivery,5,0
ORD002136,CUST0743,Hyderabad,2023-06-12,Beauty,Face Serum,2,999,0.05,1898.1,UPI,3,0
ORD002137,CUST1383,Kolkata,2024-11-30,Clothing,Denim Jeans,1,1299,0.15,1104.15,Credit Card,4,0
ORD002138,CUST0068,Pune,2023-02-13,Books,Data Science Guide,4,899,0.0,3596.0,Debit Card,4,0
ORD002139,CUST0445,Kolkata,2024-02-01,Clothing,Denim Jeans,3,1299,0.0,3897.0,Net Banking,5,0
ORD002140,CUST0315,Kolkata,2023-01-25,Electronics,Webcam,3,2199,0.05,6267.15,Net Banking,5,0
ORD002141,CUST0368,Mumbai,2024-08-26,Sports,Yoga Mat,1,799,0.0,799.0,Net Banking,2,1
ORD002142,CUST1367,Pune,2024-01-12,Electronics,USB Hub,1,899,0.1,809.1,Debit Card,4,0
ORD002143,CUST0717,Ahmedabad,2023-01-08,Home & Kitchen,Water Bottle,2,399,0.1,718.2,Cash on Delivery,5,0
ORD002144,CUST0716,Hyderabad,2024-02-02,Groceries,Mixed Nuts,3,599,0.1,1617.3,Debit Card,3,0
ORD002145,CUST1151,Pune,2023-07-20,Beauty,Body Lotion,3,349,0.0,1047.0,UPI,4,0
ORD002146,CUST0243,Chennai,2023-01-30,Home & Kitchen,Air Fryer,3,3999,0.05,11397.15,Cash on Delivery,4,0
ORD002147,CUST0744,Ahmedabad,2023-04-26,Beauty,Lip Balm Pack,2,199,0.0,398.0,Debit Card,2,0
ORD002148,CUST0648,Hyderabad,2024-12-07,Clothing,Jacket,3,2999,0.2,7197.6,Cash on Delivery,5,0
ORD002149,CUST0921,Ahmedabad,2023-02-25,Beauty,Hair Mask,3,399,0.05,1137.15,Debit Card,5,0
ORD002150,CUST1500,Kolkata,2023-01-25,Sports,Running Shoes,2,3499,0.1,6298.2,Debit Card,4,0
ORD002151,CUST1159,Jaipur,2024-05-26,Beauty,Sunscreen SPF50,3,499,0.0,1497.0,Net Banking,5,0
ORD002152,CUST0576,Hyderabad,2024-09-08,Books,Business Strategy,4,599,0.05,2276.2,Net Banking,5,0
ORD002153,CUST1241,Hyderabad,2024-11-14,Home & Kitchen,Coffee Mug,3,249,0.2,597.6,Debit Card,5,0
ORD002154,CUST0262,Bangalore,2023-02-01,Electronics,Webcam,1,2199,0.0,2199.0,Credit Card,5,0
ORD002155,CUST0052,Lucknow,2024-01-26,Groceries,Basmati Rice 5kg,3,499,0.05,1422.15,Debit Card,5,0
ORD002156,CUST0314,Chennai,2024-10-23,Electronics,Wireless Earbuds,3,2499,0.0,7497.0,Net Banking,3,0
ORD002157,CUST0507,Delhi,2024-03-03,Books,Business Strategy,1,599,0.0,599.0,UPI,5,0
ORD002158,CUST0778,Chennai,2023-05-26,Beauty,Face Serum,1,999,0.0,999.0,Debit Card,4,0
ORD002159,CUST0949,Jaipur,2023-01-15,Electronics,Wireless Earbuds,4,2499,0.0,9996.0,Debit Card,3,0
ORD002160,CUST1368,Delhi,2023-01-24,Home & Kitchen,Coffee Mug,3,249,0.0,747.0,Net Banking,5,0
ORD002161,CUST0775,Hyderabad,2024-02-12,Electronics,Phone Charger,2,599,0.0,1198.0,Credit Card,5,0
ORD002162,CUST0764,Ahmedabad,2024-04-21,Electronics,Laptop Stand,4,1299,0.2,4156.8,Credit Card,4,0
ORD002163,CUST0081,Jaipur,2023-10-15,Sports,Yoga Mat,1,799,0.2,639.2,Net Banking,5,0
ORD002164,CUST0055,Hyderabad,2023-10-06,Clothing,Formal Shirt,1,899,0.15,764.15,Debit Card,5,0
ORD002165,CUST0832,Jaipur,2023-02-15,Clothing,Sneakers,1,2499,0.15,2124.15,Net Banking,5,0
ORD002166,CUST0662,Bangalore,2023-02-18,Sports,Water Jug,2,599,0.15,1018.3,Credit Card,4,0
ORD002167,CUST1255,Hyderabad,2024-04-28,Sports,Running Shoes,4,3499,0.2,11196.8,UPI,4,0
ORD002168,CUST0249,Delhi,2024-10-16,Books,Business Strategy,2,599,0.0,1198.0,Debit Card,4,0
ORD002169,CUST0044,Mumbai,2023-12-22,Sports,Water Jug,3,599,0.05,1707.15,Debit Card,5,0
ORD002170,CUST0681,Lucknow,2024-03-18,Beauty,Lip Balm Pack,4,199,0.0,796.0,UPI,3,0
ORD002171,CUST0368,Mumbai,2024-04-22,Clothing,Formal Shirt,3,899,0.15,2292.45,Cash on Delivery,4,0
ORD002172,CUST0081,Jaipur,2024-06-02,Beauty,Sunscreen SPF50,1,499,0.0,499.0,Debit Card,5,0
ORD002173,CUST1104,Delhi,2024-08-10,Sports,Running Shoes,2,3499,0.2,5598.4,Debit Card,3,0
ORD002174,CUST0183,Chennai,2024-03-05,Beauty,Lip Balm Pack,1,199,0.2,159.2,Cash on Delivery,5,0
ORD002175,CUST0938,Chennai,2023-01-05,Sports,Yoga Mat,1,799,0.1,719.1,Cash on Delivery,4,0
ORD002176,CUST0428,Chennai,2024-12-27,Books,Data Science Guide,2,899,0.15,1528.3,Net Banking,5,0
ORD002177,CUST0265,Kolkata,2024-02-09,Electronics,USB Hub,3,899,0.1,2427.3,Net Banking,4,0
ORD002178,CUST0548,Jaipur,2024-02-22,Clothing,Jacket,3,2999,0.15,7647.45,Credit Card,5,0
ORD002179,CUST1201,Mumbai,2024-12-11,Clothing,Sneakers,2,2499,0.2,3998.4,Debit Card,5,0
ORD002180,CUST0569,Jaipur,2023-05-28,Books,Python Programming,1,699,0.05,664.05,UPI,5,0
ORD002181,CUST1141,Delhi,2023-08-03,Clothing,Sneakers,3,2499,0.2,5997.6,Credit Card,4,0
ORD002182,CUST0199,Hyderabad,2023-02-01,Beauty,Sunscreen SPF50,1,499,0.0,499.0,Debit Card,4,0
ORD002183,CUST1166,Delhi,2024-04-08,Clothing,Cotton T-Shirt,1,499,0.0,499.0,Net Banking,5,0
ORD002184,CUST0367,Mumbai,2024-09-03,Groceries,Protein Bar Pack,1,699,0.15,594.15,Net Banking,4,0
ORD002185,CUST1042,Kolkata,2024-09-26,Groceries,Olive Oil,3,799,0.05,2277.15,Net Banking,4,0
ORD002186,CUST0859,Ahmedabad,2024-05-18,Books,Fiction Novel,1,299,0.15,254.15,Net Banking,5,0
ORD002187,CUST1400,Lucknow,2024-12-18,Groceries,Mixed Nuts,1,599,0.0,599.0,Net Banking,4,0
ORD002188,CUST0559,Ahmedabad,2024-12-06,Beauty,Body Lotion,1,349,0.05,331.55,UPI,4,0
ORD002189,CUST0113,Ahmedabad,2023-02-09,Books,Self Help,1,449,0.05,426.55,Credit Card,5,0
ORD002190,CUST0035,Pune,2023-09-09,Home & Kitchen,Storage Box,1,299,0.0,299.0,Credit Card,5,0
ORD002191,CUST1239,Ahmedabad,2024-09-10,Home & Kitchen,Knife Set,3,1299,0.0,3897.0,Credit Card,5,0
ORD002192,CUST0797,Chennai,2024-09-20,Groceries,Mixed Nuts,4,599,0.0,2396.0,Credit Card,4,0
ORD002193,CUST1168,Delhi,2024-03-31,Books,Data Science Guide,1,899,0.1,809.1,UPI,2,1
ORD002194,CUST0365,Kolkata,2024-07-02,Books,Fiction Novel,4,299,0.2,956.8,Credit Card,5,0
ORD002195,CUST0509,Chennai,2024-06-13,Groceries,Green Tea,1,299,0.15,254.15,Net Banking,4,0
ORD002196,CUST0052,Lucknow,2024-09-07,Groceries,Olive Oil,1,799,0.0,799.0,Credit Card,4,0
ORD002197,CUST1448,Mumbai,2024-05-08,Books,Data Science Guide,1,899,0.0,899.0,Credit Card,4,0
ORD002198,CUST1025,Ahmedabad,2023-11-06,Home & Kitchen,Water Bottle,4,399,0.0,1596.0,UPI,3,0
ORD002199,CUST1407,Hyderabad,2024-12-31,Beauty,Body Lotion,4,349,0.0,1396.0,Credit Card,4,0
ORD002200,CUST0406,Mumbai,2024-09-11,Electronics,Phone Charger,2,599,0.0,1198.0,Net Banking,4,0
ORD002201,CUST0944,Jaipur,2024-12-26,Home & Kitchen,Storage Box,4,299,0.0,1196.0,UPI,4,0
ORD002202,CUST1042,Kolkata,2024-04-30,Books,Fiction Novel,1,299,0.05,284.05,Net Banking,2,0
ORD002203,CUST0478,Hyderabad,2024-11-11,Electronics,Wireless Earbuds,1,2499,0.0,2499.0,Net Banking,4,0
ORD002204,CUST1275,Bangalore,2023-01-25,Sports,Resistance Bands,2,499,0.0,998.0,Cash on Delivery,3,0
ORD002205,CUST1428,Ahmedabad,2024-07-13,Clothing,Denim Jeans,4,1299,0.15,4416.6,UPI,4,0
ORD002206,CUST1335,Kolkata,2024-02-28,Home & Kitchen,Air Fryer,2,3999,0.1,7198.2,Credit Card,3,0
ORD002207,CUST1122,Chennai,2023-05-17,Clothing,Denim Jeans,2,1299,0.0,2598.0,Net Banking,5,0
ORD002208,CUST0421,Chennai,2023-01-13,Electronics,USB Hub,1,899,0.1,809.1,UPI,3,0
ORD002209,CUST0428,Chennai,2023-05-21,Sports,Gym Gloves,1,399,0.0,399.0,Debit Card,4,0
ORD002210,CUST1449,Mumbai,2024-11-10,Beauty,Lip Balm Pack,2,199,0.0,398.0,Net Banking,4,0
ORD002211,CUST0013,Mumbai,2024-07-20,Clothing,Cotton T-Shirt,2,499,0.05,948.1,Cash on Delivery,5,0
ORD002212,CUST1091,Ahmedabad,2023-05-11,Beauty,Face Serum,2,999,0.15,1698.3,Debit Card,5,0
ORD002213,CUST1080,Jaipur,2023-03-16,Beauty,Face Serum,4,999,0.1,3596.4,Debit Card,4,0
ORD002214,CUST0962,Delhi,2023-09-26,Books,Self Help,3,449,0.0,1347.0,Net Banking,4,0
ORD002215,CUST1479,Lucknow,2023-07-17,Electronics,USB Hub,4,899,0.0,3596.0,UPI,5,0
ORD002216,CUST0472,Kolkata,2023-05-11,Home & Kitchen,Knife Set,2,1299,0.15,2208.3,Cash on Delivery,4,0
ORD002217,CUST0507,Delhi,2024-06-17,Home & Kitchen,Water Bottle,2,399,0.1,718.2,Credit Card,4,0
ORD002218,CUST0127,Chennai,2023-03-09,Home & Kitchen,Coffee Mug,1,249,0.05,236.55,Debit Card,4,0
ORD002219,CUST0676,Delhi,2024-02-07,Beauty,Face Serum,3,999,0.0,2997.0,UPI,4,0
ORD002220,CUST0400,Lucknow,2024-04-26,Groceries,Green Tea,3,299,0.0,897.0,Net Banking,4,0
ORD002221,CUST0509,Chennai,2023-12-12,Beauty,Body Lotion,2,349,0.05,663.1,Net Banking,3,0
ORD002222,CUST1249,Hyderabad,2024-10-06,Groceries,Green Tea,1,299,0.0,299.0,UPI,4,0
ORD002223,CUST1410,Ahmedabad,2023-11-28,Beauty,Hair Mask,2,399,0.0,798.0,Cash on Delivery,5,0
ORD002224,CUST0277,Lucknow,2023-12-10,Clothing,Formal Shirt,3,899,0.0,2697.0,Net Banking,4,0
ORD002225,CUST0537,Hyderabad,2024-11-05,Groceries,Mixed Nuts,4,599,0.15,2036.6,Cash on Delivery,3,0
ORD002226,CUST1399,Bangalore,2024-12-04,Beauty,Sunscreen SPF50,3,499,0.0,1497.0,Cash on Delivery,5,0
ORD002227,CUST0104,Chennai,2024-04-18,Sports,Running Shoes,2,3499,0.2,5598.4,Debit Card,4,0
ORD002228,CUST0151,Bangalore,2024-09-04,Electronics,USB Hub,2,899,0.0,1798.0,UPI,5,0
ORD002229,CUST0250,Mumbai,2024-02-06,Clothing,Sneakers,3,2499,0.0,7497.0,UPI,4,0
ORD002230,CUST0919,Ahmedabad,2023-09-18,Sports,Water Jug,3,599,0.0,1797.0,UPI,5,0
ORD002231,CUST0241,Kolkata,2023-03-10,Electronics,Laptop Stand,4,1299,0.0,5196.0,UPI,3,0
ORD002232,CUST1453,Bangalore,2024-08-04,Home & Kitchen,Knife Set,3,1299,0.1,3507.3,UPI,4,0
ORD002233,CUST0679,Delhi,2023-04-21,Electronics,Laptop Stand,4,1299,0.1,4676.4,Net Banking,4,0
ORD002234,CUST0764,Ahmedabad,2023-05-06,Groceries,Basmati Rice 5kg,2,499,0.0,998.0,Credit Card,4,0
ORD002235,CUST0385,Jaipur,2024-07-15,Electronics,Wireless Earbuds,3,2499,0.0,7497.0,Debit Card,4,0
ORD002236,CUST0718,Lucknow,2023-02-10,Beauty,Face Serum,4,999,0.0,3996.0,Cash on Delivery,5,0
ORD002237,CUST1021,Hyderabad,2024-10-01,Electronics,Wireless Earbuds,1,2499,0.0,2499.0,UPI,5,0
ORD002238,CUST1141,Delhi,2024-09-25,Home & Kitchen,Water Bottle,2,399,0.0,798.0,UPI,5,0
ORD002239,CUST1146,Lucknow,2023-01-24,Sports,Running Shoes,2,3499,0.0,6998.0,UPI,4,0
ORD002240,CUST0885,Ahmedabad,2024-01-28,Beauty,Sunscreen SPF50,2,499,0.2,798.4,Cash on Delivery,4,0
ORD002241,CUST1361,Pune,2024-09-20,Electronics,Phone Charger,1,599,0.1,539.1,UPI,5,0
ORD002242,CUST1227,Ahmedabad,2023-09-10,Beauty,Lip Balm Pack,1,199,0.0,199.0,Debit Card,5,0
ORD002243,CUST1149,Delhi,2023-08-14,Clothing,Sneakers,2,2499,0.0,4998.0,Credit Card,4,0
ORD002244,CUST0090,Delhi,2024-09-06,Clothing,Formal Shirt,4,899,0.1,3236.4,Net Banking,5,0
ORD002245,CUST0010,Lucknow,2023-03-25,Clothing,Denim Jeans,1,1299,0.2,1039.2,Net Banking,4,0
ORD002246,CUST0325,Delhi,2024-09-21,Home & Kitchen,Water Bottle,4,399,0.2,1276.8,Credit Card,5,0
ORD002247,CUST1023,Mumbai,2024-05-18,Sports,Running Shoes,2,3499,0.15,5948.3,Cash on Delivery,4,0
ORD002248,CUST0612,Ahmedabad,2024-06-03,Groceries,Mixed Nuts,1,599,0.05,569.05,Net Banking,5,0
ORD002249,CUST0582,Ahmedabad,2024-12-21,Sports,Resistance Bands,3,499,0.0,1497.0,Net Banking,2,0
ORD002250,CUST1335,Kolkata,2023-11-18,Clothing,Sneakers,2,2499,0.0,4998.0,UPI,4,0
ORD002251,CUST1351,Pune,2024-09-06,Clothing,Formal Shirt,2,899,0.05,1708.1,Credit Card,5,0
ORD002252,CUST1368,Delhi,2024-12-15,Books,Fiction Novel,2,299,0.15,508.3,Credit Card,2,0
ORD002253,CUST0474,Kolkata,2024-01-26,Home & Kitchen,Coffee Mug,3,249,0.0,747.0,Net Banking,1,0
ORD002254,CUST1055,Ahmedabad,2023-12-23,Home & Kitchen,Air Fryer,4,3999,0.0,15996.0,UPI,4,0
ORD002255,CUST0413,Delhi,2023-08-13,Groceries,Protein Bar Pack,2,699,0.0,1398.0,Cash on Delivery,5,0
ORD002256,CUST0281,Mumbai,2023-02-07,Sports,Gym Gloves,2,399,0.2,638.4,UPI,5,0
ORD002257,CUST0277,Lucknow,2023-06-12,Electronics,Phone Charger,1,599,0.15,509.15,Cash on Delivery,3,0
ORD002258,CUST0508,Hyderabad,2023-09-19,Electronics,USB Hub,1,899,0.1,809.1,UPI,4,0
ORD002259,CUST0648,Hyderabad,2023-07-10,Clothing,Sneakers,3,2499,0.2,5997.6,UPI,4,0
ORD002260,CUST1243,Mumbai,2023-04-05,Clothing,Jacket,1,2999,0.0,2999.0,Cash on Delivery,5,0
ORD002261,CUST0193,Pune,2024-04-26,Books,Data Science Guide,3,899,0.1,2427.3,Debit Card,5,0
ORD002262,CUST1118,Kolkata,2024-12-30,Clothing,Cotton T-Shirt,2,499,0.1,898.2,UPI,2,0
ORD002263,CUST0806,Ahmedabad,2024-04-18,Beauty,Sunscreen SPF50,1,499,0.2,399.2,UPI,4,0
ORD002264,CUST0442,Mumbai,2023-07-11,Books,Data Science Guide,2,899,0.1,1618.2,Credit Card,4,0
ORD002265,CUST0752,Hyderabad,2023-01-22,Groceries,Olive Oil,3,799,0.1,2157.3,Credit Card,4,0
ORD002266,CUST0454,Hyderabad,2024-04-25,Home & Kitchen,Water Bottle,2,399,0.0,798.0,Debit Card,3,0
ORD002267,CUST0919,Ahmedabad,2023-10-13,Clothing,Jacket,3,2999,0.1,8097.3,Net Banking,4,0
ORD002268,CUST0654,Bangalore,2024-10-17,Clothing,Cotton T-Shirt,2,499,0.0,998.0,Credit Card,5,0
ORD002269,CUST0253,Delhi,2023-10-22,Electronics,Laptop Stand,2,1299,0.0,2598.0,Net Banking,4,0
ORD002270,CUST0189,Delhi,2024-04-22,Books,Self Help,4,449,0.1,1616.4,Cash on Delivery,5,0
ORD002271,CUST0824,Hyderabad,2023-09-15,Groceries,Green Tea,4,299,0.2,956.8,Net Banking,4,0
ORD002272,CUST1357,Jaipur,2023-02-07,Clothing,Jacket,4,2999,0.0,11996.0,Cash on Delivery,4,0
ORD002273,CUST0509,Chennai,2024-02-27,Groceries,Mixed Nuts,1,599,0.1,539.1,UPI,4,0
ORD002274,CUST1114,Kolkata,2023-07-23,Groceries,Basmati Rice 5kg,3,499,0.05,1422.15,Debit Card,5,0
ORD002275,CUST1016,Pune,2024-08-27,Home & Kitchen,Water Bottle,4,399,0.2,1276.8,Debit Card,5,0
ORD002276,CUST1405,Delhi,2023-05-26,Books,Business Strategy,4,599,0.0,2396.0,Net Banking,1,1
ORD002277,CUST1231,Pune,2024-12-30,Groceries,Protein Bar Pack,4,699,0.05,2656.2,Debit Card,4,0
ORD002278,CUST0861,Mumbai,2023-09-09,Home & Kitchen,Water Bottle,4,399,0.0,1596.0,Credit Card,5,0
ORD002279,CUST1015,Ahmedabad,2024-04-21,Groceries,Mixed Nuts,1,599,0.0,599.0,Net Banking,5,0
ORD002280,CUST1354,Mumbai,2024-06-08,Electronics,Webcam,3,2199,0.0,6597.0,Credit Card,4,0
ORD002281,CUST0578,Kolkata,2023-12-06,Beauty,Lip Balm Pack,1,199,0.0,199.0,Cash on Delivery,3,0
ORD002282,CUST0489,Chennai,2024-12-29,Clothing,Cotton T-Shirt,1,499,0.0,499.0,Credit Card,4,0
ORD002283,CUST0014,Delhi,2024-06-17,Electronics,Webcam,2,2199,0.15,3738.3,Net Banking,4,0
ORD002284,CUST1239,Ahmedabad,2024-09-28,Home & Kitchen,Storage Box,4,299,0.0,1196.0,UPI,4,0
ORD002285,CUST1201,Mumbai,2024-05-14,Electronics,Webcam,1,2199,0.05,2089.05,Cash on Delivery,4,0
ORD002286,CUST0171,Bangalore,2024-01-22,Electronics,Webcam,1,2199,0.0,2199.0,Net Banking,4,0
ORD002287,CUST0885,Ahmedabad,2023-07-21,Books,Business Strategy,2,599,0.0,1198.0,Net Banking,3,0
ORD002288,CUST0711,Pune,2023-02-15,Groceries,Protein Bar Pack,2,699,0.0,1398.0,Debit Card,4,0
ORD002289,CUST0193,Pune,2023-06-05,Clothing,Sneakers,2,2499,0.05,4748.1,Cash on Delivery,4,0
ORD002290,CUST1469,Delhi,2023-06-17,Groceries,Olive Oil,1,799,0.0,799.0,UPI,5,0
ORD002291,CUST0326,Delhi,2024-04-24,Books,Self Help,1,449,0.0,449.0,Debit Card,5,0
ORD002292,CUST0113,Ahmedabad,2024-11-16,Books,Self Help,1,449,0.0,449.0,UPI,4,0
ORD002293,CUST0918,Kolkata,2024-08-13,Sports,Running Shoes,4,3499,0.0,13996.0,UPI,4,0
ORD002294,CUST1122,Chennai,2024-11-29,Books,Business Strategy,2,599,0.15,1018.3,Cash on Delivery,5,0
ORD002295,CUST0053,Pune,2023-01-23,Sports,Running Shoes,2,3499,0.0,6998.0,UPI,4,0
ORD002296,CUST1016,Pune,2024-02-19,Groceries,Green Tea,3,299,0.05,852.15,UPI,2,0
ORD002297,CUST0807,Pune,2023-08-13,Electronics,Phone Charger,2,599,0.2,958.4,Debit Card,5,0
ORD002298,CUST0166,Delhi,2024-07-09,Home & Kitchen,Water Bottle,1,399,0.15,339.15,Net Banking,4,0
ORD002299,CUST0264,Mumbai,2023-12-06,Books,Self Help,4,449,0.1,1616.4,Debit Card,4,0
ORD002300,CUST0864,Chennai,2023-03-09,Clothing,Jacket,4,2999,0.15,10196.6,Credit Card,5,0
ORD002301,CUST0448,Kolkata,2024-02-29,Home & Kitchen,Knife Set,4,1299,0.0,5196.0,Credit Card,4,0
ORD002302,CUST1416,Lucknow,2023-08-30,Groceries,Mixed Nuts,1,599,0.0,599.0,Net Banking,4,0
ORD002303,CUST1229,Pune,2024-03-16,Home & Kitchen,Coffee Mug,2,249,0.05,473.1,UPI,5,0
ORD002304,CUST1472,Kolkata,2023-06-13,Clothing,Jacket,2,2999,0.0,5998.0,Cash on Delivery,4,0
ORD002305,CUST0399,Kolkata,2023-03-26,Home & Kitchen,Air Fryer,1,3999,0.0,3999.0,Credit Card,5,0
ORD002306,CUST1456,Pune,2023-04-05,Clothing,Jacket,4,2999,0.05,11396.2,Debit Card,5,0
ORD002307,CUST0649,Hyderabad,2023-02-03,Electronics,Wireless Earbuds,4,2499,0.0,9996.0,UPI,3,0
ORD002308,CUST0513,Mumbai,2023-06-19,Books,Business Strategy,1,599,0.0,599.0,UPI,5,0
ORD002309,CUST0081,Jaipur,2024-09-21,Electronics,Wireless Earbuds,1,2499,0.0,2499.0,Debit Card,1,0
ORD002310,CUST0087,Pune,2024-08-30,Home & Kitchen,Knife Set,1,1299,0.0,1299.0,Cash on Delivery,4,0
ORD002311,CUST1057,Mumbai,2023-03-08,Electronics,Webcam,3,2199,0.0,6597.0,UPI,4,0
ORD002312,CUST0700,Kolkata,2024-09-13,Clothing,Jacket,1,2999,0.05,2849.05,UPI,4,0
ORD002313,CUST0353,Chennai,2023-06-16,Electronics,Laptop Stand,3,1299,0.15,3312.45,Net Banking,5,0
ORD002314,CUST0948,Hyderabad,2024-10-31,Groceries,Green Tea,3,299,0.0,897.0,Net Banking,5,0
ORD002315,CUST0391,Pune,2023-12-01,Home & Kitchen,Water Bottle,3,399,0.15,1017.45,Net Banking,4,0
ORD002316,CUST0885,Ahmedabad,2023-03-02,Clothing,Denim Jeans,1,1299,0.0,1299.0,Credit Card,4,0
ORD002317,CUST0525,Kolkata,2023-06-02,Clothing,Cotton T-Shirt,4,499,0.0,1996.0,UPI,5,0
ORD002318,CUST1237,Hyderabad,2023-09-02,Beauty,Hair Mask,3,399,0.1,1077.3,Net Banking,5,0
ORD002319,CUST1231,Pune,2023-08-03,Home & Kitchen,Air Fryer,3,3999,0.15,10197.45,Credit Card,5,0
ORD002320,CUST0726,Ahmedabad,2023-12-20,Groceries,Olive Oil,4,799,0.0,3196.0,UPI,2,1
ORD002321,CUST0517,Lucknow,2024-11-05,Home & Kitchen,Water Bottle,4,399,0.05,1516.2,UPI,5,0
ORD002322,CUST0530,Kolkata,2024-12-25,Home & Kitchen,Water Bottle,3,399,0.15,1017.45,UPI,4,0
ORD002323,CUST1210,Kolkata,2023-06-18,Beauty,Body Lotion,2,349,0.0,698.0,Net Banking,5,0
ORD002324,CUST0490,Hyderabad,2023-02-13,Electronics,Laptop Stand,3,1299,0.0,3897.0,Debit Card,5,0
ORD002325,CUST0317,Chennai,2023-07-27,Sports,Gym Gloves,4,399,0.0,1596.0,Net Banking,5,0
ORD002326,CUST0137,Bangalore,2023-12-18,Electronics,Wireless Earbuds,3,2499,0.15,6372.45,UPI,5,0
ORD002327,CUST0716,Hyderabad,2024-05-28,Groceries,Basmati Rice 5kg,1,499,0.05,474.05,Debit Card,4,0
ORD002328,CUST0736,Jaipur,2024-02-05,Groceries,Green Tea,3,299,0.1,807.3,Cash on Delivery,5,0
ORD002329,CUST1260,Chennai,2023-02-10,Sports,Gym Gloves,2,399,0.05,758.1,Cash on Delivery,4,0
ORD002330,CUST0342,Jaipur,2023-10-19,Sports,Running Shoes,4,3499,0.0,13996.0,Net Banking,4,0
ORD002331,CUST0550,Jaipur,2024-03-03,Sports,Yoga Mat,4,799,0.2,2556.8,Cash on Delivery,5,0
ORD002332,CUST1214,Kolkata,2024-08-28,Sports,Resistance Bands,3,499,0.2,1197.6,UPI,4,0
ORD002333,CUST1237,Hyderabad,2024-08-16,Groceries,Basmati Rice 5kg,2,499,0.15,848.3,UPI,4,0
ORD002334,CUST0555,Chennai,2023-08-16,Electronics,Webcam,2,2199,0.0,4398.0,Net Banking,5,0
ORD002335,CUST0706,Ahmedabad,2023-02-18,Clothing,Sneakers,1,2499,0.05,2374.05,UPI,5,0
ORD002336,CUST0463,Kolkata,2024-05-28,Sports,Gym Gloves,4,399,0.0,1596.0,UPI,5,0
ORD002337,CUST1407,Hyderabad,2024-08-17,Beauty,Body Lotion,1,349,0.05,331.55,Cash on Delivery,4,0
ORD002338,CUST0193,Pune,2024-07-28,Groceries,Basmati Rice 5kg,2,499,0.05,948.1,Debit Card,5,0
ORD002339,CUST1408,Kolkata,2024-03-15,Sports,Resistance Bands,1,499,0.15,424.15,Net Banking,2,0
ORD002340,CUST1051,Pune,2023-09-22,Electronics,Wireless Earbuds,2,2499,0.15,4248.3,UPI,3,0
ORD002341,CUST0806,Ahmedabad,2024-03-12,Books,Business Strategy,4,599,0.0,2396.0,Debit Card,4,0
ORD002342,CUST0054,Lucknow,2024-07-09,Groceries,Basmati Rice 5kg,3,499,0.0,1497.0,Credit Card,5,0
ORD002343,CUST0725,Bangalore,2023-01-04,Electronics,Phone Charger,1,599,0.2,479.2,Credit Card,5,0
ORD002344,CUST0595,Chennai,2024-04-07,Beauty,Hair Mask,2,399,0.0,798.0,Cash on Delivery,4,0
ORD002345,CUST0249,Delhi,2023-05-06,Beauty,Body Lotion,4,349,0.1,1256.4,Cash on Delivery,4,0
ORD002346,CUST1015,Ahmedabad,2023-04-05,Groceries,Basmati Rice 5kg,3,499,0.2,1197.6,Net Banking,4,0
ORD002347,CUST1457,Delhi,2023-01-19,Beauty,Sunscreen SPF50,3,499,0.15,1272.45,Cash on Delivery,5,0
ORD002348,CUST0852,Jaipur,2023-05-30,Beauty,Face Serum,1,999,0.0,999.0,Cash on Delivery,4,0
ORD002349,CUST1089,Lucknow,2024-10-08,Beauty,Body Lotion,2,349,0.05,663.1,UPI,4,0
ORD002350,CUST0114,Delhi,2024-06-08,Beauty,Lip Balm Pack,4,199,0.0,796.0,Net Banking,5,0
ORD002351,CUST0619,Lucknow,2024-10-14,Clothing,Denim Jeans,2,1299,0.1,2338.2,Cash on Delivery,4,0
ORD002352,CUST0189,Delhi,2024-11-03,Books,Python Programming,2,699,0.2,1118.4,Net Banking,5,0
ORD002353,CUST0948,Hyderabad,2024-10-19,Sports,Water Jug,4,599,0.0,2396.0,Credit Card,4,0
ORD002354,CUST1416,Lucknow,2024-08-07,Electronics,Laptop Stand,2,1299,0.0,2598.0,UPI,4,0
ORD002355,CUST1021,Hyderabad,2023-01-08,Books,Business Strategy,4,599,0.15,2036.6,Net Banking,5,0
ORD002356,CUST0122,Kolkata,2024-06-17,Electronics,Phone Charger,1,599,0.1,539.1,Credit Card,4,0
ORD002357,CUST0521,Lucknow,2024-07-20,Sports,Resistance Bands,4,499,0.05,1896.2,UPI,5,0
ORD002358,CUST0830,Lucknow,2024-10-15,Electronics,Webcam,1,2199,0.2,1759.2,UPI,4,0
ORD002359,CUST0582,Ahmedabad,2023-04-20,Sports,Water Jug,3,599,0.0,1797.0,Debit Card,2,1
ORD002360,CUST1245,Pune,2023-10-15,Books,Business Strategy,4,599,0.0,2396.0,Net Banking,4,0
ORD002361,CUST1224,Pune,2024-05-25,Electronics,Webcam,3,2199,0.0,6597.0,UPI,4,0
ORD002362,CUST0944,Jaipur,2023-12-02,Home & Kitchen,Air Fryer,1,3999,0.0,3999.0,Credit Card,3,0
ORD002363,CUST0537,Hyderabad,2023-04-27,Beauty,Sunscreen SPF50,1,499,0.0,499.0,UPI,3,0
ORD002364,CUST0395,Hyderabad,2023-07-07,Beauty,Hair Mask,3,399,0.0,1197.0,Cash on Delivery,4,0
ORD002365,CUST0175,Bangalore,2023-10-11,Beauty,Face Serum,2,999,0.0,1998.0,Cash on Delivery,4,0
ORD002366,CUST0521,Lucknow,2024-12-30,Beauty,Body Lotion,1,349,0.2,279.2,Cash on Delivery,4,0
ORD002367,CUST0613,Bangalore,2024-11-04,Beauty,Body Lotion,3,349,0.1,942.3,Net Banking,4,0
ORD002368,CUST1038,Jaipur,2023-04-06,Beauty,Face Serum,3,999,0.05,2847.15,UPI,5,0
ORD002369,CUST1016,Pune,2023-04-07,Books,Python Programming,2,699,0.0,1398.0,Cash on Delivery,5,0
ORD002370,CUST0116,Delhi,2024-04-25,Electronics,Wireless Earbuds,4,2499,0.0,9996.0,Net Banking,5,0
ORD002371,CUST0575,Bangalore,2024-08-28,Sports,Yoga Mat,3,799,0.0,2397.0,Debit Card,5,0
ORD002372,CUST0273,Hyderabad,2024-10-26,Electronics,USB Hub,2,899,0.0,1798.0,Credit Card,5,0
ORD002373,CUST0246,Delhi,2024-12-26,Books,Python Programming,4,699,0.0,2796.0,Cash on Delivery,3,0
ORD002374,CUST1241,Hyderabad,2024-06-19,Clothing,Sneakers,1,2499,0.15,2124.15,Cash on Delivery,5,0
ORD002375,CUST0070,Hyderabad,2023-09-01,Beauty,Sunscreen SPF50,4,499,0.1,1796.4,Net Banking,2,1
ORD002376,CUST0620,Mumbai,2023-05-20,Clothing,Jacket,3,2999,0.0,8997.0,Cash on Delivery,4,0
ORD002377,CUST0258,Ahmedabad,2023-09-13,Home & Kitchen,Coffee Mug,3,249,0.0,747.0,Credit Card,5,0
ORD002378,CUST1328,Hyderabad,2024-09-11,Books,Self Help,3,449,0.15,1144.95,Credit Card,4,0
ORD002379,CUST0844,Delhi,2023-09-17,Home & Kitchen,Coffee Mug,2,249,0.15,423.3,Cash on Delivery,5,0
ORD002380,CUST0362,Chennai,2023-09-12,Clothing,Jacket,1,2999,0.15,2549.15,Credit Card,3,0
ORD002381,CUST0766,Chennai,2023-03-15,Clothing,Denim Jeans,1,1299,0.15,1104.15,Debit Card,5,0
ORD002382,CUST1111,Ahmedabad,2023-01-03,Clothing,Formal Shirt,1,899,0.1,809.1,Credit Card,5,0
ORD002383,CUST1443,Chennai,2023-12-16,Beauty,Face Serum,4,999,0.0,3996.0,Debit Card,4,0
ORD002384,CUST0339,Jaipur,2024-02-25,Clothing,Cotton T-Shirt,3,499,0.0,1497.0,Cash on Delivery,4,0
ORD002385,CUST1335,Kolkata,2023-07-26,Books,Business Strategy,4,599,0.15,2036.6,Debit Card,5,0
ORD002386,CUST1408,Kolkata,2024-11-12,Clothing,Sneakers,3,2499,0.0,7497.0,Debit Card,5,0
ORD002387,CUST1376,Pune,2023-02-20,Home & Kitchen,Knife Set,3,1299,0.05,3702.15,Net Banking,4,0
ORD002388,CUST0990,Hyderabad,2023-03-03,Home & Kitchen,Water Bottle,1,399,0.2,319.2,Cash on Delivery,5,0
ORD002389,CUST0977,Bangalore,2023-10-22,Groceries,Olive Oil,4,799,0.0,3196.0,UPI,3,0
ORD002390,CUST0582,Ahmedabad,2024-06-26,Clothing,Sneakers,1,2499,0.05,2374.05,UPI,2,0
ORD002391,CUST1143,Chennai,2024-12-05,Books,Data Science Guide,4,899,0.0,3596.0,Net Banking,5,0
ORD002392,CUST0806,Ahmedabad,2023-08-14,Home & Kitchen,Storage Box,2,299,0.05,568.1,Debit Card,4,0
ORD002393,CUST1042,Kolkata,2023-08-13,Electronics,Phone Charger,4,599,0.05,2276.2,Cash on Delivery,5,0
ORD002394,CUST0646,Mumbai,2024-01-15,Sports,Resistance Bands,1,499,0.0,499.0,Credit Card,4,0
ORD002395,CUST1111,Ahmedabad,2024-02-18,Groceries,Green Tea,3,299,0.15,762.45,Credit Card,1,0
ORD002396,CUST1237,Hyderabad,2023-09-08,Clothing,Formal Shirt,3,899,0.2,2157.6,Cash on Delivery,5,0
ORD002397,CUST0233,Pune,2024-05-23,Beauty,Body Lotion,2,349,0.15,593.3,Credit Card,5,0
ORD002398,CUST1245,Pune,2024-12-07,Clothing,Cotton T-Shirt,3,499,0.2,1197.6,Net Banking,5,0
ORD002399,CUST0814,Kolkata,2023-07-18,Sports,Running Shoes,1,3499,0.05,3324.05,UPI,3,0
ORD002400,CUST1271,Hyderabad,2023-10-06,Books,Self Help,3,449,0.15,1144.95,Net Banking,4,0
ORD002401,CUST0649,Hyderabad,2024-01-25,Books,Fiction Novel,3,299,0.0,897.0,Debit Card,4,0
ORD002402,CUST0548,Jaipur,2023-12-11,Clothing,Formal Shirt,1,899,0.2,719.2,Debit Card,4,0
ORD002403,CUST1374,Hyderabad,2024-03-17,Sports,Running Shoes,4,3499,0.0,13996.0,Credit Card,5,0
ORD002404,CUST0390,Chennai,2023-05-21,Books,Python Programming,1,699,0.1,629.1,Credit Card,4,0
ORD002405,CUST1271,Hyderabad,2023-03-16,Clothing,Sneakers,4,2499,0.1,8996.4,Cash on Delivery,3,0
ORD002406,CUST0738,Delhi,2023-08-08,Home & Kitchen,Water Bottle,2,399,0.15,678.3,Credit Card,4,0
ORD002407,CUST0781,Lucknow,2024-02-23,Electronics,USB Hub,1,899,0.1,809.1,UPI,3,0
ORD002408,CUST0468,Delhi,2023-04-06,Books,Fiction Novel,4,299,0.0,1196.0,Debit Card,4,0
ORD002409,CUST0873,Jaipur,2023-09-14,Sports,Yoga Mat,1,799,0.2,639.2,Cash on Delivery,5,0
ORD002410,CUST0486,Jaipur,2024-12-06,Books,Data Science Guide,1,899,0.05,854.05,Debit Card,4,0
ORD002411,CUST0066,Pune,2023-08-10,Books,Python Programming,4,699,0.2,2236.8,UPI,5,0
ORD002412,CUST0413,Delhi,2023-10-12,Electronics,Wireless Earbuds,2,2499,0.1,4498.2,UPI,1,0
ORD002413,CUST0010,Lucknow,2023-04-10,Beauty,Lip Balm Pack,2,199,0.0,398.0,Cash on Delivery,5,0
ORD002414,CUST1467,Jaipur,2023-06-10,Electronics,USB Hub,2,899,0.0,1798.0,Credit Card,4,0
ORD002415,CUST1451,Chennai,2023-08-03,Books,Data Science Guide,2,899,0.2,1438.4,UPI,3,0
ORD002416,CUST0574,Kolkata,2024-09-25,Home & Kitchen,Air Fryer,4,3999,0.0,15996.0,Credit Card,3,0
ORD002417,CUST1105,Ahmedabad,2023-11-03,Books,Data Science Guide,3,899,0.15,2292.45,Net Banking,5,0
ORD002418,CUST0510,Hyderabad,2024-01-23,Clothing,Cotton T-Shirt,2,499,0.05,948.1,Cash on Delivery,1,1
ORD002419,CUST1028,Bangalore,2023-06-11,Clothing,Sneakers,1,2499,0.0,2499.0,Debit Card,4,0
ORD002420,CUST1210,Kolkata,2024-12-17,Home & Kitchen,Air Fryer,4,3999,0.0,15996.0,UPI,5,0
ORD002421,CUST1426,Ahmedabad,2023-06-11,Books,Fiction Novel,3,299,0.05,852.15,Cash on Delivery,5,0
ORD002422,CUST0578,Kolkata,2024-03-11,Sports,Gym Gloves,2,399,0.05,758.1,Net Banking,3,0
ORD002423,CUST1180,Ahmedabad,2023-08-08,Groceries,Mixed Nuts,3,599,0.1,1617.3,Credit Card,5,0
ORD002424,CUST0406,Mumbai,2024-07-02,Clothing,Sneakers,3,2499,0.05,7122.15,Credit Card,4,0
ORD002425,CUST1479,Lucknow,2024-12-12,Beauty,Body Lotion,1,349,0.2,279.2,Credit Card,3,0
ORD002426,CUST0046,Jaipur,2024-05-05,Clothing,Jacket,1,2999,0.1,2699.1,Cash on Delivery,4,0
ORD002427,CUST0932,Kolkata,2023-07-04,Books,Data Science Guide,1,899,0.1,809.1,Debit Card,4,0
ORD002428,CUST1018,Hyderabad,2024-06-04,Beauty,Sunscreen SPF50,2,499,0.0,998.0,Cash on Delivery,5,0
ORD002429,CUST1054,Pune,2024-06-21,Electronics,Phone Charger,1,599,0.0,599.0,UPI,4,0
ORD002430,CUST0194,Mumbai,2023-07-02,Groceries,Mixed Nuts,2,599,0.2,958.4,Debit Card,2,0
ORD002431,CUST1416,Lucknow,2023-06-01,Clothing,Denim Jeans,1,1299,0.1,1169.1,Credit Card,5,0
ORD002432,CUST0273,Hyderabad,2023-11-26,Home & Kitchen,Coffee Mug,1,249,0.15,211.65,UPI,4,0
ORD002433,CUST0963,Mumbai,2023-01-12,Beauty,Hair Mask,1,399,0.0,399.0,Credit Card,5,0
ORD002434,CUST0347,Bangalore,2023-06-18,Beauty,Face Serum,1,999,0.0,999.0,Cash on Delivery,5,0
ORD002435,CUST0468,Delhi,2023-04-11,Electronics,Wireless Earbuds,2,2499,0.05,4748.1,Cash on Delivery,4,0
ORD002436,CUST0823,Delhi,2024-10-07,Books,Business Strategy,1,599,0.2,479.2,Cash on Delivery,5,0
ORD002437,CUST0619,Lucknow,2024-01-24,Electronics,Phone Charger,3,599,0.0,1797.0,Cash on Delivery,5,0
ORD002438,CUST0249,Delhi,2023-06-13,Books,Business Strategy,3,599,0.0,1797.0,Debit Card,3,0
ORD002439,CUST0262,Bangalore,2024-05-17,Sports,Gym Gloves,4,399,0.0,1596.0,Credit Card,4,0
ORD002440,CUST0619,Lucknow,2024-09-28,Clothing,Denim Jeans,3,1299,0.1,3507.3,UPI,5,0
ORD002441,CUST1149,Delhi,2024-03-21,Home & Kitchen,Knife Set,1,1299,0.1,1169.1,Credit Card,4,0
ORD002442,CUST1354,Mumbai,2023-09-25,Sports,Yoga Mat,1,799,0.15,679.15,Net Banking,5,0
ORD002443,CUST0135,Chennai,2024-06-12,Groceries,Mixed Nuts,1,599,0.0,599.0,Debit Card,4,0
ORD002444,CUST0572,Bangalore,2024-02-27,Home & Kitchen,Knife Set,1,1299,0.0,1299.0,UPI,3,0
ORD002445,CUST0162,Hyderabad,2024-11-08,Sports,Resistance Bands,3,499,0.0,1497.0,Debit Card,2,1
ORD002446,CUST0034,Hyderabad,2023-02-12,Beauty,Body Lotion,4,349,0.15,1186.6,Credit Card,4,0
ORD002447,CUST1021,Hyderabad,2023-08-01,Books,Self Help,1,449,0.05,426.55,Cash on Delivery,4,0
ORD002448,CUST0929,Kolkata,2023-12-30,Beauty,Body Lotion,4,349,0.1,1256.4,Credit Card,5,0
ORD002449,CUST0250,Mumbai,2023-03-08,Beauty,Body Lotion,2,349,0.0,698.0,Credit Card,2,0
ORD002450,CUST0365,Kolkata,2024-06-25,Beauty,Lip Balm Pack,3,199,0.2,477.6,Cash on Delivery,3,0
ORD002451,CUST0044,Mumbai,2023-09-22,Sports,Yoga Mat,3,799,0.15,2037.45,Debit Card,5,0
ORD002452,CUST1249,Hyderabad,2024-06-12,Sports,Water Jug,4,599,0.0,2396.0,Debit Card,3,0
ORD002453,CUST1464,Jaipur,2023-09-06,Sports,Yoga Mat,4,799,0.0,3196.0,Credit Card,3,0
ORD002454,CUST0218,Hyderabad,2023-06-24,Clothing,Sneakers,3,2499,0.15,6372.45,UPI,4,0
ORD002455,CUST0362,Chennai,2023-09-06,Home & Kitchen,Storage Box,2,299,0.0,598.0,Debit Card,5,0
ORD002456,CUST1312,Chennai,2023-04-17,Groceries,Green Tea,4,299,0.0,1196.0,UPI,4,0
ORD002457,CUST1396,Pune,2024-02-04,Electronics,Laptop Stand,1,1299,0.2,1039.2,Net Banking,4,0
ORD002458,CUST0624,Ahmedabad,2023-10-25,Clothing,Formal Shirt,3,899,0.2,2157.6,Credit Card,5,0
ORD002459,CUST0081,Jaipur,2024-11-22,Clothing,Sneakers,2,2499,0.15,4248.3,Cash on Delivery,4,0
ORD002460,CUST0066,Pune,2023-01-24,Books,Data Science Guide,3,899,0.0,2697.0,Net Banking,5,0
ORD002461,CUST0877,Bangalore,2023-10-14,Home & Kitchen,Storage Box,4,299,0.2,956.8,Cash on Delivery,5,0
ORD002462,CUST0571,Bangalore,2023-08-20,Sports,Gym Gloves,1,399,0.2,319.2,UPI,5,0
ORD002463,CUST0051,Chennai,2023-10-10,Clothing,Jacket,2,2999,0.2,4798.4,Debit Card,4,0
ORD002464,CUST0895,Delhi,2024-12-05,Home & Kitchen,Coffee Mug,1,249,0.15,211.65,UPI,4,0
ORD002465,CUST0018,Lucknow,2023-07-29,Books,Python Programming,3,699,0.0,2097.0,Debit Card,5,0
ORD002466,CUST1184,Kolkata,2024-06-22,Beauty,Hair Mask,2,399,0.2,638.4,UPI,4,0
ORD002467,CUST0465,Pune,2023-08-16,Books,Python Programming,4,699,0.15,2376.6,Credit Card,5,0
ORD002468,CUST0068,Pune,2024-04-22,Electronics,Wireless Earbuds,4,2499,0.1,8996.4,Credit Card,5,0
ORD002469,CUST0906,Lucknow,2024-08-30,Sports,Yoga Mat,2,799,0.0,1598.0,Debit Card,3,0
ORD002470,CUST0576,Hyderabad,2024-10-21,Home & Kitchen,Water Bottle,2,399,0.05,758.1,Debit Card,4,0
ORD002471,CUST1462,Bangalore,2023-03-20,Electronics,Laptop Stand,1,1299,0.15,1104.15,Cash on Delivery,5,0
ORD002472,CUST0817,Lucknow,2023-12-02,Beauty,Body Lotion,4,349,0.2,1116.8,Credit Card,5,0
ORD002473,CUST0419,Ahmedabad,2024-07-19,Home & Kitchen,Coffee Mug,4,249,0.2,796.8,Cash on Delivery,5,0
ORD002474,CUST1084,Bangalore,2023-01-28,Electronics,Wireless Earbuds,2,2499,0.0,4998.0,Credit Card,5,0
ORD002475,CUST0413,Delhi,2024-02-29,Sports,Yoga Mat,3,799,0.2,1917.6,Debit Card,3,0
ORD002476,CUST1361,Pune,2024-12-05,Beauty,Body Lotion,1,349,0.0,349.0,Net Banking,4,0
ORD002477,CUST0541,Ahmedabad,2023-10-18,Books,Self Help,3,449,0.15,1144.95,Cash on Delivery,5,0
ORD002478,CUST0829,Lucknow,2024-11-27,Electronics,Laptop Stand,1,1299,0.1,1169.1,UPI,4,0
ORD002479,CUST0081,Jaipur,2023-03-20,Sports,Running Shoes,2,3499,0.0,6998.0,Credit Card,4,0
ORD002480,CUST0636,Kolkata,2024-07-06,Beauty,Face Serum,3,999,0.0,2997.0,Debit Card,4,0
ORD002481,CUST1244,Mumbai,2023-01-28,Home & Kitchen,Coffee Mug,4,249,0.0,996.0,Net Banking,4,0
ORD002482,CUST1210,Kolkata,2024-09-13,Clothing,Denim Jeans,2,1299,0.0,2598.0,Debit Card,5,0
ORD002483,CUST0351,Jaipur,2023-12-10,Electronics,Phone Charger,4,599,0.0,2396.0,Credit Card,4,0
ORD002484,CUST0352,Bangalore,2023-10-29,Electronics,USB Hub,1,899,0.15,764.15,Cash on Delivery,3,0
ORD002485,CUST1226,Ahmedabad,2023-01-22,Home & Kitchen,Air Fryer,3,3999,0.15,10197.45,UPI,5,0
ORD002486,CUST1404,Mumbai,2024-03-21,Clothing,Sneakers,4,2499,0.05,9496.2,Credit Card,5,0
ORD002487,CUST0155,Lucknow,2023-05-12,Sports,Yoga Mat,1,799,0.15,679.15,Credit Card,4,0
ORD002488,CUST0682,Delhi,2023-07-28,Electronics,Phone Charger,1,599,0.1,539.1,Net Banking,4,0
ORD002489,CUST0502,Delhi,2023-06-07,Sports,Yoga Mat,1,799,0.05,759.05,Credit Card,5,0
ORD002490,CUST1314,Lucknow,2023-08-12,Groceries,Olive Oil,1,799,0.0,799.0,UPI,4,0
ORD002491,CUST0135,Chennai,2024-07-17,Groceries,Basmati Rice 5kg,4,499,0.1,1796.4,Cash on Delivery,3,0
ORD002492,CUST0323,Lucknow,2024-07-28,Electronics,Laptop Stand,4,1299,0.05,4936.2,Debit Card,5,0
ORD002493,CUST1144,Ahmedabad,2023-02-11,Sports,Resistance Bands,3,499,0.0,1497.0,UPI,3,0
ORD002494,CUST0082,Hyderabad,2023-07-18,Sports,Yoga Mat,4,799,0.2,2556.8,Debit Card,4,0
ORD002495,CUST0750,Hyderabad,2023-02-17,Home & Kitchen,Coffee Mug,2,249,0.05,473.1,UPI,4,0
ORD002496,CUST0674,Kolkata,2024-11-14,Sports,Yoga Mat,1,799,0.0,799.0,Credit Card,4,0
ORD002497,CUST0500,Ahmedabad,2024-08-17,Sports,Yoga Mat,3,799,0.1,2157.3,UPI,5,0
ORD002498,CUST0574,Kolkata,2024-04-08,Groceries,Green Tea,2,299,0.0,598.0,Cash on Delivery,5,0
ORD002499,CUST0803,Chennai,2024-09-04,Beauty,Sunscreen SPF50,4,499,0.2,1596.8,Cash on Delivery,5,0
ORD002500,CUST0249,Delhi,2024-11-03,Books,Self Help,4,449,0.2,1436.8,Cash on Delivery,4,0
ORD002501,CUST0870,Hyderabad,2024-06-18,Books,Fiction Novel,4,299,0.0,1196.0,Cash on Delivery,4,0
ORD002502,CUST1210,Kolkata,2024-08-05,Beauty,Hair Mask,4,399,0.15,1356.6,UPI,4,0
ORD002503,CUST1151,Pune,2024-05-27,Sports,Yoga Mat,3,799,0.0,2397.0,Cash on Delivery,5,0
ORD002504,CUST0243,Chennai,2023-04-21,Sports,Resistance Bands,2,499,0.0,998.0,Debit Card,3,0
ORD002505,CUST0241,Kolkata,2024-07-31,Groceries,Olive Oil,4,799,0.05,3036.2,Credit Card,4,0
ORD002506,CUST0409,Kolkata,2024-04-29,Home & Kitchen,Coffee Mug,1,249,0.1,224.1,Credit Card,3,0
ORD002507,CUST0527,Bangalore,2024-03-28,Home & Kitchen,Knife Set,1,1299,0.15,1104.15,Debit Card,3,0
ORD002508,CUST0597,Kolkata,2024-09-13,Groceries,Green Tea,2,299,0.1,538.2,Cash on Delivery,4,0
ORD002509,CUST1045,Ahmedabad,2024-07-28,Groceries,Olive Oil,2,799,0.15,1358.3,UPI,5,0
ORD002510,CUST0092,Lucknow,2024-11-10,Beauty,Face Serum,3,999,0.05,2847.15,Debit Card,3,0
ORD002511,CUST0055,Hyderabad,2023-01-31,Books,Fiction Novel,4,299,0.0,1196.0,Debit Card,4,0
ORD002512,CUST0569,Jaipur,2024-11-23,Home & Kitchen,Coffee Mug,3,249,0.1,672.3,UPI,3,0
ORD002513,CUST1062,Hyderabad,2024-01-23,Electronics,Webcam,4,2199,0.1,7916.4,Credit Card,4,0
ORD002514,CUST0293,Lucknow,2024-05-08,Beauty,Sunscreen SPF50,1,499,0.1,449.1,Credit Card,5,0
ORD002515,CUST0999,Chennai,2024-06-25,Books,Data Science Guide,2,899,0.2,1438.4,UPI,4,0
ORD002516,CUST0399,Kolkata,2023-07-16,Beauty,Face Serum,3,999,0.2,2397.6,Net Banking,5,0
ORD002517,CUST1335,Kolkata,2023-11-15,Sports,Resistance Bands,2,499,0.1,898.2,UPI,5,0
ORD002518,CUST1351,Pune,2023-06-18,Books,Python Programming,1,699,0.2,559.2,Debit Card,4,0
ORD002519,CUST0448,Kolkata,2024-02-05,Electronics,Wireless Earbuds,4,2499,0.1,8996.4,Net Banking,5,0
ORD002520,CUST0359,Chennai,2024-02-01,Electronics,Wireless Earbuds,1,2499,0.2,1999.2,Credit Card,4,0
ORD002521,CUST0612,Ahmedabad,2023-01-27,Electronics,Phone Charger,3,599,0.2,1437.6,Cash on Delivery,2,1
ORD002522,CUST0377,Mumbai,2023-10-28,Electronics,Webcam,3,2199,0.0,6597.0,Credit Card,5,0
ORD002523,CUST1030,Mumbai,2024-02-22,Beauty,Hair Mask,1,399,0.05,379.05,Cash on Delivery,5,0
ORD002524,CUST1239,Ahmedabad,2024-02-26,Clothing,Jacket,4,2999,0.15,10196.6,Credit Card,5,0
ORD002525,CUST1030,Mumbai,2023-10-14,Books,Business Strategy,2,599,0.15,1018.3,Net Banking,4,0
ORD002526,CUST1237,Hyderabad,2023-06-16,Home & Kitchen,Knife Set,3,1299,0.05,3702.15,Debit Card,2,0
ORD002527,CUST0576,Hyderabad,2023-05-14,Books,Self Help,4,449,0.15,1526.6,UPI,4,0
ORD002528,CUST0246,Delhi,2024-05-18,Electronics,Webcam,1,2199,0.15,1869.15,Net Banking,5,0
ORD002529,CUST1122,Chennai,2024-12-17,Home & Kitchen,Air Fryer,2,3999,0.1,7198.2,Credit Card,5,0
ORD002530,CUST0525,Kolkata,2024-06-20,Beauty,Hair Mask,1,399,0.05,379.05,UPI,5,0
ORD002531,CUST1028,Bangalore,2024-04-09,Electronics,Phone Charger,2,599,0.0,1198.0,Debit Card,4,0
ORD002532,CUST0412,Bangalore,2023-12-20,Groceries,Mixed Nuts,2,599,0.0,1198.0,Net Banking,5,0
ORD002533,CUST0128,Jaipur,2023-01-11,Electronics,Laptop Stand,1,1299,0.05,1234.05,Debit Card,4,0
ORD002534,CUST1481,Kolkata,2023-06-17,Books,Python Programming,1,699,0.1,629.1,Net Banking,1,1
ORD002535,CUST0246,Delhi,2024-04-23,Clothing,Jacket,3,2999,0.0,8997.0,Cash on Delivery,4,0
ORD002536,CUST1477,Lucknow,2023-08-12,Groceries,Protein Bar Pack,1,699,0.0,699.0,Cash on Delivery,4,0
ORD002537,CUST1465,Hyderabad,2023-02-20,Groceries,Mixed Nuts,3,599,0.1,1617.3,Debit Card,5,0
ORD002538,CUST1196,Ahmedabad,2023-05-25,Beauty,Body Lotion,3,349,0.0,1047.0,UPI,5,0
ORD002539,CUST1018,Hyderabad,2023-10-10,Sports,Yoga Mat,1,799,0.05,759.05,Credit Card,4,0
ORD002540,CUST0885,Ahmedabad,2023-09-14,Clothing,Sneakers,2,2499,0.15,4248.3,Net Banking,5,0
ORD002541,CUST1308,Lucknow,2024-04-19,Home & Kitchen,Coffee Mug,1,249,0.0,249.0,Net Banking,5,0
ORD002542,CUST0442,Mumbai,2023-03-18,Books,Fiction Novel,2,299,0.0,598.0,Credit Card,1,1
ORD002543,CUST0716,Hyderabad,2024-10-05,Home & Kitchen,Coffee Mug,2,249,0.0,498.0,Cash on Delivery,3,0
ORD002544,CUST0954,Mumbai,2024-05-18,Home & Kitchen,Water Bottle,3,399,0.15,1017.45,Cash on Delivery,5,0
ORD002545,CUST0612,Ahmedabad,2023-08-26,Home & Kitchen,Water Bottle,4,399,0.2,1276.8,Cash on Delivery,5,0
ORD002546,CUST0646,Mumbai,2024-11-28,Clothing,Cotton T-Shirt,2,499,0.1,898.2,Net Banking,5,0
ORD002547,CUST0492,Lucknow,2024-04-05,Electronics,USB Hub,2,899,0.1,1618.2,Credit Card,5,0
ORD002548,CUST0854,Bangalore,2024-11-28,Home & Kitchen,Coffee Mug,4,249,0.05,946.2,Credit Card,5,0
ORD002549,CUST1278,Bangalore,2024-05-23,Home & Kitchen,Knife Set,1,1299,0.05,1234.05,Net Banking,4,0
ORD002550,CUST0306,Lucknow,2023-01-03,Sports,Resistance Bands,1,499,0.0,499.0,Debit Card,4,0
ORD002551,CUST1408,Kolkata,2024-10-06,Electronics,Phone Charger,2,599,0.0,1198.0,Debit Card,4,0
ORD002552,CUST1055,Ahmedabad,2023-12-10,Electronics,Laptop Stand,3,1299,0.0,3897.0,Net Banking,4,0
ORD002553,CUST1237,Hyderabad,2023-06-03,Electronics,USB Hub,4,899,0.1,3236.4,Cash on Delivery,5,0
ORD002554,CUST0844,Delhi,2023-05-23,Books,Data Science Guide,1,899,0.1,809.1,Net Banking,4,0
ORD002555,CUST1175,Kolkata,2024-08-27,Home & Kitchen,Coffee Mug,1,249,0.1,224.1,UPI,4,0
ORD002556,CUST0031,Pune,2024-07-13,Clothing,Sneakers,3,2499,0.2,5997.6,Debit Card,5,0
ORD002557,CUST1229,Pune,2023-02-04,Clothing,Cotton T-Shirt,3,499,0.2,1197.6,Debit Card,5,0
ORD002558,CUST0068,Pune,2024-09-04,Books,Fiction Novel,4,299,0.15,1016.6,UPI,5,0
ORD002559,CUST1343,Bangalore,2024-09-12,Sports,Running Shoes,2,3499,0.0,6998.0,Cash on Delivery,4,0
ORD002560,CUST1481,Kolkata,2023-03-28,Sports,Gym Gloves,1,399,0.15,339.15,Net Banking,4,0
ORD002561,CUST0447,Pune,2023-02-06,Books,Fiction Novel,4,299,0.2,956.8,Net Banking,5,0
ORD002562,CUST0322,Ahmedabad,2024-07-11,Electronics,USB Hub,2,899,0.0,1798.0,Net Banking,4,0
ORD002563,CUST1156,Jaipur,2024-09-22,Home & Kitchen,Water Bottle,2,399,0.0,798.0,Net Banking,4,0
ORD002564,CUST0391,Pune,2024-10-04,Beauty,Face Serum,1,999,0.15,849.15,Net Banking,5,0
ORD002565,CUST1308,Lucknow,2024-07-08,Home & Kitchen,Coffee Mug,4,249,0.05,946.2,Cash on Delivery,3,0
ORD002566,CUST0166,Delhi,2023-06-07,Sports,Water Jug,4,599,0.15,2036.6,Debit Card,5,0
ORD002567,CUST0200,Mumbai,2023-02-09,Groceries,Green Tea,2,299,0.05,568.1,Cash on Delivery,5,0
ORD002568,CUST1467,Jaipur,2024-10-20,Groceries,Green Tea,1,299,0.05,284.05,Debit Card,3,0
ORD002569,CUST1032,Jaipur,2024-11-10,Groceries,Basmati Rice 5kg,3,499,0.0,1497.0,UPI,5,0
ORD002570,CUST1273,Pune,2024-09-26,Beauty,Lip Balm Pack,4,199,0.15,676.6,Net Banking,4,0
ORD002571,CUST0486,Jaipur,2023-05-08,Sports,Yoga Mat,1,799,0.15,679.15,Cash on Delivery,3,0
ORD002572,CUST1038,Jaipur,2023-09-15,Clothing,Formal Shirt,3,899,0.0,2697.0,Cash on Delivery,3,0
ORD002573,CUST0918,Kolkata,2023-05-24,Home & Kitchen,Knife Set,4,1299,0.0,5196.0,Cash on Delivery,4,0
ORD002574,CUST0932,Kolkata,2023-05-17,Groceries,Olive Oil,2,799,0.15,1358.3,Cash on Delivery,5,0
ORD002575,CUST1049,Kolkata,2023-08-16,Beauty,Hair Mask,4,399,0.2,1276.8,Debit Card,5,0
ORD002576,CUST0878,Delhi,2024-02-19,Sports,Gym Gloves,1,399,0.0,399.0,Credit Card,3,0
ORD002577,CUST0646,Mumbai,2023-12-12,Books,Business Strategy,2,599,0.1,1078.2,Net Banking,5,0
ORD002578,CUST0420,Pune,2024-08-12,Clothing,Formal Shirt,4,899,0.0,3596.0,Cash on Delivery,3,0
ORD002579,CUST1159,Jaipur,2024-09-14,Clothing,Denim Jeans,3,1299,0.1,3507.3,UPI,5,0
ORD002580,CUST0353,Chennai,2024-12-28,Electronics,Phone Charger,1,599,0.1,539.1,UPI,4,0
ORD002581,CUST1057,Mumbai,2024-07-26,Electronics,Laptop Stand,3,1299,0.05,3702.15,Cash on Delivery,4,0
ORD002582,CUST0365,Kolkata,2023-09-25,Groceries,Protein Bar Pack,3,699,0.2,1677.6,Debit Card,4,0
ORD002583,CUST0971,Kolkata,2024-06-08,Groceries,Green Tea,1,299,0.15,254.15,Credit Card,5,0
ORD002584,CUST1137,Hyderabad,2024-05-10,Beauty,Face Serum,4,999,0.1,3596.4,Debit Card,3,0
ORD002585,CUST0337,Bangalore,2023-02-08,Sports,Running Shoes,2,3499,0.0,6998.0,UPI,3,0
ORD002586,CUST0096,Kolkata,2023-11-30,Clothing,Sneakers,3,2499,0.0,7497.0,Credit Card,4,0
ORD002587,CUST0208,Jaipur,2023-08-10,Groceries,Mixed Nuts,2,599,0.0,1198.0,UPI,5,0
ORD002588,CUST0933,Jaipur,2024-06-21,Sports,Resistance Bands,4,499,0.05,1896.2,Net Banking,3,0
ORD002589,CUST1278,Bangalore,2024-09-27,Home & Kitchen,Storage Box,1,299,0.0,299.0,Debit Card,4,0
ORD002590,CUST0074,Bangalore,2023-03-31,Books,Python Programming,3,699,0.2,1677.6,Net Banking,2,1
ORD002591,CUST1116,Delhi,2024-08-28,Home & Kitchen,Coffee Mug,1,249,0.15,211.65,Cash on Delivery,4,0
ORD002592,CUST0507,Delhi,2024-05-04,Electronics,Webcam,2,2199,0.2,3518.4,Debit Card,1,1
ORD002593,CUST0728,Pune,2023-06-16,Beauty,Body Lotion,3,349,0.05,994.65,UPI,5,0
ORD002594,CUST1400,Lucknow,2023-11-29,Sports,Water Jug,4,599,0.0,2396.0,Cash on Delivery,5,0
ORD002595,CUST0499,Jaipur,2024-03-28,Sports,Water Jug,4,599,0.1,2156.4,Debit Card,4,0
ORD002596,CUST0713,Delhi,2023-12-12,Clothing,Sneakers,3,2499,0.1,6747.3,UPI,5,0
ORD002597,CUST0026,Lucknow,2023-11-21,Sports,Running Shoes,4,3499,0.0,13996.0,Cash on Delivery,5,0
ORD002598,CUST0130,Delhi,2024-09-21,Groceries,Olive Oil,2,799,0.0,1598.0,Credit Card,5,0
ORD002599,CUST0397,Pune,2023-05-20,Beauty,Lip Balm Pack,3,199,0.0,597.0,Credit Card,5,0
ORD002600,CUST0051,Chennai,2023-11-11,Electronics,Wireless Earbuds,2,2499,0.2,3998.4,Debit Card,4,0
ORD002601,CUST0982,Kolkata,2023-05-15,Sports,Resistance Bands,1,499,0.0,499.0,Credit Card,5,0
ORD002602,CUST0637,Chennai,2023-08-02,Beauty,Hair Mask,3,399,0.0,1197.0,Credit Card,1,1
ORD002603,CUST0826,Jaipur,2023-07-06,Sports,Resistance Bands,4,499,0.1,1796.4,UPI,5,0
ORD002604,CUST0266,Chennai,2024-08-23,Groceries,Mixed Nuts,4,599,0.05,2276.2,Net Banking,5,0
ORD002605,CUST0447,Pune,2024-04-04,Clothing,Sneakers,2,2499,0.05,4748.1,Net Banking,5,0
ORD002606,CUST1023,Mumbai,2023-01-07,Books,Business Strategy,4,599,0.0,2396.0,Cash on Delivery,3,0
ORD002607,CUST1450,Hyderabad,2023-08-03,Books,Data Science Guide,3,899,0.0,2697.0,Credit Card,5,0
ORD002608,CUST0081,Jaipur,2024-07-10,Sports,Resistance Bands,2,499,0.15,848.3,Credit Card,5,0
ORD002609,CUST1343,Bangalore,2023-03-06,Books,Data Science Guide,2,899,0.2,1438.4,Cash on Delivery,3,0
ORD002610,CUST0885,Ahmedabad,2023-04-05,Clothing,Cotton T-Shirt,3,499,0.1,1347.3,Credit Card,2,0
ORD002611,CUST0854,Bangalore,2024-05-16,Sports,Resistance Bands,4,499,0.0,1996.0,Cash on Delivery,3,0
ORD002612,CUST0760,Kolkata,2023-06-19,Home & Kitchen,Storage Box,1,299,0.1,269.1,Net Banking,5,0
ORD002613,CUST0115,Mumbai,2023-07-05,Sports,Yoga Mat,4,799,0.0,3196.0,Net Banking,5,0
ORD002614,CUST0141,Jaipur,2024-01-07,Home & Kitchen,Storage Box,3,299,0.15,762.45,UPI,4,0
ORD002615,CUST0924,Pune,2024-08-07,Home & Kitchen,Water Bottle,4,399,0.0,1596.0,UPI,5,0
ORD002616,CUST0507,Delhi,2024-11-16,Clothing,Jacket,1,2999,0.1,2699.1,Net Banking,5,0
ORD002617,CUST1378,Pune,2023-04-15,Books,Fiction Novel,2,299,0.15,508.3,Cash on Delivery,4,0
ORD002618,CUST0595,Chennai,2024-10-22,Beauty,Sunscreen SPF50,4,499,0.0,1996.0,Credit Card,4,0
ORD002619,CUST0229,Mumbai,2023-08-11,Home & Kitchen,Water Bottle,2,399,0.05,758.1,Cash on Delivery,5,0
ORD002620,CUST1089,Lucknow,2023-06-26,Clothing,Cotton T-Shirt,3,499,0.0,1497.0,Cash on Delivery,3,0
ORD002621,CUST0446,Pune,2023-04-14,Sports,Resistance Bands,4,499,0.0,1996.0,UPI,5,0
ORD002622,CUST0798,Bangalore,2023-11-07,Books,Fiction Novel,1,299,0.15,254.15,Cash on Delivery,4,0
ORD002623,CUST1063,Delhi,2024-10-30,Clothing,Denim Jeans,2,1299,0.0,2598.0,Debit Card,4,0
ORD002624,CUST1356,Jaipur,2024-07-23,Beauty,Body Lotion,2,349,0.0,698.0,UPI,5,0
ORD002625,CUST1190,Lucknow,2024-10-22,Home & Kitchen,Air Fryer,4,3999,0.15,13596.6,Net Banking,4,0
ORD002626,CUST1038,Jaipur,2023-09-11,Clothing,Denim Jeans,4,1299,0.0,5196.0,Cash on Delivery,5,0
ORD002627,CUST1045,Ahmedabad,2024-05-25,Groceries,Mixed Nuts,3,599,0.1,1617.3,Credit Card,5,0
ORD002628,CUST1426,Ahmedabad,2023-07-11,Clothing,Sneakers,4,2499,0.0,9996.0,Net Banking,4,0
ORD002629,CUST0447,Pune,2023-09-10,Electronics,Phone Charger,1,599,0.0,599.0,Cash on Delivery,5,0
ORD002630,CUST0002,Mumbai,2023-04-26,Home & Kitchen,Coffee Mug,4,249,0.15,846.6,UPI,4,0
ORD002631,CUST0413,Delhi,2023-06-02,Clothing,Jacket,2,2999,0.0,5998.0,Credit Card,1,0
ORD002632,CUST0337,Bangalore,2023-02-25,Clothing,Formal Shirt,4,899,0.15,3056.6,Debit Card,4,0
ORD002633,CUST1021,Hyderabad,2024-07-21,Electronics,Wireless Earbuds,3,2499,0.2,5997.6,Net Banking,4,0
ORD002634,CUST0986,Ahmedabad,2024-12-01,Sports,Gym Gloves,4,399,0.0,1596.0,UPI,4,0
ORD002635,CUST0918,Kolkata,2023-08-31,Books,Fiction Novel,3,299,0.0,897.0,Net Banking,5,0
ORD002636,CUST0032,Chennai,2023-10-12,Electronics,Wireless Earbuds,2,2499,0.0,4998.0,Debit Card,5,0
ORD002637,CUST1106,Pune,2024-04-16,Home & Kitchen,Air Fryer,3,3999,0.0,11997.0,Debit Card,2,0
ORD002638,CUST0485,Kolkata,2023-06-02,Clothing,Jacket,1,2999,0.0,2999.0,Debit Card,5,0
ORD002639,CUST1024,Pune,2023-01-25,Beauty,Body Lotion,3,349,0.15,889.95,Debit Card,3,0
ORD002640,CUST0844,Delhi,2024-09-18,Home & Kitchen,Storage Box,2,299,0.0,598.0,Credit Card,5,0
ORD002641,CUST0508,Hyderabad,2023-08-04,Sports,Water Jug,4,599,0.0,2396.0,Net Banking,5,0
ORD002642,CUST0218,Hyderabad,2024-02-12,Electronics,Webcam,1,2199,0.0,2199.0,Debit Card,2,1
ORD002643,CUST0154,Mumbai,2024-12-04,Electronics,Phone Charger,2,599,0.0,1198.0,Net Banking,5,0
ORD002644,CUST1244,Mumbai,2023-04-28,Home & Kitchen,Knife Set,2,1299,0.0,2598.0,Credit Card,5,0
ORD002645,CUST1380,Chennai,2023-04-18,Electronics,Wireless Earbuds,4,2499,0.05,9496.2,Debit Card,3,0
ORD002646,CUST1007,Ahmedabad,2023-05-20,Electronics,Wireless Earbuds,1,2499,0.05,2374.05,Cash on Delivery,5,0
ORD002647,CUST0166,Delhi,2024-09-29,Beauty,Lip Balm Pack,2,199,0.0,398.0,Debit Card,5,0
ORD002648,CUST0582,Ahmedabad,2024-01-25,Electronics,USB Hub,2,899,0.05,1708.1,Cash on Delivery,4,0
ORD002649,CUST1107,Lucknow,2024-11-12,Electronics,Phone Charger,4,599,0.15,2036.6,Cash on Delivery,5,0
ORD002650,CUST1175,Kolkata,2023-04-13,Electronics,Phone Charger,3,599,0.0,1797.0,Credit Card,3,0
ORD002651,CUST0192,Delhi,2024-06-21,Beauty,Body Lotion,4,349,0.15,1186.6,UPI,3,0
ORD002652,CUST0001,Delhi,2023-06-03,Beauty,Face Serum,3,999,0.0,2997.0,Net Banking,4,0
ORD002653,CUST1086,Delhi,2024-01-11,Clothing,Cotton T-Shirt,2,499,0.15,848.3,UPI,5,0
ORD002654,CUST0523,Kolkata,2024-11-01,Books,Self Help,1,449,0.2,359.2,Cash on Delivery,1,0
ORD002655,CUST0394,Hyderabad,2024-12-12,Sports,Running Shoes,2,3499,0.2,5598.4,Credit Card,4,0
ORD002656,CUST0025,Ahmedabad,2023-05-02,Beauty,Face Serum,2,999,0.05,1898.1,Debit Card,3,0
ORD002657,CUST0814,Kolkata,2024-01-11,Home & Kitchen,Storage Box,3,299,0.1,807.3,Debit Card,4,0
ORD002658,CUST1281,Delhi,2023-06-09,Clothing,Cotton T-Shirt,3,499,0.0,1497.0,Credit Card,1,0
ORD002659,CUST1443,Chennai,2023-06-15,Home & Kitchen,Air Fryer,3,3999,0.1,10797.3,Cash on Delivery,4,0
ORD002660,CUST0859,Ahmedabad,2024-09-05,Home & Kitchen,Storage Box,1,299,0.0,299.0,Net Banking,5,0
ORD002661,CUST0782,Chennai,2024-08-27,Books,Python Programming,4,699,0.05,2656.2,Debit Card,1,1
ORD002662,CUST0138,Ahmedabad,2023-11-24,Beauty,Hair Mask,1,399,0.0,399.0,Debit Card,4,0
ORD002663,CUST0826,Jaipur,2024-12-28,Beauty,Face Serum,2,999,0.15,1698.3,Credit Card,5,0
ORD002664,CUST0549,Kolkata,2024-09-22,Clothing,Cotton T-Shirt,1,499,0.0,499.0,Net Banking,4,0
ORD002665,CUST0934,Mumbai,2024-03-09,Home & Kitchen,Coffee Mug,4,249,0.0,996.0,UPI,5,0
ORD002666,CUST0561,Chennai,2024-08-27,Sports,Yoga Mat,3,799,0.05,2277.15,UPI,5,0
ORD002667,CUST0377,Mumbai,2023-06-26,Groceries,Mixed Nuts,4,599,0.2,1916.8,UPI,5,0
ORD002668,CUST0155,Lucknow,2023-09-15,Home & Kitchen,Air Fryer,2,3999,0.2,6398.4,Credit Card,4,0
ORD002669,CUST0475,Chennai,2023-05-02,Electronics,Wireless Earbuds,1,2499,0.2,1999.2,Cash on Delivery,5,0
ORD002670,CUST0155,Lucknow,2024-02-27,Electronics,Wireless Earbuds,2,2499,0.0,4998.0,Credit Card,4,0
ORD002671,CUST0268,Chennai,2023-04-03,Home & Kitchen,Knife Set,3,1299,0.2,3117.6,Net Banking,4,0
ORD002672,CUST1477,Lucknow,2023-04-10,Sports,Yoga Mat,1,799,0.1,719.1,UPI,5,0
ORD002673,CUST0676,Delhi,2023-02-01,Home & Kitchen,Air Fryer,2,3999,0.1,7198.2,Credit Card,5,0
ORD002674,CUST0806,Ahmedabad,2023-07-20,Groceries,Basmati Rice 5kg,4,499,0.0,1996.0,Net Banking,4,0
ORD002675,CUST1318,Lucknow,2024-04-18,Home & Kitchen,Air Fryer,2,3999,0.0,7998.0,UPI,5,0
ORD002676,CUST1492,Kolkata,2024-06-27,Electronics,Wireless Earbuds,3,2499,0.0,7497.0,Net Banking,5,0
ORD002677,CUST0893,Ahmedabad,2023-04-27,Groceries,Olive Oil,4,799,0.0,3196.0,Credit Card,5,0
ORD002678,CUST1221,Kolkata,2023-12-24,Electronics,Webcam,4,2199,0.0,8796.0,Cash on Delivery,4,0
ORD002679,CUST0489,Chennai,2024-12-21,Books,Business Strategy,4,599,0.05,2276.2,UPI,4,0
ORD002680,CUST0465,Pune,2024-07-28,Home & Kitchen,Air Fryer,2,3999,0.0,7998.0,Debit Card,1,1
ORD002681,CUST0582,Ahmedabad,2024-03-26,Sports,Water Jug,2,599,0.2,958.4,Net Banking,5,0
ORD002682,CUST1030,Mumbai,2023-12-28,Home & Kitchen,Knife Set,2,1299,0.0,2598.0,Cash on Delivery,4,0
ORD002683,CUST1049,Kolkata,2023-02-02,Clothing,Denim Jeans,4,1299,0.0,5196.0,Net Banking,2,1
ORD002684,CUST0476,Jaipur,2024-10-03,Home & Kitchen,Air Fryer,3,3999,0.0,11997.0,Credit Card,4,0
ORD002685,CUST0213,Jaipur,2024-08-25,Beauty,Face Serum,1,999,0.05,949.05,Net Banking,4,0
ORD002686,CUST0985,Hyderabad,2024-11-01,Electronics,USB Hub,1,899,0.0,899.0,Debit Card,4,0
ORD002687,CUST0204,Delhi,2024-07-30,Sports,Gym Gloves,1,399,0.2,319.2,UPI,5,0
ORD002688,CUST0887,Ahmedabad,2024-11-14,Sports,Yoga Mat,3,799,0.0,2397.0,Credit Card,5,0
ORD002689,CUST1060,Hyderabad,2024-09-17,Groceries,Olive Oil,1,799,0.0,799.0,Credit Card,5,0
ORD002690,CUST1069,Chennai,2024-09-04,Beauty,Body Lotion,3,349,0.15,889.95,Net Banking,5,0
ORD002691,CUST1146,Lucknow,2023-08-18,Beauty,Body Lotion,4,349,0.15,1186.6,Debit Card,5,0
ORD002692,CUST1317,Kolkata,2023-05-04,Home & Kitchen,Coffee Mug,4,249,0.15,846.6,Net Banking,5,0
ORD002693,CUST0760,Kolkata,2024-02-25,Sports,Gym Gloves,3,399,0.0,1197.0,Credit Card,5,0
ORD002694,CUST1109,Kolkata,2023-02-20,Clothing,Denim Jeans,4,1299,0.0,5196.0,Cash on Delivery,4,0
ORD002695,CUST0954,Mumbai,2023-06-28,Groceries,Olive Oil,2,799,0.2,1278.4,Net Banking,5,0
ORD002696,CUST0278,Jaipur,2024-08-05,Clothing,Denim Jeans,3,1299,0.1,3507.3,Cash on Delivery,5,0
ORD002697,CUST0046,Jaipur,2023-09-28,Home & Kitchen,Air Fryer,1,3999,0.15,3399.15,Net Banking,3,0
ORD002698,CUST0433,Kolkata,2024-04-23,Beauty,Sunscreen SPF50,1,499,0.0,499.0,Cash on Delivery,2,0
ORD002699,CUST0676,Delhi,2024-02-25,Beauty,Sunscreen SPF50,1,499,0.0,499.0,Credit Card,2,1
ORD002700,CUST0951,Lucknow,2024-07-12,Books,Business Strategy,1,599,0.2,479.2,Credit Card,5,0
ORD002701,CUST1278,Bangalore,2023-04-25,Clothing,Formal Shirt,4,899,0.0,3596.0,Net Banking,3,0
ORD002702,CUST0297,Delhi,2024-06-04,Electronics,Webcam,3,2199,0.15,5607.45,Credit Card,2,0
ORD002703,CUST0199,Hyderabad,2024-07-01,Sports,Water Jug,3,599,0.0,1797.0,Credit Card,3,0
ORD002704,CUST1449,Mumbai,2024-03-26,Home & Kitchen,Storage Box,2,299,0.1,538.2,UPI,5,0
ORD002705,CUST0179,Kolkata,2023-01-27,Home & Kitchen,Air Fryer,2,3999,0.0,7998.0,Credit Card,4,0
ORD002706,CUST0728,Pune,2024-11-13,Home & Kitchen,Knife Set,3,1299,0.05,3702.15,Debit Card,3,0
ORD002707,CUST0898,Kolkata,2023-03-29,Beauty,Sunscreen SPF50,4,499,0.1,1796.4,Net Banking,4,0
ORD002708,CUST0814,Kolkata,2024-05-26,Electronics,Wireless Earbuds,2,2499,0.1,4498.2,Cash on Delivery,5,0
ORD002709,CUST0139,Mumbai,2024-05-31,Groceries,Olive Oil,4,799,0.1,2876.4,Net Banking,3,0
ORD002710,CUST0093,Pune,2023-02-14,Sports,Water Jug,1,599,0.0,599.0,Debit Card,4,0
ORD002711,CUST0173,Ahmedabad,2023-04-01,Books,Python Programming,3,699,0.2,1677.6,Net Banking,5,0
ORD002712,CUST0898,Kolkata,2024-05-21,Electronics,USB Hub,4,899,0.0,3596.0,Debit Card,5,0
ORD002713,CUST0817,Lucknow,2024-12-08,Clothing,Sneakers,3,2499,0.15,6372.45,Debit Card,4,0
ORD002714,CUST0365,Kolkata,2024-04-16,Groceries,Protein Bar Pack,3,699,0.0,2097.0,Net Banking,4,0
ORD002715,CUST0992,Jaipur,2024-03-07,Clothing,Formal Shirt,1,899,0.1,809.1,UPI,5,0
ORD002716,CUST1230,Delhi,2024-07-13,Beauty,Body Lotion,4,349,0.05,1326.2,UPI,4,0
ORD002717,CUST0070,Hyderabad,2024-04-08,Sports,Water Jug,1,599,0.0,599.0,Debit Card,4,0
ORD002718,CUST0759,Pune,2024-07-28,Electronics,Laptop Stand,1,1299,0.0,1299.0,Net Banking,4,0
ORD002719,CUST1055,Ahmedabad,2023-09-06,Clothing,Denim Jeans,3,1299,0.1,3507.3,Net Banking,5,0
ORD002720,CUST0391,Pune,2024-05-29,Groceries,Green Tea,2,299,0.0,598.0,Debit Card,5,0
ORD002721,CUST0468,Delhi,2024-12-14,Groceries,Green Tea,4,299,0.1,1076.4,Cash on Delivery,4,0
ORD002722,CUST0948,Hyderabad,2024-02-09,Electronics,Laptop Stand,2,1299,0.0,2598.0,Cash on Delivery,4,0
ORD002723,CUST1354,Mumbai,2023-01-23,Home & Kitchen,Coffee Mug,1,249,0.05,236.55,Credit Card,5,0
ORD002724,CUST1215,Lucknow,2023-04-26,Electronics,USB Hub,1,899,0.0,899.0,Debit Card,4,0
ORD002725,CUST0894,Ahmedabad,2023-07-29,Groceries,Green Tea,2,299,0.2,478.4,Credit Card,5,0
ORD002726,CUST1109,Kolkata,2024-02-22,Clothing,Denim Jeans,4,1299,0.15,4416.6,UPI,5,0
ORD002727,CUST0532,Bangalore,2023-11-25,Clothing,Denim Jeans,1,1299,0.0,1299.0,Credit Card,4,0
ORD002728,CUST0997,Pune,2024-01-04,Home & Kitchen,Storage Box,1,299,0.0,299.0,UPI,5,0
ORD002729,CUST0716,Hyderabad,2023-09-26,Beauty,Hair Mask,4,399,0.0,1596.0,Credit Card,3,0
ORD002730,CUST0281,Mumbai,2023-07-17,Home & Kitchen,Storage Box,1,299,0.2,239.2,UPI,5,0
ORD002731,CUST1075,Pune,2023-03-06,Electronics,Webcam,4,2199,0.05,8356.2,Net Banking,4,0
ORD002732,CUST0844,Delhi,2023-09-22,Books,Python Programming,2,699,0.15,1188.3,Cash on Delivery,4,0
ORD002733,CUST0524,Ahmedabad,2024-07-08,Beauty,Body Lotion,1,349,0.1,314.1,Credit Card,5,0
ORD002734,CUST1371,Hyderabad,2024-07-18,Beauty,Lip Balm Pack,4,199,0.2,636.8,UPI,3,0
ORD002735,CUST0036,Delhi,2024-06-13,Electronics,Laptop Stand,3,1299,0.05,3702.15,Credit Card,5,0
ORD002736,CUST0476,Jaipur,2023-07-09,Beauty,Sunscreen SPF50,3,499,0.1,1347.3,Net Banking,5,0
ORD002737,CUST0093,Pune,2024-11-10,Groceries,Green Tea,4,299,0.1,1076.4,Debit Card,4,0
ORD002738,CUST1158,Jaipur,2024-09-25,Books,Fiction Novel,4,299,0.15,1016.6,UPI,4,0
ORD002739,CUST1075,Pune,2023-04-03,Sports,Water Jug,3,599,0.15,1527.45,Cash on Delivery,4,0
ORD002740,CUST0497,Ahmedabad,2023-05-08,Groceries,Mixed Nuts,1,599,0.0,599.0,Cash on Delivery,5,0
ORD002741,CUST1038,Jaipur,2024-12-04,Books,Data Science Guide,1,899,0.2,719.2,UPI,5,0
ORD002742,CUST0575,Bangalore,2023-04-27,Clothing,Sneakers,1,2499,0.0,2499.0,Credit Card,2,1
ORD002743,CUST1148,Bangalore,2024-03-07,Clothing,Jacket,4,2999,0.0,11996.0,Net Banking,4,0
ORD002744,CUST0689,Delhi,2024-08-16,Books,Data Science Guide,1,899,0.1,809.1,UPI,4,0
ORD002745,CUST0612,Ahmedabad,2023-01-08,Sports,Yoga Mat,4,799,0.05,3036.2,Cash on Delivery,2,0
ORD002746,CUST1408,Kolkata,2024-08-17,Groceries,Olive Oil,3,799,0.1,2157.3,Credit Card,4,0
ORD002747,CUST0390,Chennai,2023-10-08,Groceries,Protein Bar Pack,4,699,0.15,2376.6,Cash on Delivery,5,0
ORD002748,CUST0194,Mumbai,2024-02-25,Sports,Water Jug,4,599,0.05,2276.2,UPI,2,0
ORD002749,CUST0898,Kolkata,2024-03-09,Clothing,Cotton T-Shirt,3,499,0.0,1497.0,Net Banking,5,0
ORD002750,CUST1456,Pune,2023-01-30,Beauty,Lip Balm Pack,3,199,0.1,537.3,UPI,4,0
ORD002751,CUST0544,Lucknow,2024-06-02,Beauty,Hair Mask,2,399,0.0,798.0,Credit Card,5,0
ORD002752,CUST0104,Chennai,2024-01-14,Home & Kitchen,Water Bottle,2,399,0.2,638.4,Net Banking,4,0
ORD002753,CUST0505,Lucknow,2024-03-04,Home & Kitchen,Water Bottle,2,399,0.2,638.4,UPI,4,0
ORD002754,CUST0770,Hyderabad,2023-12-09,Electronics,Wireless Earbuds,4,2499,0.15,8496.6,UPI,5,0
ORD002755,CUST0250,Mumbai,2024-11-22,Clothing,Cotton T-Shirt,1,499,0.15,424.15,Debit Card,4,0
ORD002756,CUST1016,Pune,2023-07-05,Electronics,Phone Charger,2,599,0.0,1198.0,Net Banking,5,0
ORD002757,CUST1497,Kolkata,2024-02-15,Home & Kitchen,Knife Set,4,1299,0.0,5196.0,UPI,3,0
ORD002758,CUST0685,Pune,2023-04-17,Sports,Yoga Mat,4,799,0.0,3196.0,Credit Card,2,1
ORD002759,CUST0521,Lucknow,2024-06-13,Electronics,USB Hub,3,899,0.1,2427.3,Credit Card,5,0
ORD002760,CUST0578,Kolkata,2024-04-30,Electronics,Webcam,1,2199,0.0,2199.0,Net Banking,4,0
ORD002761,CUST0187,Jaipur,2023-03-23,Home & Kitchen,Knife Set,2,1299,0.0,2598.0,Cash on Delivery,3,0
ORD002762,CUST1334,Ahmedabad,2023-10-07,Groceries,Protein Bar Pack,1,699,0.2,559.2,Net Banking,4,0
ORD002763,CUST0615,Jaipur,2024-03-11,Beauty,Hair Mask,2,399,0.15,678.3,Debit Card,2,0
ORD002764,CUST0559,Ahmedabad,2024-05-05,Electronics,Phone Charger,3,599,0.0,1797.0,Net Banking,4,0
ORD002765,CUST1018,Hyderabad,2024-06-29,Groceries,Green Tea,4,299,0.2,956.8,Debit Card,2,0
ORD002766,CUST0674,Kolkata,2023-05-11,Groceries,Mixed Nuts,2,599,0.0,1198.0,Cash on Delivery,3,0
ORD002767,CUST1005,Ahmedabad,2024-01-06,Books,Data Science Guide,3,899,0.0,2697.0,UPI,5,0
ORD002768,CUST0102,Jaipur,2023-11-09,Electronics,Wireless Earbuds,4,2499,0.0,9996.0,UPI,5,0
ORD002769,CUST1221,Kolkata,2023-05-30,Books,Self Help,3,449,0.15,1144.95,Credit Card,5,0
ORD002770,CUST1420,Bangalore,2024-12-31,Electronics,Phone Charger,2,599,0.0,1198.0,UPI,5,0
ORD002771,CUST1006,Bangalore,2024-09-27,Beauty,Body Lotion,4,349,0.15,1186.6,Credit Card,5,0
ORD002772,CUST1440,Lucknow,2023-07-31,Home & Kitchen,Knife Set,4,1299,0.2,4156.8,UPI,4,0
ORD002773,CUST0242,Bangalore,2023-02-01,Books,Data Science Guide,4,899,0.0,3596.0,Cash on Delivery,3,0
ORD002774,CUST0726,Ahmedabad,2023-03-16,Sports,Water Jug,2,599,0.2,958.4,UPI,5,0
ORD002775,CUST0928,Pune,2023-03-10,Books,Python Programming,1,699,0.2,559.2,Net Banking,5,0
ORD002776,CUST0893,Ahmedabad,2024-10-12,Clothing,Cotton T-Shirt,3,499,0.0,1497.0,Net Banking,3,0
ORD002777,CUST0581,Jaipur,2024-07-12,Sports,Resistance Bands,3,499,0.15,1272.45,Debit Card,4,0
ORD002778,CUST0504,Jaipur,2023-08-24,Groceries,Green Tea,2,299,0.0,598.0,Credit Card,5,0
ORD002779,CUST0200,Mumbai,2024-02-10,Electronics,Wireless Earbuds,1,2499,0.15,2124.15,Cash on Delivery,4,0
ORD002780,CUST0569,Jaipur,2024-03-11,Groceries,Green Tea,1,299,0.2,239.2,Debit Card,4,0
ORD002781,CUST0250,Mumbai,2024-01-04,Groceries,Mixed Nuts,3,599,0.15,1527.45,Net Banking,4,0
ORD002782,CUST1118,Kolkata,2024-07-01,Electronics,Webcam,2,2199,0.2,3518.4,Credit Card,5,0
ORD002783,CUST0316,Bangalore,2024-12-22,Home & Kitchen,Coffee Mug,2,249,0.05,473.1,Credit Card,5,0
ORD002784,CUST0095,Ahmedabad,2024-09-02,Electronics,USB Hub,2,899,0.15,1528.3,Cash on Delivery,3,0
ORD002785,CUST0837,Lucknow,2024-07-05,Home & Kitchen,Coffee Mug,3,249,0.2,597.6,Cash on Delivery,5,0
ORD002786,CUST0919,Ahmedabad,2024-06-24,Sports,Gym Gloves,4,399,0.1,1436.4,Debit Card,4,0
ORD002787,CUST1316,Pune,2023-11-19,Beauty,Body Lotion,1,349,0.0,349.0,Debit Card,4,0
ORD002788,CUST0885,Ahmedabad,2024-04-05,Beauty,Lip Balm Pack,1,199,0.0,199.0,UPI,5,0
ORD002789,CUST0510,Hyderabad,2023-04-02,Home & Kitchen,Water Bottle,1,399,0.2,319.2,Cash on Delivery,5,0
ORD002790,CUST1206,Delhi,2023-10-02,Sports,Water Jug,3,599,0.0,1797.0,Debit Card,3,0
ORD002791,CUST0814,Kolkata,2024-04-05,Beauty,Body Lotion,2,349,0.1,628.2,Debit Card,3,0
ORD002792,CUST0127,Chennai,2023-04-26,Clothing,Jacket,1,2999,0.0,2999.0,Cash on Delivery,5,0
ORD002793,CUST0861,Mumbai,2023-06-10,Home & Kitchen,Air Fryer,4,3999,0.2,12796.8,Cash on Delivery,5,0
ORD002794,CUST1365,Lucknow,2024-08-14,Clothing,Denim Jeans,1,1299,0.15,1104.15,Debit Card,4,0
ORD002795,CUST0575,Bangalore,2023-04-30,Clothing,Denim Jeans,1,1299,0.0,1299.0,Credit Card,1,1
ORD002796,CUST0448,Kolkata,2024-03-20,Electronics,Wireless Earbuds,4,2499,0.05,9496.2,Credit Card,4,0
ORD002797,CUST0229,Mumbai,2024-01-31,Electronics,Webcam,4,2199,0.15,7476.6,Cash on Delivery,3,0
ORD002798,CUST0242,Bangalore,2024-01-28,Electronics,USB Hub,2,899,0.0,1798.0,UPI,5,0
ORD002799,CUST0652,Bangalore,2024-10-27,Electronics,Phone Charger,3,599,0.0,1797.0,Credit Card,4,0
ORD002800,CUST0919,Ahmedabad,2024-05-09,Sports,Gym Gloves,1,399,0.2,319.2,Cash on Delivery,4,0
ORD002801,CUST0128,Jaipur,2023-11-13,Books,Data Science Guide,2,899,0.0,1798.0,Cash on Delivery,4,0
ORD002802,CUST1416,Lucknow,2023-07-23,Groceries,Basmati Rice 5kg,1,499,0.0,499.0,Credit Card,5,0
ORD002803,CUST1147,Pune,2024-01-14,Home & Kitchen,Knife Set,2,1299,0.0,2598.0,UPI,5,0
ORD002804,CUST0905,Lucknow,2023-03-18,Groceries,Green Tea,4,299,0.05,1136.2,Credit Card,4,0
ORD002805,CUST1241,Hyderabad,2023-10-03,Home & Kitchen,Knife Set,4,1299,0.05,4936.2,Credit Card,3,0
ORD002806,CUST0128,Jaipur,2023-03-30,Books,Self Help,3,449,0.0,1347.0,Debit Card,5,0
ORD002807,CUST0726,Ahmedabad,2023-11-28,Groceries,Basmati Rice 5kg,4,499,0.1,1796.4,Cash on Delivery,3,0
ORD002808,CUST0979,Chennai,2024-09-25,Beauty,Body Lotion,3,349,0.2,837.6,Cash on Delivery,4,0
ORD002809,CUST1241,Hyderabad,2024-07-29,Sports,Yoga Mat,3,799,0.2,1917.6,Net Banking,5,0
ORD002810,CUST1181,Pune,2024-07-21,Home & Kitchen,Coffee Mug,2,249,0.0,498.0,Cash on Delivery,3,0
ORD002811,CUST0421,Chennai,2024-02-02,Books,Fiction Novel,4,299,0.0,1196.0,Credit Card,5,0
ORD002812,CUST1420,Bangalore,2024-07-22,Sports,Resistance Bands,4,499,0.1,1796.4,Cash on Delivery,4,0
ORD002813,CUST0199,Hyderabad,2024-09-21,Electronics,Laptop Stand,4,1299,0.2,4156.8,Cash on Delivery,2,1
ORD002814,CUST1323,Lucknow,2023-03-21,Home & Kitchen,Water Bottle,3,399,0.05,1137.15,Net Banking,4,0
ORD002815,CUST1457,Delhi,2023-01-23,Electronics,Webcam,2,2199,0.0,4398.0,Debit Card,5,0
ORD002816,CUST0268,Chennai,2024-10-08,Home & Kitchen,Storage Box,4,299,0.2,956.8,Cash on Delivery,4,0
ORD002817,CUST1102,Jaipur,2023-11-06,Beauty,Sunscreen SPF50,4,499,0.0,1996.0,Cash on Delivery,5,0
ORD002818,CUST0068,Pune,2023-03-16,Beauty,Face Serum,3,999,0.0,2997.0,UPI,5,0
ORD002819,CUST0592,Ahmedabad,2024-04-16,Groceries,Green Tea,3,299,0.0,897.0,UPI,4,0
ORD002820,CUST0786,Hyderabad,2023-10-31,Books,Python Programming,2,699,0.05,1328.1,Debit Card,4,0
ORD002821,CUST0892,Jaipur,2024-11-20,Beauty,Face Serum,1,999,0.1,899.1,Cash on Delivery,5,0
ORD002822,CUST1410,Ahmedabad,2024-12-30,Clothing,Formal Shirt,1,899,0.1,809.1,Debit Card,4,0
ORD002823,CUST1029,Ahmedabad,2023-05-25,Home & Kitchen,Storage Box,2,299,0.0,598.0,Net Banking,5,0
ORD002824,CUST0734,Jaipur,2023-02-24,Groceries,Green Tea,1,299,0.05,284.05,UPI,5,0
ORD002825,CUST1215,Lucknow,2023-04-18,Books,Business Strategy,3,599,0.0,1797.0,UPI,5,0
ORD002826,CUST1430,Ahmedabad,2023-02-16,Books,Business Strategy,3,599,0.05,1707.15,Cash on Delivery,4,0
ORD002827,CUST0039,Delhi,2024-01-11,Clothing,Cotton T-Shirt,2,499,0.0,998.0,Credit Card,4,0
ORD002828,CUST1470,Kolkata,2023-02-20,Books,Fiction Novel,1,299,0.15,254.15,UPI,2,1
ORD002829,CUST0140,Chennai,2023-06-25,Home & Kitchen,Storage Box,1,299,0.05,284.05,Debit Card,4,0
ORD002830,CUST1224,Pune,2023-06-16,Groceries,Protein Bar Pack,2,699,0.1,1258.2,Cash on Delivery,5,0
ORD002831,CUST0426,Kolkata,2023-04-02,Groceries,Mixed Nuts,1,599,0.0,599.0,Cash on Delivery,4,0
ORD002832,CUST0212,Hyderabad,2024-04-08,Clothing,Denim Jeans,3,1299,0.15,3312.45,Debit Card,4,0
ORD002833,CUST0670,Mumbai,2024-01-18,Home & Kitchen,Air Fryer,4,3999,0.1,14396.4,UPI,1,1
ORD002834,CUST1002,Chennai,2024-08-11,Sports,Yoga Mat,1,799,0.0,799.0,Credit Card,4,0
ORD002835,CUST0550,Jaipur,2023-04-22,Sports,Resistance Bands,4,499,0.2,1596.8,Credit Card,5,0
ORD002836,CUST0089,Chennai,2023-02-14,Groceries,Olive Oil,4,799,0.0,3196.0,Debit Card,5,0
ORD002837,CUST0923,Kolkata,2024-08-06,Beauty,Lip Balm Pack,1,199,0.2,159.2,Credit Card,3,0
ORD002838,CUST1357,Jaipur,2024-03-16,Electronics,Laptop Stand,1,1299,0.2,1039.2,Credit Card,4,0
ORD002839,CUST0552,Bangalore,2024-10-31,Electronics,Laptop Stand,3,1299,0.15,3312.45,Cash on Delivery,3,0
ORD002840,CUST0330,Chennai,2023-10-28,Sports,Running Shoes,3,3499,0.15,8922.45,Debit Card,4,0
ORD002841,CUST0676,Delhi,2024-08-30,Beauty,Body Lotion,4,349,0.05,1326.2,Debit Card,4,0
ORD002842,CUST0077,Bangalore,2024-09-01,Beauty,Lip Balm Pack,3,199,0.0,597.0,Net Banking,4,0
ORD002843,CUST1231,Pune,2023-04-01,Beauty,Face Serum,4,999,0.2,3196.8,Cash on Delivery,5,0
ORD002844,CUST1239,Ahmedabad,2023-11-15,Clothing,Sneakers,2,2499,0.2,3998.4,Credit Card,5,0
ORD002845,CUST0906,Lucknow,2023-12-07,Clothing,Cotton T-Shirt,1,499,0.0,499.0,Cash on Delivery,2,1
ORD002846,CUST0519,Ahmedabad,2024-12-02,Books,Fiction Novel,4,299,0.0,1196.0,Net Banking,3,0
ORD002847,CUST1199,Delhi,2023-09-20,Groceries,Olive Oil,3,799,0.05,2277.15,Debit Card,4,0
ORD002848,CUST0840,Lucknow,2023-03-03,Groceries,Olive Oil,4,799,0.1,2876.4,UPI,4,0
ORD002849,CUST1239,Ahmedabad,2024-03-15,Sports,Water Jug,1,599,0.15,509.15,Cash on Delivery,4,0
ORD002850,CUST0982,Kolkata,2024-07-08,Sports,Resistance Bands,3,499,0.0,1497.0,Cash on Delivery,4,0
ORD002851,CUST1181,Pune,2023-08-22,Groceries,Olive Oil,3,799,0.2,1917.6,UPI,4,0
ORD002852,CUST0923,Kolkata,2023-12-09,Home & Kitchen,Water Bottle,1,399,0.0,399.0,UPI,2,0
ORD002853,CUST0615,Jaipur,2024-04-04,Books,Python Programming,4,699,0.0,2796.0,UPI,5,0
ORD002854,CUST1443,Chennai,2023-07-30,Electronics,USB Hub,4,899,0.0,3596.0,Credit Card,4,0
ORD002855,CUST0814,Kolkata,2023-11-29,Sports,Yoga Mat,3,799,0.2,1917.6,Net Banking,3,0
ORD002856,CUST0933,Jaipur,2024-09-06,Books,Business Strategy,1,599,0.15,509.15,Debit Card,3,0
ORD002857,CUST0339,Jaipur,2024-06-03,Electronics,Wireless Earbuds,1,2499,0.05,2374.05,Credit Card,5,0
ORD002858,CUST0971,Kolkata,2023-10-30,Sports,Yoga Mat,2,799,0.0,1598.0,Net Banking,5,0
ORD002859,CUST0870,Hyderabad,2024-12-20,Books,Self Help,1,449,0.15,381.65,Credit Card,3,0
ORD002860,CUST0277,Lucknow,2023-11-19,Home & Kitchen,Coffee Mug,3,249,0.0,747.0,UPI,5,0
ORD002861,CUST0095,Ahmedabad,2023-03-26,Books,Python Programming,2,699,0.0,1398.0,Debit Card,5,0
ORD002862,CUST0932,Kolkata,2023-03-02,Home & Kitchen,Storage Box,3,299,0.2,717.6,Credit Card,1,0
ORD002863,CUST1154,Hyderabad,2023-08-08,Electronics,USB Hub,1,899,0.0,899.0,Debit Card,5,0
ORD002864,CUST0797,Chennai,2024-10-10,Groceries,Green Tea,3,299,0.05,852.15,UPI,5,0
ORD002865,CUST0353,Chennai,2024-05-19,Electronics,Laptop Stand,3,1299,0.0,3897.0,Net Banking,3,0
ORD002866,CUST1024,Pune,2024-09-01,Books,Data Science Guide,2,899,0.05,1708.1,UPI,4,0
ORD002867,CUST0128,Jaipur,2023-01-29,Books,Fiction Novel,3,299,0.15,762.45,Credit Card,5,0
ORD002868,CUST0674,Kolkata,2024-11-24,Electronics,Wireless Earbuds,4,2499,0.0,9996.0,UPI,5,0
ORD002869,CUST0252,Mumbai,2024-08-15,Beauty,Face Serum,2,999,0.15,1698.3,UPI,3,0
ORD002870,CUST0276,Mumbai,2024-03-14,Groceries,Olive Oil,1,799,0.0,799.0,UPI,2,0
ORD002871,CUST0307,Lucknow,2024-09-20,Electronics,Wireless Earbuds,3,2499,0.15,6372.45,Debit Card,5,0
ORD002872,CUST0559,Ahmedabad,2024-01-03,Books,Business Strategy,2,599,0.1,1078.2,Debit Card,4,0
ORD002873,CUST0082,Hyderabad,2023-02-16,Groceries,Green Tea,3,299,0.0,897.0,Credit Card,4,0
ORD002874,CUST0576,Hyderabad,2024-08-06,Electronics,Wireless Earbuds,4,2499,0.05,9496.2,Credit Card,5,0
ORD002875,CUST0779,Lucknow,2024-03-14,Books,Python Programming,4,699,0.1,2516.4,Cash on Delivery,5,0
ORD002876,CUST0736,Jaipur,2024-03-25,Electronics,Wireless Earbuds,4,2499,0.15,8496.6,Credit Card,4,0
ORD002877,CUST0552,Bangalore,2023-10-01,Beauty,Sunscreen SPF50,4,499,0.1,1796.4,Debit Card,5,0
ORD002878,CUST1255,Hyderabad,2023-10-23,Books,Data Science Guide,2,899,0.1,1618.2,UPI,4,0
ORD002879,CUST0231,Mumbai,2024-02-07,Beauty,Sunscreen SPF50,1,499,0.0,499.0,Net Banking,4,0
ORD002880,CUST0768,Hyderabad,2023-01-09,Beauty,Sunscreen SPF50,3,499,0.0,1497.0,UPI,4,0
ORD002881,CUST0104,Chennai,2023-08-06,Beauty,Face Serum,1,999,0.05,949.05,UPI,5,0
ORD002882,CUST0116,Delhi,2023-10-20,Groceries,Olive Oil,4,799,0.0,3196.0,Cash on Delivery,3,0
ORD002883,CUST0877,Bangalore,2023-07-11,Groceries,Olive Oil,1,799,0.15,679.15,Cash on Delivery,5,0
ORD002884,CUST0861,Mumbai,2023-08-15,Books,Data Science Guide,2,899,0.2,1438.4,Credit Card,4,0
ORD002885,CUST1326,Delhi,2023-02-10,Electronics,Wireless Earbuds,1,2499,0.1,2249.1,Net Banking,5,0
ORD002886,CUST0844,Delhi,2023-01-06,Beauty,Face Serum,3,999,0.0,2997.0,Cash on Delivery,5,0
ORD002887,CUST1445,Hyderabad,2023-01-15,Sports,Water Jug,3,599,0.0,1797.0,Credit Card,3,0
ORD002888,CUST0077,Bangalore,2023-08-14,Electronics,Laptop Stand,4,1299,0.05,4936.2,Cash on Delivery,5,0
ORD002889,CUST0158,Mumbai,2023-12-09,Electronics,USB Hub,3,899,0.05,2562.15,Cash on Delivery,5,0
ORD002890,CUST0071,Chennai,2024-08-02,Sports,Gym Gloves,4,399,0.0,1596.0,Credit Card,5,0
ORD002891,CUST0277,Lucknow,2023-06-21,Clothing,Jacket,4,2999,0.0,11996.0,Debit Card,4,0
ORD002892,CUST0814,Kolkata,2023-07-03,Beauty,Sunscreen SPF50,4,499,0.15,1696.6,Debit Card,5,0
ORD002893,CUST1003,Lucknow,2023-07-11,Home & Kitchen,Storage Box,3,299,0.1,807.3,Net Banking,2,0
ORD002894,CUST0074,Bangalore,2024-03-31,Electronics,Webcam,2,2199,0.0,4398.0,UPI,3,0
ORD002895,CUST1426,Ahmedabad,2024-07-17,Beauty,Sunscreen SPF50,2,499,0.15,848.3,Debit Card,1,1
ORD002896,CUST1262,Bangalore,2023-12-28,Electronics,Webcam,2,2199,0.0,4398.0,Cash on Delivery,5,0
ORD002897,CUST0448,Kolkata,2023-01-05,Beauty,Face Serum,4,999,0.15,3396.6,Cash on Delivery,5,0
ORD002898,CUST0122,Kolkata,2023-04-25,Electronics,Laptop Stand,1,1299,0.2,1039.2,Debit Card,4,0
ORD002899,CUST0261,Mumbai,2024-07-17,Sports,Running Shoes,3,3499,0.1,9447.3,Cash on Delivery,3,0
ORD002900,CUST0200,Mumbai,2024-04-26,Groceries,Green Tea,4,299,0.15,1016.6,Credit Card,3,0
ORD002901,CUST0198,Lucknow,2023-02-21,Home & Kitchen,Coffee Mug,1,249,0.15,211.65,UPI,5,0
ORD002902,CUST0790,Mumbai,2024-07-14,Clothing,Sneakers,2,2499,0.0,4998.0,Cash on Delivery,5,0
ORD002903,CUST0384,Lucknow,2024-06-05,Clothing,Jacket,4,2999,0.0,11996.0,UPI,4,0
ORD002904,CUST0524,Ahmedabad,2023-05-22,Beauty,Face Serum,1,999,0.1,899.1,Net Banking,3,0
ORD002905,CUST1478,Kolkata,2024-07-18,Clothing,Cotton T-Shirt,1,499,0.0,499.0,UPI,4,0
ORD002906,CUST1051,Pune,2024-11-09,Sports,Resistance Bands,2,499,0.0,998.0,Credit Card,5,0
ORD002907,CUST1429,Lucknow,2024-05-13,Groceries,Basmati Rice 5kg,3,499,0.0,1497.0,Debit Card,5,0
ORD002908,CUST0229,Mumbai,2024-03-07,Books,Data Science Guide,1,899,0.0,899.0,UPI,5,0
ORD002909,CUST0552,Bangalore,2023-01-11,Sports,Gym Gloves,2,399,0.15,678.3,Credit Card,5,0
ORD002910,CUST0840,Lucknow,2023-10-11,Clothing,Cotton T-Shirt,2,499,0.0,998.0,Debit Card,5,0
ORD002911,CUST0122,Kolkata,2024-03-25,Clothing,Denim Jeans,2,1299,0.15,2208.3,Debit Card,4,0
ORD002912,CUST0008,Jaipur,2023-07-18,Books,Python Programming,2,699,0.0,1398.0,Debit Card,2,0
ORD002913,CUST1027,Kolkata,2023-02-18,Sports,Yoga Mat,4,799,0.0,3196.0,Net Banking,4,0
ORD002914,CUST0999,Chennai,2024-09-01,Clothing,Cotton T-Shirt,1,499,0.0,499.0,Net Banking,4,0
ORD002915,CUST0610,Kolkata,2024-08-21,Home & Kitchen,Knife Set,3,1299,0.05,3702.15,Cash on Delivery,3,0
ORD002916,CUST0747,Mumbai,2023-01-24,Clothing,Denim Jeans,1,1299,0.15,1104.15,Cash on Delivery,5,0
ORD002917,CUST0616,Mumbai,2023-11-02,Electronics,Laptop Stand,1,1299,0.05,1234.05,Cash on Delivery,4,0
ORD002918,CUST0044,Mumbai,2023-01-30,Electronics,Phone Charger,2,599,0.0,1198.0,Cash on Delivery,4,0
ORD002919,CUST0500,Ahmedabad,2024-02-01,Beauty,Hair Mask,1,399,0.1,359.1,Debit Card,4,0
ORD002920,CUST0268,Chennai,2024-03-05,Sports,Yoga Mat,2,799,0.0,1598.0,Cash on Delivery,4,0
ORD002921,CUST0158,Mumbai,2024-01-13,Electronics,USB Hub,4,899,0.1,3236.4,Net Banking,5,0
ORD002922,CUST1441,Ahmedabad,2023-02-11,Beauty,Lip Balm Pack,4,199,0.2,636.8,Net Banking,4,0
ORD002923,CUST0923,Kolkata,2024-01-06,Clothing,Cotton T-Shirt,4,499,0.0,1996.0,UPI,2,0
ORD002924,CUST1105,Ahmedabad,2024-02-05,Groceries,Basmati Rice 5kg,4,499,0.05,1896.2,UPI,5,0
ORD002925,CUST0476,Jaipur,2024-03-02,Sports,Resistance Bands,2,499,0.1,898.2,UPI,4,0
ORD002926,CUST0572,Bangalore,2024-04-09,Books,Fiction Novel,4,299,0.0,1196.0,Debit Card,3,0
ORD002927,CUST0367,Mumbai,2023-05-01,Home & Kitchen,Water Bottle,4,399,0.2,1276.8,Debit Card,3,0
ORD002928,CUST0157,Ahmedabad,2023-05-21,Groceries,Olive Oil,4,799,0.15,2716.6,UPI,5,0
ORD002929,CUST0272,Bangalore,2024-11-20,Books,Fiction Novel,3,299,0.0,897.0,Cash on Delivery,3,0
ORD002930,CUST1197,Chennai,2024-05-19,Beauty,Body Lotion,1,349,0.1,314.1,Cash on Delivery,5,0
ORD002931,CUST1042,Kolkata,2024-09-29,Books,Fiction Novel,1,299,0.15,254.15,Debit Card,5,0
ORD002932,CUST0825,Delhi,2024-12-29,Books,Data Science Guide,3,899,0.2,2157.6,Cash on Delivery,3,0
ORD002933,CUST0724,Pune,2023-07-25,Sports,Water Jug,3,599,0.0,1797.0,Debit Card,4,0
ORD002934,CUST1387,Jaipur,2024-01-10,Clothing,Formal Shirt,4,899,0.0,3596.0,UPI,5,0
ORD002935,CUST0119,Kolkata,2023-09-24,Sports,Resistance Bands,2,499,0.0,998.0,Credit Card,5,0
ORD002936,CUST0427,Pune,2024-12-24,Beauty,Sunscreen SPF50,1,499,0.0,499.0,Cash on Delivery,5,0
ORD002937,CUST0514,Mumbai,2023-10-01,Home & Kitchen,Knife Set,1,1299,0.0,1299.0,Net Banking,4,0
ORD002938,CUST1179,Delhi,2023-12-05,Beauty,Lip Balm Pack,3,199,0.05,567.15,Net Banking,5,0
ORD002939,CUST1481,Kolkata,2024-01-05,Sports,Running Shoes,3,3499,0.0,10497.0,Net Banking,5,0
ORD002940,CUST0377,Mumbai,2023-10-05,Groceries,Green Tea,4,299,0.2,956.8,Cash on Delivery,4,0
ORD002941,CUST1323,Lucknow,2023-03-07,Beauty,Body Lotion,4,349,0.2,1116.8,UPI,4,0
ORD002942,CUST1243,Mumbai,2023-10-20,Clothing,Cotton T-Shirt,2,499,0.0,998.0,Cash on Delivery,4,0
ORD002943,CUST0352,Bangalore,2024-09-25,Books,Python Programming,3,699,0.2,1677.6,UPI,5,0
ORD002944,CUST0578,Kolkata,2024-02-13,Sports,Yoga Mat,3,799,0.0,2397.0,UPI,4,0
ORD002945,CUST0608,Kolkata,2023-11-06,Beauty,Hair Mask,4,399,0.05,1516.2,Debit Card,5,0
ORD002946,CUST1467,Jaipur,2023-10-10,Electronics,Phone Charger,1,599,0.05,569.05,UPI,3,0
ORD002947,CUST0273,Hyderabad,2023-07-05,Beauty,Body Lotion,1,349,0.0,349.0,UPI,4,0
ORD002948,CUST1198,Kolkata,2023-06-11,Electronics,USB Hub,2,899,0.0,1798.0,Credit Card,5,0
ORD002949,CUST0500,Ahmedabad,2023-02-27,Groceries,Mixed Nuts,3,599,0.0,1797.0,Net Banking,4,0
ORD002950,CUST1109,Kolkata,2024-11-28,Clothing,Sneakers,2,2499,0.0,4998.0,Credit Card,5,0
ORD002951,CUST0625,Bangalore,2023-12-31,Sports,Yoga Mat,4,799,0.1,2876.4,Debit Card,5,0
ORD002952,CUST0887,Ahmedabad,2024-07-16,Electronics,Wireless Earbuds,3,2499,0.15,6372.45,Cash on Delivery,4,0
ORD002953,CUST1244,Mumbai,2024-01-07,Groceries,Mixed Nuts,2,599,0.0,1198.0,UPI,5,0
ORD002954,CUST1207,Hyderabad,2024-04-16,Books,Data Science Guide,4,899,0.1,3236.4,Net Banking,4,0
ORD002955,CUST1310,Delhi,2024-10-20,Electronics,Wireless Earbuds,4,2499,0.0,9996.0,Credit Card,5,0
ORD002956,CUST0095,Ahmedabad,2023-12-16,Books,Fiction Novel,4,299,0.2,956.8,Debit Card,5,0
ORD002957,CUST1057,Mumbai,2023-05-16,Clothing,Sneakers,4,2499,0.05,9496.2,Net Banking,4,0
ORD002958,CUST0227,Kolkata,2023-07-19,Books,Business Strategy,4,599,0.0,2396.0,Credit Card,4,0
ORD002959,CUST0616,Mumbai,2024-10-06,Groceries,Basmati Rice 5kg,1,499,0.2,399.2,Debit Card,5,0
ORD002960,CUST0826,Jaipur,2024-01-12,Beauty,Lip Balm Pack,1,199,0.0,199.0,Cash on Delivery,4,0
ORD002961,CUST0582,Ahmedabad,2023-06-05,Books,Python Programming,1,699,0.0,699.0,Debit Card,4,0
ORD002962,CUST0790,Mumbai,2023-07-10,Books,Data Science Guide,1,899,0.0,899.0,Debit Card,4,0
ORD002963,CUST1496,Lucknow,2023-11-05,Electronics,Laptop Stand,1,1299,0.1,1169.1,Cash on Delivery,4,0
ORD002964,CUST0218,Hyderabad,2024-02-12,Books,Python Programming,2,699,0.2,1118.4,Credit Card,4,0
ORD002965,CUST1037,Delhi,2023-05-05,Home & Kitchen,Water Bottle,1,399,0.0,399.0,Cash on Delivery,3,0
ORD002966,CUST0575,Bangalore,2024-02-05,Groceries,Mixed Nuts,2,599,0.1,1078.2,Credit Card,3,0
ORD002967,CUST0213,Jaipur,2023-09-10,Sports,Resistance Bands,4,499,0.2,1596.8,UPI,4,0
ORD002968,CUST0248,Jaipur,2023-06-01,Sports,Running Shoes,2,3499,0.0,6998.0,Net Banking,3,0
ORD002969,CUST1429,Lucknow,2024-09-09,Clothing,Jacket,2,2999,0.1,5398.2,Credit Card,5,0
ORD002970,CUST1329,Kolkata,2024-12-11,Groceries,Mixed Nuts,4,599,0.15,2036.6,Debit Card,5,0
ORD002971,CUST1364,Chennai,2023-08-21,Beauty,Hair Mask,2,399,0.0,798.0,Credit Card,4,0
ORD002972,CUST1481,Kolkata,2024-02-11,Sports,Running Shoes,1,3499,0.05,3324.05,Credit Card,3,0
ORD002973,CUST0316,Bangalore,2023-07-11,Sports,Water Jug,1,599,0.1,539.1,Net Banking,4,0
ORD002974,CUST0523,Kolkata,2023-07-24,Beauty,Face Serum,2,999,0.2,1598.4,Credit Card,4,0
ORD002975,CUST1027,Kolkata,2024-02-10,Electronics,Laptop Stand,1,1299,0.0,1299.0,Cash on Delivery,3,0
ORD002976,CUST0738,Delhi,2023-04-02,Clothing,Jacket,2,2999,0.15,5098.3,Net Banking,5,0
ORD002977,CUST0620,Mumbai,2023-09-22,Books,Self Help,3,449,0.1,1212.3,Net Banking,5,0
ORD002978,CUST0524,Ahmedabad,2023-09-26,Clothing,Formal Shirt,4,899,0.2,2876.8,Debit Card,3,0
ORD002979,CUST0918,Kolkata,2024-12-30,Clothing,Denim Jeans,2,1299,0.0,2598.0,Credit Card,4,0
ORD002980,CUST0878,Delhi,2023-06-07,Beauty,Body Lotion,3,349,0.0,1047.0,Cash on Delivery,4,0
ORD002981,CUST0249,Delhi,2023-12-29,Clothing,Denim Jeans,2,1299,0.15,2208.3,Net Banking,4,0
ORD002982,CUST0720,Kolkata,2024-01-16,Clothing,Jacket,3,2999,0.0,8997.0,Net Banking,5,0
ORD002983,CUST0837,Lucknow,2024-10-25,Clothing,Sneakers,2,2499,0.0,4998.0,Credit Card,3,0
ORD002984,CUST0869,Lucknow,2023-04-18,Groceries,Protein Bar Pack,4,699,0.0,2796.0,Credit Card,5,0
ORD002985,CUST0322,Ahmedabad,2024-07-26,Home & Kitchen,Storage Box,2,299,0.2,478.4,Credit Card,5,0
ORD002986,CUST1124,Mumbai,2023-01-14,Books,Fiction Novel,3,299,0.0,897.0,Credit Card,5,0
ORD002987,CUST0044,Mumbai,2024-11-07,Clothing,Sneakers,2,2499,0.05,4748.1,Net Banking,2,0
ORD002988,CUST0521,Lucknow,2024-01-10,Clothing,Jacket,4,2999,0.15,10196.6,UPI,4,0
ORD002989,CUST1176,Mumbai,2024-01-06,Books,Business Strategy,4,599,0.0,2396.0,Cash on Delivery,4,0
ORD002990,CUST0854,Bangalore,2023-03-30,Electronics,Phone Charger,1,599,0.0,599.0,UPI,4,0
ORD002991,CUST0400,Lucknow,2024-03-14,Electronics,Wireless Earbuds,3,2499,0.0,7497.0,Cash on Delivery,4,0
ORD002992,CUST1061,Chennai,2023-08-05,Books,Python Programming,4,699,0.1,2516.4,Net Banking,4,0
ORD002993,CUST0863,Chennai,2023-07-09,Sports,Water Jug,3,599,0.2,1437.6,Debit Card,2,0
ORD002994,CUST1197,Chennai,2023-06-12,Electronics,USB Hub,2,899,0.05,1708.1,Credit Card,5,0
ORD002995,CUST1118,Kolkata,2024-11-08,Sports,Water Jug,1,599,0.0,599.0,UPI,3,0
ORD002996,CUST0942,Jaipur,2024-03-16,Electronics,Phone Charger,2,599,0.2,958.4,Cash on Delivery,5,0
ORD002997,CUST0746,Ahmedabad,2023-02-07,Home & Kitchen,Knife Set,4,1299,0.05,4936.2,Cash on Delivery,4,0
ORD002998,CUST0213,Jaipur,2024-03-12,Home & Kitchen,Water Bottle,1,399,0.0,399.0,Net Banking,4,0
ORD002999,CUST0400,Lucknow,2024-03-24,Clothing,Cotton T-Shirt,2,499,0.0,998.0,Credit Card,5,0
ORD003000,CUST0620,Mumbai,2024-07-11,Home & Kitchen,Storage Box,4,299,0.15,1016.6,Debit Card,4,0
ORD003001,CUST0923,Kolkata,2023-04-29,Beauty,Sunscreen SPF50,3,499,0.0,1497.0,Net Banking,5,0
ORD003002,CUST0781,Lucknow,2024-06-08,Groceries,Mixed Nuts,2,599,0.0,1198.0,Cash on Delivery,5,0
ORD003003,CUST0442,Mumbai,2023-05-08,Books,Business Strategy,2,599,0.0,1198.0,Debit Card,3,0
ORD003004,CUST0010,Lucknow,2023-01-25,Electronics,Webcam,1,2199,0.0,2199.0,Net Banking,5,0
ORD003005,CUST0756,Ahmedabad,2024-07-30,Beauty,Lip Balm Pack,3,199,0.0,597.0,UPI,5,0
ORD003006,CUST0438,Chennai,2023-05-24,Home & Kitchen,Air Fryer,1,3999,0.0,3999.0,Cash on Delivery,4,0
ORD003007,CUST1118,Kolkata,2024-07-11,Home & Kitchen,Knife Set,3,1299,0.0,3897.0,Net Banking,5,0
ORD003008,CUST0044,Mumbai,2024-04-03,Home & Kitchen,Knife Set,3,1299,0.1,3507.3,UPI,4,0
ORD003009,CUST0898,Kolkata,2023-12-22,Electronics,Laptop Stand,2,1299,0.05,2468.1,Credit Card,4,0
ORD003010,CUST1420,Bangalore,2024-02-21,Groceries,Mixed Nuts,1,599,0.0,599.0,UPI,4,0
ORD003011,CUST0266,Chennai,2023-02-08,Books,Data Science Guide,4,899,0.0,3596.0,Net Banking,4,0
ORD003012,CUST0720,Kolkata,2023-07-10,Groceries,Green Tea,4,299,0.1,1076.4,Net Banking,5,0
ORD003013,CUST0147,Lucknow,2024-08-05,Electronics,Wireless Earbuds,3,2499,0.0,7497.0,Debit Card,5,0
ORD003014,CUST0971,Kolkata,2024-01-15,Groceries,Olive Oil,1,799,0.15,679.15,Credit Card,4,0
ORD003015,CUST0829,Lucknow,2023-06-15,Clothing,Formal Shirt,3,899,0.0,2697.0,Net Banking,4,0
ORD003016,CUST0595,Chennai,2023-08-29,Home & Kitchen,Water Bottle,4,399,0.0,1596.0,UPI,5,0
ORD003017,CUST0794,Mumbai,2024-02-07,Sports,Running Shoes,3,3499,0.1,9447.3,UPI,4,0
ORD003018,CUST1351,Pune,2023-12-05,Home & Kitchen,Knife Set,2,1299,0.0,2598.0,UPI,5,0
ORD003019,CUST0297,Delhi,2023-09-21,Books,Data Science Guide,3,899,0.15,2292.45,UPI,5,0
ORD003020,CUST0039,Delhi,2024-09-09,Sports,Yoga Mat,4,799,0.1,2876.4,Cash on Delivery,4,0
ORD003021,CUST1305,Delhi,2024-04-06,Clothing,Formal Shirt,3,899,0.1,2427.3,Cash on Delivery,4,0
ORD003022,CUST0885,Ahmedabad,2024-06-22,Groceries,Protein Bar Pack,3,699,0.0,2097.0,Cash on Delivery,5,0
ORD003023,CUST1344,Ahmedabad,2024-08-30,Clothing,Denim Jeans,2,1299,0.0,2598.0,Net Banking,4,0
ORD003024,CUST0921,Ahmedabad,2023-08-12,Clothing,Jacket,4,2999,0.15,10196.6,Cash on Delivery,5,0
ORD003025,CUST1216,Bangalore,2023-09-13,Books,Fiction Novel,3,299,0.0,897.0,Credit Card,3,0
ORD003026,CUST0647,Mumbai,2023-03-04,Beauty,Body Lotion,4,349,0.0,1396.0,Credit Card,5,0
ORD003027,CUST1140,Bangalore,2023-12-01,Beauty,Lip Balm Pack,1,199,0.05,189.05,Cash on Delivery,4,0
ORD003028,CUST1371,Hyderabad,2024-12-27,Groceries,Olive Oil,3,799,0.15,2037.45,UPI,5,0
ORD003029,CUST0870,Hyderabad,2023-05-09,Groceries,Protein Bar Pack,2,699,0.2,1118.4,UPI,2,1
ORD003030,CUST0273,Hyderabad,2023-11-08,Groceries,Green Tea,4,299,0.2,956.8,Credit Card,4,0
ORD003031,CUST0409,Kolkata,2023-02-25,Clothing,Jacket,2,2999,0.1,5398.2,Debit Card,5,0
ORD003032,CUST0304,Delhi,2023-04-28,Books,Business Strategy,1,599,0.0,599.0,Net Banking,4,0
ORD003033,CUST0385,Jaipur,2024-12-24,Groceries,Protein Bar Pack,3,699,0.1,1887.3,Debit Card,4,0
ORD003034,CUST0465,Pune,2024-11-24,Groceries,Green Tea,3,299,0.15,762.45,Credit Card,5,0
ORD003035,CUST0840,Lucknow,2024-09-16,Sports,Water Jug,1,599,0.1,539.1,Credit Card,4,0
ORD003036,CUST0906,Lucknow,2023-09-23,Groceries,Mixed Nuts,3,599,0.0,1797.0,Net Banking,5,0
ORD003037,CUST0637,Chennai,2023-08-17,Home & Kitchen,Water Bottle,1,399,0.0,399.0,Cash on Delivery,5,0
ORD003038,CUST0949,Jaipur,2023-07-07,Groceries,Basmati Rice 5kg,2,499,0.0,998.0,Net Banking,3,0
ORD003039,CUST0130,Delhi,2023-09-12,Clothing,Denim Jeans,1,1299,0.2,1039.2,Net Banking,3,0
ORD003040,CUST0140,Chennai,2023-08-01,Groceries,Olive Oil,3,799,0.05,2277.15,Credit Card,5,0
ORD003041,CUST0262,Bangalore,2024-08-16,Groceries,Olive Oil,4,799,0.15,2716.6,Net Banking,4,0
ORD003042,CUST0790,Mumbai,2024-07-19,Beauty,Body Lotion,1,349,0.0,349.0,UPI,5,0
ORD003043,CUST0326,Delhi,2024-08-19,Books,Data Science Guide,3,899,0.05,2562.15,Debit Card,5,0
ORD003044,CUST0432,Jaipur,2023-10-20,Beauty,Face Serum,4,999,0.05,3796.2,Credit Card,2,1
ORD003045,CUST0578,Kolkata,2023-06-08,Groceries,Olive Oil,3,799,0.0,2397.0,UPI,4,0
ORD003046,CUST1219,Ahmedabad,2024-07-26,Electronics,Phone Charger,2,599,0.2,958.4,UPI,5,0
ORD003047,CUST0026,Lucknow,2024-04-04,Home & Kitchen,Knife Set,3,1299,0.0,3897.0,Debit Card,5,0
ORD003048,CUST1007,Ahmedabad,2023-06-06,Clothing,Denim Jeans,2,1299,0.1,2338.2,Debit Card,5,0
ORD003049,CUST1026,Kolkata,2023-12-05,Electronics,Phone Charger,1,599,0.0,599.0,Credit Card,4,0
ORD003050,CUST1198,Kolkata,2023-01-23,Clothing,Denim Jeans,1,1299,0.0,1299.0,UPI,4,0
ORD003051,CUST1407,Hyderabad,2024-12-09,Home & Kitchen,Knife Set,4,1299,0.0,5196.0,Net Banking,3,0
ORD003052,CUST0035,Pune,2023-01-11,Beauty,Lip Balm Pack,3,199,0.2,477.6,Net Banking,4,0
ORD003053,CUST0243,Chennai,2023-11-19,Clothing,Sneakers,3,2499,0.2,5997.6,Credit Card,4,0
ORD003054,CUST1335,Kolkata,2023-02-27,Clothing,Formal Shirt,3,899,0.0,2697.0,Debit Card,2,0
ORD003055,CUST0703,Chennai,2024-05-14,Books,Fiction Novel,3,299,0.2,717.6,Credit Card,3,0
ORD003056,CUST0854,Bangalore,2023-05-11,Clothing,Formal Shirt,2,899,0.0,1798.0,Net Banking,4,0
ORD003057,CUST1023,Mumbai,2024-04-10,Electronics,Webcam,1,2199,0.0,2199.0,Debit Card,5,0
ORD003058,CUST1044,Delhi,2024-01-18,Books,Data Science Guide,3,899,0.0,2697.0,Net Banking,2,0
ORD003059,CUST1406,Jaipur,2023-04-15,Beauty,Hair Mask,4,399,0.15,1356.6,Net Banking,5,0
ORD003060,CUST1496,Lucknow,2023-09-24,Books,Self Help,3,449,0.2,1077.6,Cash on Delivery,4,0
ORD003061,CUST1099,Mumbai,2023-02-21,Beauty,Body Lotion,2,349,0.0,698.0,Cash on Delivery,4,0
ORD003062,CUST0439,Bangalore,2024-11-24,Clothing,Jacket,4,2999,0.0,11996.0,Debit Card,4,0
ORD003063,CUST1329,Kolkata,2023-06-09,Groceries,Green Tea,1,299,0.0,299.0,Credit Card,4,0
ORD003064,CUST0079,Kolkata,2024-02-08,Beauty,Body Lotion,3,349,0.05,994.65,UPI,5,0
ORD003065,CUST0361,Ahmedabad,2024-05-12,Books,Business Strategy,2,599,0.0,1198.0,Debit Card,4,0
ORD003066,CUST1352,Bangalore,2023-07-10,Home & Kitchen,Coffee Mug,1,249,0.2,199.2,Credit Card,3,0
ORD003067,CUST0396,Delhi,2024-04-13,Electronics,Wireless Earbuds,1,2499,0.1,2249.1,Credit Card,5,0
ORD003068,CUST0341,Lucknow,2024-09-20,Clothing,Formal Shirt,4,899,0.2,2876.8,Credit Card,2,0
ORD003069,CUST0221,Hyderabad,2024-12-11,Home & Kitchen,Air Fryer,4,3999,0.0,15996.0,Debit Card,2,0
ORD003070,CUST1302,Delhi,2024-08-24,Sports,Resistance Bands,3,499,0.0,1497.0,Cash on Delivery,5,0
ORD003071,CUST0760,Kolkata,2023-11-22,Groceries,Mixed Nuts,2,599,0.1,1078.2,Credit Card,5,0
ORD003072,CUST1036,Ahmedabad,2023-05-26,Home & Kitchen,Air Fryer,2,3999,0.0,7998.0,Net Banking,5,0
ORD003073,CUST0374,Jaipur,2024-07-24,Books,Business Strategy,2,599,0.0,1198.0,Debit Card,4,0
ORD003074,CUST1149,Delhi,2023-05-28,Electronics,USB Hub,3,899,0.0,2697.0,Debit Card,3,0
ORD003075,CUST1150,Chennai,2024-10-23,Home & Kitchen,Storage Box,3,299,0.1,807.3,Debit Card,4,0
ORD003076,CUST0472,Kolkata,2023-10-24,Clothing,Cotton T-Shirt,2,499,0.0,998.0,Net Banking,4,0
ORD003077,CUST0610,Kolkata,2024-06-15,Beauty,Face Serum,3,999,0.1,2697.3,Cash on Delivery,4,0
ORD003078,CUST0321,Mumbai,2024-04-20,Sports,Running Shoes,1,3499,0.0,3499.0,UPI,1,1
ORD003079,CUST1465,Hyderabad,2024-09-18,Sports,Water Jug,3,599,0.0,1797.0,UPI,5,0
ORD003080,CUST1003,Lucknow,2024-09-30,Clothing,Sneakers,4,2499,0.0,9996.0,Debit Card,5,0
ORD003081,CUST1408,Kolkata,2024-09-04,Home & Kitchen,Knife Set,2,1299,0.0,2598.0,Net Banking,5,0
ORD003082,CUST0463,Kolkata,2024-05-24,Clothing,Formal Shirt,2,899,0.05,1708.1,Debit Card,4,0
ORD003083,CUST1179,Delhi,2024-03-04,Clothing,Formal Shirt,2,899,0.0,1798.0,Net Banking,3,0
ORD003084,CUST1156,Jaipur,2024-09-11,Groceries,Green Tea,1,299,0.0,299.0,UPI,3,0
ORD003085,CUST1057,Mumbai,2023-10-20,Sports,Resistance Bands,2,499,0.1,898.2,UPI,3,0
ORD003086,CUST1451,Chennai,2023-06-05,Beauty,Lip Balm Pack,2,199,0.0,398.0,UPI,4,0
ORD003087,CUST0572,Bangalore,2024-03-22,Beauty,Body Lotion,4,349,0.0,1396.0,Debit Card,4,0
ORD003088,CUST0208,Jaipur,2024-09-29,Books,Self Help,2,449,0.2,718.4,Debit Card,5,0
ORD003089,CUST1028,Bangalore,2023-12-10,Electronics,Laptop Stand,4,1299,0.0,5196.0,Cash on Delivery,5,0
ORD003090,CUST1108,Chennai,2023-07-19,Sports,Yoga Mat,3,799,0.0,2397.0,Credit Card,4,0
ORD003091,CUST0878,Delhi,2023-10-07,Clothing,Jacket,1,2999,0.0,2999.0,Debit Card,4,0
ORD003092,CUST0315,Kolkata,2024-10-19,Books,Data Science Guide,1,899,0.2,719.2,Debit Card,3,0
ORD003093,CUST0768,Hyderabad,2023-10-31,Electronics,Phone Charger,1,599,0.0,599.0,Credit Card,4,0
ORD003094,CUST0472,Kolkata,2024-03-21,Books,Business Strategy,2,599,0.2,958.4,Cash on Delivery,4,0
ORD003095,CUST0644,Hyderabad,2023-04-17,Home & Kitchen,Knife Set,3,1299,0.0,3897.0,Credit Card,5,0
ORD003096,CUST1003,Lucknow,2024-07-04,Sports,Running Shoes,3,3499,0.1,9447.3,UPI,2,1
ORD003097,CUST1131,Ahmedabad,2024-02-02,Beauty,Sunscreen SPF50,1,499,0.0,499.0,Cash on Delivery,3,0
ORD003098,CUST0363,Mumbai,2023-11-18,Home & Kitchen,Knife Set,4,1299,0.0,5196.0,Net Banking,4,0
ORD003099,CUST0592,Ahmedabad,2024-02-13,Books,Self Help,3,449,0.2,1077.6,Credit Card,5,0
ORD003100,CUST0412,Bangalore,2023-10-31,Sports,Water Jug,2,599,0.0,1198.0,Credit Card,5,0
ORD003101,CUST0304,Delhi,2023-05-29,Sports,Resistance Bands,4,499,0.2,1596.8,Debit Card,3,0
ORD003102,CUST1180,Ahmedabad,2023-03-07,Clothing,Cotton T-Shirt,3,499,0.15,1272.45,UPI,2,1
ORD003103,CUST1368,Delhi,2024-05-12,Sports,Resistance Bands,1,499,0.0,499.0,Cash on Delivery,5,0
ORD003104,CUST0535,Mumbai,2024-09-21,Beauty,Face Serum,1,999,0.05,949.05,Net Banking,4,0
ORD003105,CUST1141,Delhi,2024-12-08,Sports,Gym Gloves,3,399,0.1,1077.3,Debit Card,4,0
ORD003106,CUST1351,Pune,2024-07-16,Sports,Resistance Bands,1,499,0.15,424.15,Net Banking,1,1
ORD003107,CUST1272,Lucknow,2024-12-05,Home & Kitchen,Knife Set,1,1299,0.15,1104.15,Credit Card,5,0
ORD003108,CUST0274,Chennai,2023-06-15,Electronics,Wireless Earbuds,3,2499,0.0,7497.0,Debit Card,4,0
ORD003109,CUST1441,Ahmedabad,2023-04-09,Sports,Water Jug,2,599,0.2,958.4,UPI,1,0
ORD003110,CUST0542,Jaipur,2024-06-26,Beauty,Sunscreen SPF50,3,499,0.0,1497.0,Cash on Delivery,5,0
ORD003111,CUST0505,Lucknow,2024-12-06,Books,Python Programming,3,699,0.1,1887.3,Net Banking,3,0
ORD003112,CUST0105,Lucknow,2024-08-01,Beauty,Body Lotion,2,349,0.15,593.3,Credit Card,5,0
ORD003113,CUST0743,Hyderabad,2024-12-15,Electronics,Laptop Stand,4,1299,0.1,4676.4,Net Banking,4,0
ORD003114,CUST0179,Kolkata,2023-08-21,Beauty,Lip Balm Pack,2,199,0.2,318.4,Cash on Delivery,3,0
ORD003115,CUST0386,Bangalore,2023-07-28,Clothing,Jacket,4,2999,0.15,10196.6,Net Banking,4,0
ORD003116,CUST0476,Jaipur,2023-04-27,Home & Kitchen,Air Fryer,3,3999,0.15,10197.45,Cash on Delivery,5,0
ORD003117,CUST1214,Kolkata,2024-04-10,Beauty,Lip Balm Pack,2,199,0.05,378.1,Net Banking,3,0
ORD003118,CUST1323,Lucknow,2023-03-18,Sports,Running Shoes,1,3499,0.0,3499.0,Cash on Delivery,3,0
ORD003119,CUST0462,Pune,2024-09-15,Beauty,Sunscreen SPF50,2,499,0.0,998.0,Cash on Delivery,3,0
ORD003120,CUST1300,Kolkata,2023-07-11,Beauty,Body Lotion,2,349,0.0,698.0,Cash on Delivery,4,0
ORD003121,CUST1299,Ahmedabad,2024-12-26,Books,Python Programming,4,699,0.0,2796.0,Credit Card,5,0
ORD003122,CUST1155,Bangalore,2023-04-08,Home & Kitchen,Knife Set,4,1299,0.05,4936.2,Net Banking,5,0
ORD003123,CUST0233,Pune,2024-10-12,Beauty,Hair Mask,2,399,0.0,798.0,Cash on Delivery,5,0
ORD003124,CUST1055,Ahmedabad,2023-03-18,Sports,Yoga Mat,3,799,0.0,2397.0,Net Banking,5,0
ORD003125,CUST1426,Ahmedabad,2024-04-16,Sports,Water Jug,4,599,0.0,2396.0,Credit Card,5,0
ORD003126,CUST1049,Kolkata,2024-06-30,Groceries,Green Tea,4,299,0.1,1076.4,Cash on Delivery,5,0
ORD003127,CUST0497,Ahmedabad,2024-05-24,Books,Business Strategy,3,599,0.15,1527.45,Credit Card,3,0
ORD003128,CUST0760,Kolkata,2024-01-13,Books,Data Science Guide,4,899,0.05,3416.2,Net Banking,5,0
ORD003129,CUST1003,Lucknow,2023-12-29,Sports,Water Jug,2,599,0.1,1078.2,Credit Card,4,0
ORD003130,CUST0778,Chennai,2023-11-12,Clothing,Formal Shirt,4,899,0.0,3596.0,Cash on Delivery,5,0
ORD003131,CUST0193,Pune,2023-08-17,Sports,Resistance Bands,3,499,0.0,1497.0,Net Banking,5,0
ORD003132,CUST0472,Kolkata,2023-11-02,Books,Python Programming,4,699,0.15,2376.6,Cash on Delivery,5,0
ORD003133,CUST1205,Delhi,2023-10-02,Beauty,Body Lotion,1,349,0.05,331.55,Debit Card,5,0
ORD003134,CUST1305,Delhi,2024-08-27,Beauty,Body Lotion,4,349,0.05,1326.2,UPI,5,0
ORD003135,CUST0220,Kolkata,2023-01-23,Electronics,Laptop Stand,4,1299,0.05,4936.2,Cash on Delivery,4,0
ORD003136,CUST1434,Jaipur,2024-12-03,Beauty,Body Lotion,4,349,0.0,1396.0,UPI,5,0
ORD003137,CUST0490,Hyderabad,2023-10-10,Sports,Running Shoes,3,3499,0.05,9972.15,Cash on Delivery,2,0
ORD003138,CUST1021,Hyderabad,2024-02-25,Beauty,Body Lotion,3,349,0.0,1047.0,UPI,4,0
ORD003139,CUST1143,Chennai,2024-02-13,Beauty,Lip Balm Pack,3,199,0.0,597.0,Cash on Delivery,5,0
ORD003140,CUST1220,Lucknow,2023-10-27,Beauty,Body Lotion,1,349,0.05,331.55,Cash on Delivery,5,0
ORD003141,CUST1426,Ahmedabad,2023-01-11,Electronics,USB Hub,3,899,0.0,2697.0,Debit Card,5,0
ORD003142,CUST0474,Kolkata,2023-12-01,Books,Fiction Novel,4,299,0.0,1196.0,Credit Card,5,0
ORD003143,CUST1300,Kolkata,2023-05-23,Beauty,Face Serum,2,999,0.05,1898.1,Credit Card,5,0
ORD003144,CUST0212,Hyderabad,2024-09-08,Home & Kitchen,Knife Set,3,1299,0.1,3507.3,Credit Card,5,0
ORD003145,CUST1080,Jaipur,2024-07-01,Beauty,Body Lotion,2,349,0.0,698.0,UPI,5,0
ORD003146,CUST1124,Mumbai,2024-07-23,Sports,Yoga Mat,2,799,0.0,1598.0,Cash on Delivery,5,0
ORD003147,CUST1042,Kolkata,2024-05-09,Sports,Resistance Bands,1,499,0.0,499.0,Cash on Delivery,4,0
ORD003148,CUST0391,Pune,2023-04-19,Sports,Resistance Bands,4,499,0.0,1996.0,Net Banking,4,0
ORD003149,CUST1318,Lucknow,2024-04-02,Beauty,Sunscreen SPF50,1,499,0.0,499.0,Credit Card,5,0
ORD003150,CUST0259,Hyderabad,2024-11-26,Electronics,Wireless Earbuds,2,2499,0.0,4998.0,Net Banking,4,0
ORD003151,CUST0088,Kolkata,2024-09-02,Beauty,Lip Balm Pack,1,199,0.1,179.1,Debit Card,4,0
ORD003152,CUST1092,Lucknow,2023-04-10,Electronics,USB Hub,4,899,0.0,3596.0,Cash on Delivery,4,0
ORD003153,CUST0724,Pune,2024-04-04,Clothing,Sneakers,3,2499,0.05,7122.15,Cash on Delivery,4,0
ORD003154,CUST1278,Bangalore,2023-05-02,Beauty,Lip Balm Pack,1,199,0.15,169.15,Debit Card,4,0
ORD003155,CUST0552,Bangalore,2024-10-08,Home & Kitchen,Air Fryer,1,3999,0.0,3999.0,Net Banking,5,0
ORD003156,CUST0258,Ahmedabad,2023-10-05,Groceries,Basmati Rice 5kg,1,499,0.0,499.0,UPI,5,0
ORD003157,CUST1250,Delhi,2024-05-10,Groceries,Olive Oil,1,799,0.05,759.05,UPI,4,0
ORD003158,CUST0826,Jaipur,2024-01-19,Home & Kitchen,Coffee Mug,4,249,0.2,796.8,Credit Card,3,0
ORD003159,CUST0281,Mumbai,2023-11-28,Home & Kitchen,Water Bottle,2,399,0.0,798.0,Cash on Delivery,5,0
ORD003160,CUST1099,Mumbai,2023-11-19,Sports,Water Jug,4,599,0.0,2396.0,Debit Card,5,0
ORD003161,CUST0778,Chennai,2023-01-09,Clothing,Denim Jeans,1,1299,0.1,1169.1,Debit Card,4,0
ORD003162,CUST0932,Kolkata,2023-01-31,Books,Business Strategy,4,599,0.2,1916.8,UPI,4,0
ORD003163,CUST0707,Ahmedabad,2023-10-23,Home & Kitchen,Knife Set,3,1299,0.1,3507.3,UPI,5,0
ORD003164,CUST1242,Lucknow,2024-03-23,Groceries,Green Tea,2,299,0.1,538.2,Credit Card,4,0
ORD003165,CUST1242,Lucknow,2023-01-07,Beauty,Sunscreen SPF50,2,499,0.0,998.0,Credit Card,4,0
ORD003166,CUST1084,Bangalore,2023-12-23,Clothing,Formal Shirt,3,899,0.15,2292.45,Debit Card,4,0
ORD003167,CUST0173,Ahmedabad,2023-09-13,Books,Fiction Novel,1,299,0.0,299.0,Debit Card,4,0
ORD003168,CUST1255,Hyderabad,2024-10-17,Electronics,Wireless Earbuds,4,2499,0.0,9996.0,Net Banking,3,0
ORD003169,CUST1028,Bangalore,2023-10-05,Home & Kitchen,Water Bottle,4,399,0.2,1276.8,Cash on Delivery,4,0
ORD003170,CUST1062,Hyderabad,2023-11-25,Books,Data Science Guide,3,899,0.1,2427.3,UPI,5,0
ORD003171,CUST0531,Hyderabad,2024-08-21,Sports,Running Shoes,2,3499,0.0,6998.0,Debit Card,5,0
ORD003172,CUST1328,Hyderabad,2023-11-17,Books,Business Strategy,2,599,0.15,1018.3,Credit Card,3,0
ORD003173,CUST1104,Delhi,2024-09-21,Sports,Running Shoes,4,3499,0.0,13996.0,Credit Card,3,0
ORD003174,CUST0184,Kolkata,2024-10-14,Electronics,USB Hub,1,899,0.1,809.1,Credit Card,2,1
ORD003175,CUST0595,Chennai,2023-10-03,Groceries,Protein Bar Pack,4,699,0.0,2796.0,UPI,4,0
ORD003176,CUST1335,Kolkata,2023-05-25,Books,Data Science Guide,3,899,0.2,2157.6,Cash on Delivery,4,0
ORD003177,CUST0076,Hyderabad,2024-04-17,Books,Business Strategy,1,599,0.2,479.2,Cash on Delivery,3,0
ORD003178,CUST1448,Mumbai,2023-09-24,Groceries,Green Tea,4,299,0.0,1196.0,Cash on Delivery,4,0
ORD003179,CUST1044,Delhi,2024-05-15,Clothing,Cotton T-Shirt,3,499,0.0,1497.0,Credit Card,4,0
ORD003180,CUST0982,Kolkata,2023-08-11,Clothing,Denim Jeans,1,1299,0.1,1169.1,Credit Card,4,0
ORD003181,CUST0412,Bangalore,2024-10-21,Books,Data Science Guide,2,899,0.2,1438.4,Cash on Delivery,4,0
ORD003182,CUST0388,Bangalore,2024-04-30,Clothing,Sneakers,1,2499,0.1,2249.1,Debit Card,4,0
ORD003183,CUST1422,Lucknow,2023-06-28,Beauty,Body Lotion,1,349,0.0,349.0,Net Banking,4,0
ORD003184,CUST0451,Delhi,2024-07-22,Clothing,Cotton T-Shirt,3,499,0.2,1197.6,UPI,4,0
ORD003185,CUST1170,Hyderabad,2023-05-06,Books,Python Programming,3,699,0.0,2097.0,UPI,4,0
ORD003186,CUST0572,Bangalore,2023-08-20,Home & Kitchen,Storage Box,2,299,0.0,598.0,Cash on Delivery,4,0
ORD003187,CUST0222,Delhi,2024-03-11,Electronics,Wireless Earbuds,1,2499,0.0,2499.0,Debit Card,5,0
ORD003188,CUST0013,Mumbai,2023-03-31,Groceries,Mixed Nuts,4,599,0.05,2276.2,Net Banking,5,0
ORD003189,CUST0817,Lucknow,2024-02-12,Books,Self Help,2,449,0.1,808.2,Credit Card,4,0
ORD003190,CUST1465,Hyderabad,2024-02-10,Groceries,Olive Oil,2,799,0.2,1278.4,Cash on Delivery,3,0
ORD003191,CUST0534,Ahmedabad,2024-03-16,Sports,Running Shoes,4,3499,0.15,11896.6,UPI,4,0
ORD003192,CUST0523,Kolkata,2023-02-07,Electronics,Webcam,1,2199,0.15,1869.15,Cash on Delivery,3,0
ORD003193,CUST0509,Chennai,2023-08-22,Sports,Gym Gloves,3,399,0.05,1137.15,Cash on Delivery,4,0
ORD003194,CUST0792,Bangalore,2024-12-22,Clothing,Formal Shirt,2,899,0.0,1798.0,Cash on Delivery,3,0
ORD003195,CUST0672,Lucknow,2023-06-24,Home & Kitchen,Coffee Mug,3,249,0.0,747.0,Net Banking,5,0
ORD003196,CUST1329,Kolkata,2024-11-17,Groceries,Green Tea,3,299,0.1,807.3,Net Banking,5,0
ORD003197,CUST0768,Hyderabad,2024-07-28,Sports,Running Shoes,4,3499,0.0,13996.0,UPI,5,0
ORD003198,CUST0772,Delhi,2024-12-28,Beauty,Lip Balm Pack,3,199,0.15,507.45,Cash on Delivery,4,0
ORD003199,CUST0221,Hyderabad,2024-08-29,Clothing,Jacket,1,2999,0.2,2399.2,Net Banking,2,1
ORD003200,CUST1470,Kolkata,2024-07-05,Books,Fiction Novel,4,299,0.15,1016.6,Credit Card,5,0
ORD003201,CUST0390,Chennai,2024-07-07,Beauty,Sunscreen SPF50,3,499,0.1,1347.3,Cash on Delivery,3,0
ORD003202,CUST0119,Kolkata,2023-01-15,Beauty,Lip Balm Pack,1,199,0.05,189.05,Cash on Delivery,5,0
ORD003203,CUST1023,Mumbai,2023-04-12,Sports,Running Shoes,3,3499,0.0,10497.0,Debit Card,5,0
ORD003204,CUST0919,Ahmedabad,2024-02-05,Home & Kitchen,Knife Set,2,1299,0.1,2338.2,Credit Card,5,0
ORD003205,CUST0616,Mumbai,2023-01-31,Electronics,Phone Charger,2,599,0.15,1018.3,Cash on Delivery,4,0
ORD003206,CUST0628,Kolkata,2023-03-25,Groceries,Protein Bar Pack,1,699,0.2,559.2,Cash on Delivery,4,0
ORD003207,CUST1181,Pune,2023-12-11,Home & Kitchen,Coffee Mug,1,249,0.0,249.0,Credit Card,4,0
ORD003208,CUST0297,Delhi,2023-04-18,Books,Fiction Novel,2,299,0.2,478.4,Cash on Delivery,4,0
ORD003209,CUST1231,Pune,2024-07-27,Electronics,USB Hub,3,899,0.0,2697.0,Net Banking,5,0
ORD003210,CUST1006,Bangalore,2024-01-18,Sports,Resistance Bands,2,499,0.2,798.4,UPI,3,0
ORD003211,CUST0620,Mumbai,2024-04-20,Books,Fiction Novel,1,299,0.2,239.2,Credit Card,5,0
ORD003212,CUST0701,Bangalore,2024-11-20,Beauty,Hair Mask,2,399,0.0,798.0,Credit Card,4,0
ORD003213,CUST0396,Delhi,2024-08-21,Electronics,Webcam,2,2199,0.2,3518.4,Cash on Delivery,2,1
ORD003214,CUST1143,Chennai,2023-05-18,Clothing,Jacket,4,2999,0.0,11996.0,UPI,5,0
ORD003215,CUST0780,Jaipur,2024-03-12,Groceries,Basmati Rice 5kg,2,499,0.15,848.3,Cash on Delivery,2,1
ORD003216,CUST0481,Bangalore,2024-05-29,Groceries,Green Tea,1,299,0.2,239.2,Credit Card,5,0
ORD003217,CUST0919,Ahmedabad,2023-11-03,Groceries,Mixed Nuts,1,599,0.0,599.0,Net Banking,4,0
ORD003218,CUST1495,Kolkata,2024-12-14,Clothing,Sneakers,1,2499,0.0,2499.0,Cash on Delivery,5,0
ORD003219,CUST0659,Ahmedabad,2024-02-16,Home & Kitchen,Water Bottle,4,399,0.2,1276.8,Net Banking,3,0
ORD003220,CUST1383,Kolkata,2024-09-05,Electronics,Phone Charger,3,599,0.1,1617.3,Debit Card,4,0
ORD003221,CUST0509,Chennai,2024-09-25,Clothing,Formal Shirt,2,899,0.2,1438.4,UPI,2,1
ORD003222,CUST0089,Chennai,2024-01-11,Sports,Running Shoes,4,3499,0.0,13996.0,UPI,5,0
ORD003223,CUST0311,Hyderabad,2023-12-09,Home & Kitchen,Water Bottle,1,399,0.15,339.15,Net Banking,5,0
ORD003224,CUST0620,Mumbai,2023-07-10,Clothing,Jacket,4,2999,0.1,10796.4,Credit Card,4,0
ORD003225,CUST0338,Ahmedabad,2024-02-07,Electronics,Laptop Stand,3,1299,0.0,3897.0,Cash on Delivery,5,0
ORD003226,CUST0002,Mumbai,2024-05-12,Electronics,Phone Charger,2,599,0.05,1138.1,Credit Card,3,0
ORD003227,CUST1374,Hyderabad,2024-10-27,Beauty,Sunscreen SPF50,4,499,0.2,1596.8,Credit Card,4,0
ORD003228,CUST1269,Mumbai,2024-06-17,Groceries,Olive Oil,3,799,0.0,2397.0,UPI,3,0
ORD003229,CUST1124,Mumbai,2023-02-05,Groceries,Basmati Rice 5kg,4,499,0.0,1996.0,Cash on Delivery,5,0
ORD003230,CUST0258,Ahmedabad,2023-07-29,Books,Self Help,3,449,0.15,1144.95,UPI,4,0
ORD003231,CUST0194,Mumbai,2023-05-08,Home & Kitchen,Storage Box,1,299,0.0,299.0,Cash on Delivery,2,0
ORD003232,CUST0114,Delhi,2023-01-09,Electronics,Phone Charger,4,599,0.0,2396.0,Net Banking,4,0
ORD003233,CUST1103,Bangalore,2024-06-05,Home & Kitchen,Water Bottle,4,399,0.0,1596.0,UPI,5,0
ORD003234,CUST1400,Lucknow,2023-04-29,Books,Business Strategy,3,599,0.05,1707.15,Cash on Delivery,4,0
ORD003235,CUST0648,Hyderabad,2023-08-05,Clothing,Jacket,3,2999,0.2,7197.6,Cash on Delivery,5,0
ORD003236,CUST0193,Pune,2024-05-22,Home & Kitchen,Coffee Mug,1,249,0.05,236.55,Cash on Delivery,4,0
ORD003237,CUST0779,Lucknow,2024-06-01,Books,Python Programming,2,699,0.0,1398.0,UPI,4,0
ORD003238,CUST0513,Mumbai,2023-10-04,Sports,Gym Gloves,4,399,0.2,1276.8,UPI,5,0
ORD003239,CUST0541,Ahmedabad,2024-04-09,Electronics,Phone Charger,3,599,0.1,1617.3,Net Banking,3,0
ORD003240,CUST0960,Ahmedabad,2023-01-22,Electronics,Laptop Stand,3,1299,0.0,3897.0,Net Banking,5,0
ORD003241,CUST1093,Bangalore,2023-04-19,Beauty,Body Lotion,1,349,0.2,279.2,UPI,5,0
ORD003242,CUST0183,Chennai,2023-08-02,Beauty,Face Serum,2,999,0.0,1998.0,Cash on Delivery,4,0
ORD003243,CUST0056,Delhi,2024-07-15,Electronics,Webcam,4,2199,0.0,8796.0,UPI,4,0
ORD003244,CUST1488,Lucknow,2024-02-19,Sports,Resistance Bands,2,499,0.0,998.0,Net Banking,4,0
ORD003245,CUST0364,Delhi,2023-08-27,Home & Kitchen,Air Fryer,3,3999,0.0,11997.0,Cash on Delivery,5,0
ORD003246,CUST0089,Chennai,2023-07-17,Electronics,Webcam,1,2199,0.0,2199.0,Net Banking,4,0
ORD003247,CUST0281,Mumbai,2023-05-17,Electronics,Phone Charger,2,599,0.05,1138.1,Debit Card,4,0
ORD003248,CUST0064,Chennai,2023-06-24,Electronics,USB Hub,1,899,0.15,764.15,Debit Card,5,0
ORD003249,CUST0569,Jaipur,2024-10-30,Electronics,Webcam,1,2199,0.15,1869.15,Net Banking,4,0
ORD003250,CUST1205,Delhi,2023-10-14,Clothing,Cotton T-Shirt,3,499,0.2,1197.6,Net Banking,2,1
ORD003251,CUST0507,Delhi,2024-08-01,Books,Fiction Novel,3,299,0.0,897.0,UPI,4,0
ORD003252,CUST0676,Delhi,2024-09-28,Groceries,Olive Oil,1,799,0.0,799.0,Cash on Delivery,4,0
ORD003253,CUST1037,Delhi,2023-10-11,Groceries,Basmati Rice 5kg,2,499,0.0,998.0,Net Banking,4,0
ORD003254,CUST0774,Bangalore,2024-02-04,Electronics,Webcam,4,2199,0.0,8796.0,Cash on Delivery,5,0
ORD003255,CUST1305,Delhi,2024-01-18,Home & Kitchen,Water Bottle,2,399,0.0,798.0,UPI,2,0
ORD003256,CUST1308,Lucknow,2023-01-15,Beauty,Sunscreen SPF50,2,499,0.0,998.0,Debit Card,4,0
ORD003257,CUST0013,Mumbai,2024-06-30,Clothing,Sneakers,1,2499,0.0,2499.0,Credit Card,5,0
ORD003258,CUST1172,Jaipur,2024-06-22,Electronics,Phone Charger,3,599,0.05,1707.15,Net Banking,4,0
ORD003259,CUST0706,Ahmedabad,2023-06-02,Clothing,Cotton T-Shirt,4,499,0.0,1996.0,Net Banking,4,0
ORD003260,CUST1478,Kolkata,2023-02-05,Books,Data Science Guide,1,899,0.0,899.0,Debit Card,2,1
ORD003261,CUST0736,Jaipur,2024-08-07,Home & Kitchen,Knife Set,2,1299,0.0,2598.0,Net Banking,4,0
ORD003262,CUST1476,Pune,2023-12-14,Sports,Gym Gloves,1,399,0.0,399.0,Cash on Delivery,4,0
ORD003263,CUST1146,Lucknow,2024-05-21,Groceries,Basmati Rice 5kg,1,499,0.0,499.0,UPI,4,0
ORD003264,CUST0386,Bangalore,2024-04-17,Beauty,Body Lotion,1,349,0.0,349.0,Net Banking,4,0
ORD003265,CUST0811,Ahmedabad,2024-04-07,Electronics,Phone Charger,1,599,0.15,509.15,Credit Card,3,0
ORD003266,CUST1481,Kolkata,2023-02-12,Electronics,Phone Charger,4,599,0.1,2156.4,Net Banking,5,0
ORD003267,CUST1299,Ahmedabad,2023-07-10,Electronics,Laptop Stand,4,1299,0.0,5196.0,UPI,3,0
ORD003268,CUST0157,Ahmedabad,2023-04-25,Groceries,Mixed Nuts,4,599,0.2,1916.8,Credit Card,5,0
ORD003269,CUST1080,Jaipur,2023-01-07,Sports,Resistance Bands,1,499,0.05,474.05,UPI,4,0
ORD003270,CUST0510,Hyderabad,2023-08-19,Clothing,Sneakers,1,2499,0.0,2499.0,UPI,5,0
ORD003271,CUST0010,Lucknow,2023-05-28,Beauty,Sunscreen SPF50,2,499,0.0,998.0,Net Banking,3,0
ORD003272,CUST0582,Ahmedabad,2023-08-08,Electronics,Phone Charger,3,599,0.0,1797.0,UPI,5,0
ORD003273,CUST0365,Kolkata,2024-11-11,Beauty,Face Serum,2,999,0.15,1698.3,Cash on Delivery,5,0
ORD003274,CUST1229,Pune,2024-04-30,Groceries,Mixed Nuts,4,599,0.2,1916.8,Net Banking,5,0
ORD003275,CUST0502,Delhi,2023-07-07,Sports,Yoga Mat,2,799,0.15,1358.3,UPI,4,0
ORD003276,CUST1241,Hyderabad,2024-04-26,Groceries,Basmati Rice 5kg,2,499,0.0,998.0,Net Banking,4,0
ORD003277,CUST0002,Mumbai,2023-05-18,Sports,Running Shoes,1,3499,0.15,2974.15,UPI,4,0
ORD003278,CUST0468,Delhi,2024-01-27,Beauty,Hair Mask,3,399,0.0,1197.0,Cash on Delivery,2,1
ORD003279,CUST0377,Mumbai,2024-08-18,Books,Python Programming,3,699,0.1,1887.3,Credit Card,5,0
ORD003280,CUST0365,Kolkata,2024-12-20,Clothing,Sneakers,4,2499,0.2,7996.8,Cash on Delivery,4,0
ORD003281,CUST0114,Delhi,2024-05-05,Beauty,Body Lotion,4,349,0.0,1396.0,Cash on Delivery,4,0
ORD003282,CUST0279,Mumbai,2024-04-19,Books,Self Help,2,449,0.0,898.0,Credit Card,4,0
ORD003283,CUST0842,Mumbai,2024-04-12,Electronics,Webcam,3,2199,0.0,6597.0,Cash on Delivery,4,0
ORD003284,CUST0445,Kolkata,2024-11-04,Books,Data Science Guide,4,899,0.2,2876.8,Credit Card,4,0
ORD003285,CUST0619,Lucknow,2023-10-26,Sports,Yoga Mat,1,799,0.05,759.05,Cash on Delivery,5,0
ORD003286,CUST0542,Jaipur,2023-02-14,Clothing,Cotton T-Shirt,4,499,0.0,1996.0,Cash on Delivery,2,0
ORD003287,CUST1325,Delhi,2024-10-02,Beauty,Sunscreen SPF50,4,499,0.1,1796.4,Debit Card,3,0
ORD003288,CUST1361,Pune,2024-07-07,Beauty,Hair Mask,2,399,0.0,798.0,Net Banking,4,0
ORD003289,CUST0752,Hyderabad,2023-06-11,Groceries,Protein Bar Pack,1,699,0.1,629.1,Cash on Delivery,3,0
ORD003290,CUST0492,Lucknow,2024-03-18,Sports,Water Jug,3,599,0.0,1797.0,Credit Card,3,0
ORD003291,CUST0177,Jaipur,2024-05-18,Clothing,Cotton T-Shirt,2,499,0.0,998.0,Debit Card,5,0
ORD003292,CUST1438,Delhi,2023-01-02,Beauty,Face Serum,3,999,0.0,2997.0,Debit Card,5,0
ORD003293,CUST0097,Ahmedabad,2024-07-15,Electronics,Wireless Earbuds,1,2499,0.0,2499.0,Debit Card,4,0
ORD003294,CUST0451,Delhi,2023-09-03,Beauty,Hair Mask,4,399,0.05,1516.2,Cash on Delivery,4,0
ORD003295,CUST0451,Delhi,2023-09-16,Electronics,Wireless Earbuds,1,2499,0.0,2499.0,Credit Card,3,0
ORD003296,CUST0480,Kolkata,2024-08-04,Electronics,Webcam,1,2199,0.05,2089.05,Debit Card,5,0
ORD003297,CUST0253,Delhi,2024-05-21,Beauty,Sunscreen SPF50,2,499,0.15,848.3,Net Banking,4,0
ORD003298,CUST1180,Ahmedabad,2024-09-24,Books,Fiction Novel,4,299,0.15,1016.6,UPI,2,1
ORD003299,CUST0198,Lucknow,2024-07-14,Groceries,Green Tea,1,299,0.2,239.2,UPI,4,0
ORD003300,CUST0988,Bangalore,2023-01-24,Home & Kitchen,Water Bottle,1,399,0.0,399.0,Cash on Delivery,5,0
ORD003301,CUST0198,Lucknow,2024-03-20,Sports,Running Shoes,2,3499,0.0,6998.0,Credit Card,3,0
ORD003302,CUST0116,Delhi,2023-04-09,Books,Data Science Guide,4,899,0.0,3596.0,Credit Card,4,0
ORD003303,CUST1368,Delhi,2023-09-23,Groceries,Basmati Rice 5kg,3,499,0.15,1272.45,Debit Card,4,0
ORD003304,CUST0281,Mumbai,2023-01-19,Beauty,Body Lotion,3,349,0.0,1047.0,UPI,3,0
ORD003305,CUST1231,Pune,2023-07-28,Beauty,Face Serum,1,999,0.0,999.0,Debit Card,4,0
ORD003306,CUST0817,Lucknow,2024-04-02,Groceries,Protein Bar Pack,4,699,0.0,2796.0,Cash on Delivery,4,0
ORD003307,CUST0122,Kolkata,2024-08-18,Sports,Gym Gloves,3,399,0.0,1197.0,UPI,5,0
ORD003308,CUST1441,Ahmedabad,2023-06-01,Beauty,Lip Balm Pack,4,199,0.05,756.2,Credit Card,5,0
ORD003309,CUST0385,Jaipur,2024-10-21,Electronics,Webcam,2,2199,0.0,4398.0,Debit Card,5,0
ORD003310,CUST1302,Delhi,2024-06-03,Books,Fiction Novel,1,299,0.15,254.15,Debit Card,3,0
ORD003311,CUST0259,Hyderabad,2023-10-23,Books,Data Science Guide,4,899,0.1,3236.4,Debit Card,5,0
ORD003312,CUST1288,Delhi,2023-12-21,Home & Kitchen,Water Bottle,1,399,0.1,359.1,Credit Card,4,0
ORD003313,CUST0026,Lucknow,2024-04-23,Home & Kitchen,Storage Box,3,299,0.0,897.0,UPI,4,0
ORD003314,CUST0779,Lucknow,2023-06-13,Books,Data Science Guide,4,899,0.0,3596.0,Debit Card,5,0
ORD003315,CUST1159,Jaipur,2023-10-29,Groceries,Protein Bar Pack,1,699,0.0,699.0,Cash on Delivery,3,0
ORD003316,CUST1408,Kolkata,2024-12-19,Electronics,Webcam,2,2199,0.1,3958.2,Cash on Delivery,4,0
ORD003317,CUST1368,Delhi,2023-06-30,Electronics,Laptop Stand,1,1299,0.15,1104.15,UPI,5,0
ORD003318,CUST1229,Pune,2024-11-12,Groceries,Green Tea,1,299,0.0,299.0,Net Banking,5,0
ORD003319,CUST1338,Pune,2024-09-08,Electronics,Wireless Earbuds,1,2499,0.05,2374.05,Credit Card,3,0
ORD003320,CUST0305,Kolkata,2023-02-25,Groceries,Protein Bar Pack,4,699,0.0,2796.0,Cash on Delivery,3,0
ORD003321,CUST0433,Kolkata,2023-03-30,Clothing,Jacket,2,2999,0.05,5698.1,Debit Card,1,0
ORD003322,CUST0442,Mumbai,2023-12-26,Clothing,Denim Jeans,4,1299,0.0,5196.0,Credit Card,3,0
ORD003323,CUST0542,Jaipur,2024-05-24,Books,Business Strategy,3,599,0.0,1797.0,Net Banking,5,0
ORD003324,CUST0572,Bangalore,2023-09-22,Beauty,Hair Mask,2,399,0.2,638.4,Credit Card,4,0
ORD003325,CUST0817,Lucknow,2024-03-05,Groceries,Olive Oil,2,799,0.05,1518.1,UPI,5,0
ORD003326,CUST0249,Delhi,2023-04-01,Home & Kitchen,Air Fryer,1,3999,0.1,3599.1,Credit Card,4,0
ORD003327,CUST1056,Jaipur,2023-11-13,Groceries,Protein Bar Pack,2,699,0.15,1188.3,Debit Card,4,0
ORD003328,CUST0257,Ahmedabad,2024-03-07,Groceries,Olive Oil,3,799,0.1,2157.3,Net Banking,3,0
ORD003329,CUST0470,Jaipur,2023-04-14,Sports,Resistance Bands,2,499,0.0,998.0,Debit Card,5,0
ORD003330,CUST0767,Chennai,2024-04-08,Beauty,Lip Balm Pack,2,199,0.05,378.1,Cash on Delivery,5,0
ORD003331,CUST1197,Chennai,2024-12-16,Home & Kitchen,Knife Set,4,1299,0.0,5196.0,Debit Card,5,0
ORD003332,CUST1122,Chennai,2024-09-28,Beauty,Sunscreen SPF50,3,499,0.0,1497.0,Net Banking,5,0
ORD003333,CUST1003,Lucknow,2023-10-04,Beauty,Body Lotion,4,349,0.1,1256.4,UPI,5,0
ORD003334,CUST0246,Delhi,2023-06-13,Home & Kitchen,Knife Set,1,1299,0.15,1104.15,Debit Card,4,0
ORD003335,CUST0825,Delhi,2023-04-22,Groceries,Basmati Rice 5kg,1,499,0.05,474.05,UPI,5,0
ORD003336,CUST0140,Chennai,2023-05-30,Sports,Gym Gloves,4,399,0.0,1596.0,UPI,3,0
ORD003337,CUST0544,Lucknow,2023-02-24,Beauty,Hair Mask,2,399,0.0,798.0,Net Banking,4,0
ORD003338,CUST0615,Jaipur,2023-06-04,Books,Self Help,2,449,0.0,898.0,Net Banking,3,0
ORD003339,CUST0068,Pune,2024-01-01,Beauty,Hair Mask,3,399,0.0,1197.0,Debit Card,4,0
ORD003340,CUST0415,Mumbai,2023-10-17,Electronics,Laptop Stand,3,1299,0.2,3117.6,Credit Card,5,0
ORD003341,CUST1441,Ahmedabad,2024-12-28,Beauty,Face Serum,1,999,0.15,849.15,Debit Card,5,0
ORD003342,CUST1438,Delhi,2023-05-31,Sports,Gym Gloves,1,399,0.1,359.1,Credit Card,4,0
ORD003343,CUST0519,Ahmedabad,2023-08-19,Beauty,Lip Balm Pack,2,199,0.0,398.0,Cash on Delivery,4,0
ORD003344,CUST0070,Hyderabad,2023-03-08,Beauty,Hair Mask,2,399,0.15,678.3,UPI,4,0
ORD003345,CUST0272,Bangalore,2024-02-19,Sports,Water Jug,1,599,0.05,569.05,Credit Card,4,0
ORD003346,CUST0569,Jaipur,2023-07-06,Groceries,Basmati Rice 5kg,1,499,0.0,499.0,UPI,3,0
ORD003347,CUST1428,Ahmedabad,2023-07-10,Groceries,Olive Oil,3,799,0.0,2397.0,Credit Card,4,0
ORD003348,CUST0227,Kolkata,2024-09-17,Electronics,Laptop Stand,1,1299,0.0,1299.0,Cash on Delivery,5,0
ORD003349,CUST1154,Hyderabad,2023-05-26,Home & Kitchen,Air Fryer,2,3999,0.05,7598.1,Cash on Delivery,3,0
ORD003350,CUST0179,Kolkata,2023-06-17,Home & Kitchen,Air Fryer,1,3999,0.0,3999.0,Credit Card,2,0
ORD003351,CUST1469,Delhi,2023-04-02,Sports,Water Jug,1,599,0.0,599.0,Credit Card,5,0
ORD003352,CUST0551,Ahmedabad,2023-04-30,Electronics,Phone Charger,3,599,0.05,1707.15,Net Banking,4,0
ORD003353,CUST1168,Delhi,2024-10-29,Books,Python Programming,4,699,0.2,2236.8,Credit Card,4,0
ORD003354,CUST0508,Hyderabad,2023-12-30,Beauty,Face Serum,4,999,0.0,3996.0,Cash on Delivery,5,0
ORD003355,CUST0972,Delhi,2024-08-18,Beauty,Face Serum,3,999,0.0,2997.0,Net Banking,5,0
ORD003356,CUST0288,Mumbai,2024-01-09,Beauty,Body Lotion,3,349,0.2,837.6,Credit Card,5,0
ORD003357,CUST0232,Kolkata,2023-08-17,Electronics,Phone Charger,4,599,0.0,2396.0,Debit Card,4,0
ORD003358,CUST1416,Lucknow,2023-06-20,Books,Python Programming,1,699,0.05,664.05,Net Banking,4,0
ORD003359,CUST1379,Delhi,2024-04-24,Sports,Yoga Mat,4,799,0.0,3196.0,Credit Card,4,0
ORD003360,CUST1337,Delhi,2024-03-01,Books,Data Science Guide,4,899,0.0,3596.0,Credit Card,3,0
ORD003361,CUST0971,Kolkata,2024-09-22,Sports,Gym Gloves,1,399,0.2,319.2,Debit Card,4,0
ORD003362,CUST1214,Kolkata,2024-05-07,Clothing,Denim Jeans,4,1299,0.0,5196.0,Credit Card,4,0
ORD003363,CUST0115,Mumbai,2023-08-21,Sports,Resistance Bands,4,499,0.0,1996.0,Cash on Delivery,2,0
ORD003364,CUST0500,Ahmedabad,2023-10-21,Beauty,Face Serum,1,999,0.0,999.0,Cash on Delivery,4,0
ORD003365,CUST0474,Kolkata,2024-05-27,Groceries,Mixed Nuts,4,599,0.2,1916.8,UPI,2,1
ORD003366,CUST0990,Hyderabad,2023-05-19,Books,Business Strategy,2,599,0.2,958.4,Net Banking,4,0
ORD003367,CUST0523,Kolkata,2024-08-22,Clothing,Denim Jeans,1,1299,0.05,1234.05,Cash on Delivery,2,0
ORD003368,CUST0239,Ahmedabad,2024-04-11,Books,Self Help,3,449,0.2,1077.6,Net Banking,4,0
ORD003369,CUST0921,Ahmedabad,2024-11-30,Electronics,Laptop Stand,4,1299,0.15,4416.6,Net Banking,4,0
ORD003370,CUST1224,Pune,2024-01-09,Sports,Yoga Mat,2,799,0.1,1438.2,Debit Card,5,0
ORD003371,CUST0552,Bangalore,2023-04-29,Electronics,USB Hub,1,899,0.15,764.15,UPI,5,0
ORD003372,CUST0212,Hyderabad,2023-01-05,Beauty,Sunscreen SPF50,4,499,0.0,1996.0,Credit Card,4,0
ORD003373,CUST0299,Hyderabad,2024-10-26,Clothing,Denim Jeans,3,1299,0.0,3897.0,UPI,4,0
ORD003374,CUST0368,Mumbai,2023-08-05,Beauty,Sunscreen SPF50,3,499,0.2,1197.6,Credit Card,5,0
ORD003375,CUST0454,Hyderabad,2023-05-21,Sports,Gym Gloves,2,399,0.1,718.2,UPI,4,0
ORD003376,CUST0999,Chennai,2023-01-11,Sports,Yoga Mat,2,799,0.0,1598.0,Credit Card,4,0
ORD003377,CUST0924,Pune,2023-01-16,Books,Self Help,1,449,0.2,359.2,Debit Card,4,0
ORD003378,CUST1062,Hyderabad,2023-03-14,Electronics,Phone Charger,1,599,0.0,599.0,UPI,4,0
ORD003379,CUST0530,Kolkata,2023-10-25,Beauty,Body Lotion,4,349,0.15,1186.6,Debit Card,4,0
ORD003380,CUST1237,Hyderabad,2023-11-14,Clothing,Jacket,3,2999,0.0,8997.0,Credit Card,4,0
ORD003381,CUST0311,Hyderabad,2023-05-02,Electronics,USB Hub,1,899,0.2,719.2,UPI,5,0
ORD003382,CUST0717,Ahmedabad,2023-06-09,Home & Kitchen,Knife Set,3,1299,0.2,3117.6,Cash on Delivery,4,0
ORD003383,CUST1201,Mumbai,2024-04-28,Beauty,Lip Balm Pack,1,199,0.0,199.0,UPI,4,0
ORD003384,CUST0272,Bangalore,2023-03-20,Groceries,Basmati Rice 5kg,2,499,0.1,898.2,Net Banking,5,0
ORD003385,CUST0183,Chennai,2024-08-29,Groceries,Basmati Rice 5kg,2,499,0.0,998.0,Cash on Delivery,4,0
ORD003386,CUST1334,Ahmedabad,2024-01-06,Home & Kitchen,Coffee Mug,1,249,0.0,249.0,Net Banking,4,0
ORD003387,CUST0508,Hyderabad,2023-08-21,Beauty,Face Serum,4,999,0.0,3996.0,Credit Card,5,0
ORD003388,CUST1051,Pune,2024-01-14,Clothing,Formal Shirt,3,899,0.05,2562.15,Net Banking,5,0
ORD003389,CUST0045,Ahmedabad,2023-02-07,Beauty,Lip Balm Pack,4,199,0.0,796.0,Net Banking,4,0
ORD003390,CUST1055,Ahmedabad,2023-03-04,Electronics,Wireless Earbuds,4,2499,0.0,9996.0,Net Banking,5,0
ORD003391,CUST0476,Jaipur,2023-09-27,Electronics,USB Hub,4,899,0.2,2876.8,Net Banking,5,0
ORD003392,CUST0090,Delhi,2023-03-04,Sports,Resistance Bands,4,499,0.15,1696.6,Net Banking,4,0
ORD003393,CUST0942,Jaipur,2023-01-17,Groceries,Mixed Nuts,2,599,0.1,1078.2,Net Banking,5,0
ORD003394,CUST0377,Mumbai,2023-11-29,Groceries,Basmati Rice 5kg,3,499,0.1,1347.3,Debit Card,5,0
ORD003395,CUST0559,Ahmedabad,2023-06-26,Home & Kitchen,Air Fryer,2,3999,0.1,7198.2,Net Banking,4,0
ORD003396,CUST0128,Jaipur,2024-04-06,Books,Fiction Novel,4,299,0.0,1196.0,Cash on Delivery,3,0
ORD003397,CUST0234,Delhi,2024-03-02,Beauty,Hair Mask,1,399,0.05,379.05,Debit Card,4,0
ORD003398,CUST0451,Delhi,2023-07-31,Electronics,Laptop Stand,4,1299,0.15,4416.6,Credit Card,3,0
ORD003399,CUST0141,Jaipur,2024-07-15,Beauty,Sunscreen SPF50,3,499,0.0,1497.0,Net Banking,5,0
ORD003400,CUST1368,Delhi,2024-09-10,Home & Kitchen,Knife Set,2,1299,0.0,2598.0,Cash on Delivery,3,0
ORD003401,CUST0009,Delhi,2023-02-23,Home & Kitchen,Coffee Mug,4,249,0.1,896.4,Credit Card,4,0
ORD003402,CUST0738,Delhi,2024-11-26,Beauty,Hair Mask,4,399,0.1,1436.4,Credit Card,4,0
ORD003403,CUST0198,Lucknow,2023-08-29,Books,Business Strategy,3,599,0.2,1437.6,UPI,4,0
ORD003404,CUST0468,Delhi,2023-07-24,Beauty,Face Serum,2,999,0.05,1898.1,Credit Card,4,0
ORD003405,CUST1395,Pune,2023-09-21,Groceries,Green Tea,4,299,0.05,1136.2,UPI,5,0
ORD003406,CUST0250,Mumbai,2023-03-01,Clothing,Formal Shirt,4,899,0.05,3416.2,Cash on Delivery,5,0
ORD003407,CUST1451,Chennai,2023-12-14,Sports,Water Jug,4,599,0.15,2036.6,Debit Card,4,0
ORD003408,CUST0314,Chennai,2024-06-23,Home & Kitchen,Air Fryer,1,3999,0.0,3999.0,Debit Card,4,0
ORD003409,CUST1124,Mumbai,2023-05-14,Home & Kitchen,Water Bottle,4,399,0.15,1356.6,Debit Card,4,0
ORD003410,CUST0824,Hyderabad,2024-10-20,Clothing,Cotton T-Shirt,2,499,0.0,998.0,Credit Card,3,0
ORD003411,CUST1334,Ahmedabad,2024-01-15,Electronics,Wireless Earbuds,4,2499,0.2,7996.8,Net Banking,5,0
ORD003412,CUST0839,Chennai,2023-04-20,Home & Kitchen,Coffee Mug,1,249,0.05,236.55,Credit Card,4,0
ORD003413,CUST0808,Bangalore,2024-07-10,Beauty,Hair Mask,2,399,0.1,718.2,UPI,4,0
ORD003414,CUST0297,Delhi,2024-07-20,Groceries,Green Tea,4,299,0.1,1076.4,UPI,4,0
ORD003415,CUST0257,Ahmedabad,2023-01-09,Clothing,Cotton T-Shirt,4,499,0.1,1796.4,Debit Card,4,0
ORD003416,CUST1376,Pune,2024-02-28,Clothing,Cotton T-Shirt,2,499,0.15,848.3,Cash on Delivery,5,0
ORD003417,CUST0490,Hyderabad,2023-09-30,Beauty,Body Lotion,1,349,0.0,349.0,Net Banking,3,0
ORD003418,CUST0536,Jaipur,2024-03-08,Groceries,Protein Bar Pack,1,699,0.0,699.0,Credit Card,4,0
ORD003419,CUST1150,Chennai,2023-03-24,Home & Kitchen,Knife Set,1,1299,0.0,1299.0,Debit Card,4,0
ORD003420,CUST0504,Jaipur,2023-01-12,Home & Kitchen,Air Fryer,3,3999,0.15,10197.45,UPI,5,0
ORD003421,CUST1433,Hyderabad,2024-02-28,Sports,Resistance Bands,2,499,0.0,998.0,Debit Card,5,0
ORD003422,CUST1122,Chennai,2023-08-18,Groceries,Mixed Nuts,4,599,0.1,2156.4,Net Banking,5,0
ORD003423,CUST0921,Ahmedabad,2024-03-30,Clothing,Jacket,3,2999,0.2,7197.6,Debit Card,4,0
ORD003424,CUST1331,Hyderabad,2023-02-03,Sports,Yoga Mat,2,799,0.1,1438.2,UPI,5,0
ORD003425,CUST0081,Jaipur,2024-09-22,Groceries,Basmati Rice 5kg,2,499,0.0,998.0,Cash on Delivery,5,0
ORD003426,CUST0396,Delhi,2024-09-11,Groceries,Basmati Rice 5kg,2,499,0.15,848.3,Net Banking,4,0
ORD003427,CUST0712,Hyderabad,2024-07-07,Books,Data Science Guide,4,899,0.0,3596.0,Debit Card,5,0
ORD003428,CUST0353,Chennai,2023-12-23,Sports,Yoga Mat,4,799,0.0,3196.0,UPI,5,0
ORD003429,CUST1126,Chennai,2023-05-09,Beauty,Body Lotion,4,349,0.0,1396.0,Net Banking,5,0
ORD003430,CUST1383,Kolkata,2023-06-25,Home & Kitchen,Knife Set,3,1299,0.2,3117.6,Debit Card,4,0
ORD003431,CUST0632,Pune,2024-08-25,Sports,Running Shoes,3,3499,0.0,10497.0,Cash on Delivery,4,0
ORD003432,CUST0508,Hyderabad,2024-04-08,Books,Fiction Novel,3,299,0.0,897.0,Cash on Delivery,5,0
ORD003433,CUST1448,Mumbai,2023-01-03,Beauty,Body Lotion,4,349,0.0,1396.0,Net Banking,4,0
ORD003434,CUST0679,Delhi,2023-02-15,Groceries,Protein Bar Pack,1,699,0.0,699.0,Credit Card,4,0
ORD003435,CUST0746,Ahmedabad,2023-07-10,Sports,Resistance Bands,1,499,0.0,499.0,UPI,5,0
ORD003436,CUST0518,Delhi,2023-02-03,Beauty,Hair Mask,2,399,0.1,718.2,Cash on Delivery,4,0
ORD003437,CUST1368,Delhi,2023-06-10,Sports,Yoga Mat,2,799,0.0,1598.0,Debit Card,4,0
ORD003438,CUST0869,Lucknow,2023-06-21,Clothing,Denim Jeans,2,1299,0.0,2598.0,Credit Card,4,0
ORD003439,CUST1152,Kolkata,2023-12-06,Electronics,Phone Charger,3,599,0.15,1527.45,Credit Card,4,0
ORD003440,CUST1219,Ahmedabad,2023-10-18,Electronics,Webcam,2,2199,0.0,4398.0,Credit Card,4,0
ORD003441,CUST0508,Hyderabad,2023-08-02,Clothing,Sneakers,3,2499,0.15,6372.45,Debit Card,5,0
ORD003442,CUST0654,Bangalore,2023-09-10,Clothing,Denim Jeans,3,1299,0.2,3117.6,Debit Card,4,0
ORD003443,CUST1278,Bangalore,2024-07-04,Sports,Water Jug,2,599,0.0,1198.0,Cash on Delivery,1,0
ORD003444,CUST0531,Hyderabad,2023-10-03,Books,Data Science Guide,1,899,0.0,899.0,Credit Card,5,0
ORD003445,CUST1196,Ahmedabad,2023-12-08,Clothing,Jacket,1,2999,0.05,2849.05,Net Banking,5,0
ORD003446,CUST1420,Bangalore,2023-05-01,Groceries,Green Tea,2,299,0.0,598.0,Net Banking,3,0
ORD003447,CUST0966,Bangalore,2024-04-15,Home & Kitchen,Water Bottle,1,399,0.05,379.05,UPI,4,0
ORD003448,CUST1124,Mumbai,2024-01-29,Groceries,Olive Oil,1,799,0.0,799.0,UPI,3,0
ORD003449,CUST1210,Kolkata,2023-12-17,Books,Python Programming,2,699,0.05,1328.1,Credit Card,5,0
ORD003450,CUST1271,Hyderabad,2024-04-02,Sports,Resistance Bands,2,499,0.05,948.1,Net Banking,2,1
ORD003451,CUST0574,Kolkata,2024-03-09,Groceries,Olive Oil,4,799,0.0,3196.0,UPI,5,0
ORD003452,CUST0082,Hyderabad,2024-06-04,Home & Kitchen,Storage Box,2,299,0.15,508.3,Net Banking,5,0
ORD003453,CUST0582,Ahmedabad,2024-12-19,Groceries,Protein Bar Pack,1,699,0.0,699.0,Credit Card,1,0
ORD003454,CUST1030,Mumbai,2024-08-07,Home & Kitchen,Water Bottle,1,399,0.0,399.0,Cash on Delivery,4,0
ORD003455,CUST0684,Mumbai,2023-03-04,Groceries,Mixed Nuts,2,599,0.0,1198.0,Credit Card,3,0
ORD003456,CUST1138,Lucknow,2023-12-06,Electronics,USB Hub,2,899,0.2,1438.4,UPI,4,0
ORD003457,CUST0523,Kolkata,2023-05-23,Electronics,USB Hub,2,899,0.15,1528.3,Credit Card,3,0
ORD003458,CUST0988,Bangalore,2024-03-28,Groceries,Olive Oil,1,799,0.1,719.1,Cash on Delivery,4,0
ORD003459,CUST0278,Jaipur,2024-09-11,Home & Kitchen,Water Bottle,3,399,0.05,1137.15,UPI,5,0
ORD003460,CUST1140,Bangalore,2023-04-06,Books,Business Strategy,2,599,0.0,1198.0,Debit Card,4,0
ORD003461,CUST0821,Lucknow,2024-07-06,Books,Business Strategy,3,599,0.15,1527.45,Cash on Delivery,5,0
ORD003462,CUST0310,Chennai,2024-07-09,Clothing,Cotton T-Shirt,3,499,0.2,1197.6,Credit Card,4,0
ORD003463,CUST0445,Kolkata,2024-08-11,Home & Kitchen,Knife Set,4,1299,0.2,4156.8,Debit Card,3,0
ORD003464,CUST1138,Lucknow,2023-04-08,Clothing,Denim Jeans,4,1299,0.0,5196.0,Cash on Delivery,4,0
ORD003465,CUST0736,Jaipur,2024-07-09,Electronics,Phone Charger,3,599,0.05,1707.15,Net Banking,5,0
ORD003466,CUST0329,Jaipur,2024-05-30,Groceries,Basmati Rice 5kg,3,499,0.15,1272.45,UPI,5,0
ORD003467,CUST1453,Bangalore,2024-07-08,Books,Fiction Novel,2,299,0.2,478.4,UPI,3,0
ORD003468,CUST1089,Lucknow,2024-02-19,Books,Self Help,4,449,0.0,1796.0,Credit Card,5,0
ORD003469,CUST1441,Ahmedabad,2024-05-08,Books,Fiction Novel,3,299,0.05,852.15,Cash on Delivery,3,0
ORD003470,CUST0640,Mumbai,2023-08-10,Beauty,Sunscreen SPF50,3,499,0.0,1497.0,UPI,5,0
ORD003471,CUST0724,Pune,2024-08-22,Books,Business Strategy,1,599,0.2,479.2,Cash on Delivery,4,0
ORD003472,CUST1354,Mumbai,2023-12-25,Clothing,Denim Jeans,2,1299,0.2,2078.4,Debit Card,1,1
ORD003473,CUST0797,Chennai,2023-11-04,Groceries,Protein Bar Pack,2,699,0.2,1118.4,Cash on Delivery,4,0
ORD003474,CUST1081,Kolkata,2024-10-23,Home & Kitchen,Water Bottle,3,399,0.0,1197.0,Debit Card,1,0
ORD003475,CUST0391,Pune,2023-03-31,Beauty,Sunscreen SPF50,2,499,0.0,998.0,Cash on Delivery,4,0
ORD003476,CUST0679,Delhi,2023-01-14,Clothing,Jacket,1,2999,0.2,2399.2,Net Banking,5,0
ORD003477,CUST0198,Lucknow,2023-05-18,Home & Kitchen,Water Bottle,4,399,0.0,1596.0,Credit Card,4,0
ORD003478,CUST0314,Chennai,2024-01-05,Groceries,Mixed Nuts,1,599,0.1,539.1,Debit Card,4,0
ORD003479,CUST0002,Mumbai,2023-02-10,Electronics,Laptop Stand,3,1299,0.15,3312.45,Credit Card,1,1
ORD003480,CUST0066,Pune,2024-01-15,Electronics,Wireless Earbuds,2,2499,0.0,4998.0,Cash on Delivery,5,0
ORD003481,CUST1465,Hyderabad,2023-11-02,Sports,Resistance Bands,2,499,0.0,998.0,Credit Card,5,0
ORD003482,CUST0379,Delhi,2023-01-06,Electronics,Webcam,2,2199,0.05,4178.1,Net Banking,5,0
ORD003483,CUST1023,Mumbai,2024-05-12,Electronics,Webcam,2,2199,0.05,4178.1,UPI,5,0
ORD003484,CUST1255,Hyderabad,2024-12-02,Home & Kitchen,Storage Box,4,299,0.0,1196.0,Credit Card,5,0
ORD003485,CUST0830,Lucknow,2023-10-16,Home & Kitchen,Knife Set,2,1299,0.05,2468.1,Cash on Delivery,4,0
ORD003486,CUST0242,Bangalore,2024-08-09,Books,Business Strategy,1,599,0.0,599.0,Net Banking,4,0
ORD003487,CUST1105,Ahmedabad,2023-04-03,Clothing,Denim Jeans,3,1299,0.05,3702.15,Net Banking,4,0
ORD003488,CUST0924,Pune,2023-04-24,Books,Data Science Guide,2,899,0.15,1528.3,Debit Card,4,0
ORD003489,CUST1111,Ahmedabad,2024-10-20,Beauty,Lip Balm Pack,1,199,0.0,199.0,Cash on Delivery,5,0
ORD003490,CUST1161,Bangalore,2023-11-03,Groceries,Mixed Nuts,1,599,0.05,569.05,Debit Card,3,0
ORD003491,CUST1465,Hyderabad,2023-10-10,Books,Python Programming,4,699,0.0,2796.0,UPI,5,0
ORD003492,CUST0873,Jaipur,2024-04-20,Electronics,Phone Charger,4,599,0.0,2396.0,Net Banking,4,0
ORD003493,CUST0507,Delhi,2023-02-02,Sports,Running Shoes,4,3499,0.05,13296.2,Debit Card,4,0
ORD003494,CUST1006,Bangalore,2024-09-30,Beauty,Hair Mask,3,399,0.0,1197.0,UPI,5,0
ORD003495,CUST0114,Delhi,2023-12-15,Home & Kitchen,Air Fryer,4,3999,0.0,15996.0,Cash on Delivery,3,0
ORD003496,CUST1352,Bangalore,2024-05-21,Home & Kitchen,Air Fryer,1,3999,0.2,3199.2,Cash on Delivery,5,0
ORD003497,CUST0193,Pune,2023-07-07,Clothing,Denim Jeans,3,1299,0.15,3312.45,Cash on Delivery,2,1
ORD003498,CUST0490,Hyderabad,2023-10-01,Clothing,Sneakers,3,2499,0.0,7497.0,Debit Card,2,0
ORD003499,CUST1224,Pune,2023-12-10,Groceries,Mixed Nuts,4,599,0.2,1916.8,Cash on Delivery,5,0
ORD003500,CUST0921,Ahmedabad,2024-08-06,Beauty,Lip Balm Pack,3,199,0.05,567.15,Credit Card,5,0
ORD003501,CUST0572,Bangalore,2024-07-02,Clothing,Formal Shirt,3,899,0.2,2157.6,Debit Card,4,0
ORD003502,CUST0721,Pune,2024-08-04,Home & Kitchen,Water Bottle,4,399,0.1,1436.4,Debit Card,2,0
ORD003503,CUST1293,Mumbai,2024-12-24,Clothing,Jacket,4,2999,0.15,10196.6,Credit Card,4,0
ORD003504,CUST0507,Delhi,2024-05-27,Electronics,Webcam,3,2199,0.0,6597.0,UPI,5,0
ORD003505,CUST1313,Lucknow,2024-02-05,Home & Kitchen,Storage Box,2,299,0.0,598.0,Debit Card,5,0
ORD003506,CUST0140,Chennai,2023-02-03,Groceries,Green Tea,1,299,0.2,239.2,Debit Card,4,0
ORD003507,CUST1172,Jaipur,2024-11-19,Home & Kitchen,Coffee Mug,1,249,0.0,249.0,UPI,4,0
ORD003508,CUST1273,Pune,2023-08-16,Home & Kitchen,Knife Set,1,1299,0.0,1299.0,Cash on Delivery,4,0
ORD003509,CUST0273,Hyderabad,2023-02-22,Groceries,Mixed Nuts,2,599,0.05,1138.1,Net Banking,4,0
ORD003510,CUST0648,Hyderabad,2024-10-29,Electronics,Webcam,4,2199,0.2,7036.8,UPI,5,0
ORD003511,CUST0256,Kolkata,2024-04-23,Home & Kitchen,Storage Box,4,299,0.2,956.8,Net Banking,3,0
ORD003512,CUST1080,Jaipur,2023-03-10,Beauty,Sunscreen SPF50,4,499,0.1,1796.4,UPI,4,0
ORD003513,CUST0808,Bangalore,2024-06-13,Books,Python Programming,3,699,0.2,1677.6,Cash on Delivery,5,0
ORD003514,CUST0990,Hyderabad,2024-05-01,Electronics,Wireless Earbuds,2,2499,0.05,4748.1,Debit Card,5,0
ORD003515,CUST0299,Hyderabad,2024-06-13,Sports,Yoga Mat,1,799,0.2,639.2,Credit Card,4,0
ORD003516,CUST0325,Delhi,2023-10-25,Books,Self Help,4,449,0.0,1796.0,UPI,5,0
ORD003517,CUST0070,Hyderabad,2023-02-07,Home & Kitchen,Knife Set,1,1299,0.0,1299.0,Debit Card,4,0
ORD003518,CUST0482,Lucknow,2024-06-05,Home & Kitchen,Storage Box,4,299,0.1,1076.4,Credit Card,4,0
ORD003519,CUST0848,Delhi,2023-08-05,Home & Kitchen,Knife Set,4,1299,0.15,4416.6,Credit Card,1,0
ORD003520,CUST1300,Kolkata,2023-07-07,Sports,Resistance Bands,2,499,0.15,848.3,Net Banking,4,0
ORD003521,CUST1025,Ahmedabad,2023-01-17,Sports,Running Shoes,1,3499,0.1,3149.1,Net Banking,5,0
ORD003522,CUST0659,Ahmedabad,2023-08-12,Sports,Gym Gloves,4,399,0.0,1596.0,UPI,4,0
ORD003523,CUST1434,Jaipur,2024-04-27,Books,Fiction Novel,1,299,0.05,284.05,Cash on Delivery,5,0
ORD003524,CUST1096,Chennai,2023-06-23,Home & Kitchen,Water Bottle,3,399,0.15,1017.45,Cash on Delivery,5,0
ORD003525,CUST1404,Mumbai,2023-01-25,Beauty,Body Lotion,4,349,0.05,1326.2,UPI,5,0
ORD003526,CUST0800,Delhi,2024-11-17,Beauty,Hair Mask,1,399,0.2,319.2,Cash on Delivery,5,0
ORD003527,CUST0398,Jaipur,2024-04-11,Clothing,Denim Jeans,1,1299,0.15,1104.15,Cash on Delivery,2,0
ORD003528,CUST0087,Pune,2024-03-29,Home & Kitchen,Air Fryer,4,3999,0.15,13596.6,Debit Card,1,1
ORD003529,CUST1104,Delhi,2023-06-16,Beauty,Face Serum,1,999,0.05,949.05,Credit Card,4,0
ORD003530,CUST0197,Hyderabad,2024-06-05,Home & Kitchen,Water Bottle,2,399,0.2,638.4,Credit Card,5,0
ORD003531,CUST0462,Pune,2023-05-03,Books,Fiction Novel,2,299,0.05,568.1,Net Banking,4,0
ORD003532,CUST0807,Pune,2023-08-27,Books,Business Strategy,2,599,0.2,958.4,Net Banking,4,0
ORD003533,CUST0854,Bangalore,2023-11-12,Books,Python Programming,4,699,0.2,2236.8,Debit Card,5,0
ORD003534,CUST0924,Pune,2023-01-31,Home & Kitchen,Coffee Mug,3,249,0.0,747.0,Cash on Delivery,4,0
ORD003535,CUST0257,Ahmedabad,2023-09-01,Sports,Resistance Bands,1,499,0.15,424.15,UPI,5,0
ORD003536,CUST0548,Jaipur,2023-10-17,Books,Fiction Novel,1,299,0.0,299.0,Cash on Delivery,4,0
ORD003537,CUST0951,Lucknow,2024-01-25,Sports,Water Jug,4,599,0.0,2396.0,Credit Card,4,0
ORD003538,CUST1456,Pune,2023-01-03,Sports,Running Shoes,4,3499,0.0,13996.0,Cash on Delivery,4,0
ORD003539,CUST1105,Ahmedabad,2024-07-28,Sports,Resistance Bands,3,499,0.0,1497.0,UPI,5,0
ORD003540,CUST1387,Jaipur,2023-05-31,Books,Data Science Guide,1,899,0.15,764.15,Credit Card,5,0
ORD003541,CUST1152,Kolkata,2024-04-27,Home & Kitchen,Coffee Mug,1,249,0.05,236.55,Credit Card,4,0
ORD003542,CUST0913,Jaipur,2023-08-16,Home & Kitchen,Knife Set,3,1299,0.15,3312.45,UPI,5,0
ORD003543,CUST0288,Mumbai,2024-01-24,Books,Fiction Novel,1,299,0.0,299.0,UPI,5,0
ORD003544,CUST1024,Pune,2024-10-31,Beauty,Body Lotion,2,349,0.2,558.4,UPI,4,0
ORD003545,CUST0967,Chennai,2023-02-17,Electronics,Phone Charger,4,599,0.2,1916.8,Credit Card,3,0
ORD003546,CUST0929,Kolkata,2023-11-02,Sports,Resistance Bands,4,499,0.15,1696.6,Debit Card,2,0
ORD003547,CUST0748,Delhi,2024-10-17,Electronics,Webcam,1,2199,0.1,1979.1,Credit Card,5,0
ORD003548,CUST0801,Mumbai,2024-06-25,Home & Kitchen,Water Bottle,4,399,0.0,1596.0,Net Banking,3,0
ORD003549,CUST0500,Ahmedabad,2023-11-03,Sports,Resistance Bands,3,499,0.2,1197.6,UPI,5,0
ORD003550,CUST0790,Mumbai,2023-05-31,Beauty,Face Serum,1,999,0.05,949.05,Cash on Delivery,4,0
ORD003551,CUST0302,Mumbai,2024-10-24,Groceries,Green Tea,2,299,0.15,508.3,UPI,4,0
ORD003552,CUST1210,Kolkata,2023-01-03,Electronics,Wireless Earbuds,4,2499,0.1,8996.4,Cash on Delivery,4,0
ORD003553,CUST0277,Lucknow,2023-04-23,Books,Python Programming,4,699,0.2,2236.8,Net Banking,3,0
ORD003554,CUST0138,Ahmedabad,2024-07-24,Home & Kitchen,Knife Set,2,1299,0.0,2598.0,Credit Card,2,1
ORD003555,CUST0660,Chennai,2023-02-28,Clothing,Jacket,1,2999,0.05,2849.05,Debit Card,5,0
ORD003556,CUST1016,Pune,2023-10-03,Home & Kitchen,Water Bottle,3,399,0.0,1197.0,Cash on Delivery,4,0
ORD003557,CUST0662,Bangalore,2024-06-18,Home & Kitchen,Water Bottle,3,399,0.0,1197.0,Net Banking,5,0
ORD003558,CUST0420,Pune,2023-10-30,Electronics,Wireless Earbuds,2,2499,0.0,4998.0,Debit Card,5,0
ORD003559,CUST0844,Delhi,2024-02-22,Groceries,Olive Oil,3,799,0.0,2397.0,Cash on Delivery,4,0
ORD003560,CUST0512,Bangalore,2024-01-08,Electronics,Phone Charger,2,599,0.05,1138.1,Debit Card,4,0
ORD003561,CUST1407,Hyderabad,2024-12-22,Sports,Running Shoes,4,3499,0.05,13296.2,Net Banking,2,0
ORD003562,CUST1387,Jaipur,2024-01-20,Electronics,Phone Charger,3,599,0.0,1797.0,UPI,4,0
ORD003563,CUST0766,Chennai,2024-12-16,Electronics,USB Hub,3,899,0.0,2697.0,UPI,5,0
ORD003564,CUST0490,Hyderabad,2024-01-12,Sports,Yoga Mat,4,799,0.2,2556.8,UPI,5,0
ORD003565,CUST1121,Lucknow,2024-02-14,Books,Python Programming,2,699,0.2,1118.4,UPI,5,0
ORD003566,CUST0056,Delhi,2023-12-27,Beauty,Body Lotion,2,349,0.0,698.0,Cash on Delivery,5,0
ORD003567,CUST0724,Pune,2024-01-14,Home & Kitchen,Knife Set,2,1299,0.1,2338.2,Net Banking,4,0
ORD003568,CUST0501,Bangalore,2023-08-25,Home & Kitchen,Water Bottle,2,399,0.0,798.0,Net Banking,4,0
ORD003569,CUST1383,Kolkata,2024-08-22,Home & Kitchen,Knife Set,4,1299,0.0,5196.0,UPI,2,1
ORD003570,CUST0021,Hyderabad,2023-02-21,Sports,Water Jug,2,599,0.0,1198.0,Debit Card,5,0
ORD003571,CUST0837,Lucknow,2023-06-19,Sports,Gym Gloves,4,399,0.0,1596.0,Cash on Delivery,5,0
ORD003572,CUST1123,Chennai,2024-03-02,Sports,Resistance Bands,1,499,0.05,474.05,Net Banking,4,0
ORD003573,CUST0738,Delhi,2023-07-13,Sports,Gym Gloves,4,399,0.0,1596.0,Net Banking,5,0
ORD003574,CUST0138,Ahmedabad,2024-09-09,Sports,Gym Gloves,2,399,0.1,718.2,Cash on Delivery,5,0
ORD003575,CUST1458,Mumbai,2024-07-20,Clothing,Denim Jeans,3,1299,0.2,3117.6,Net Banking,5,0
ORD003576,CUST0790,Mumbai,2024-05-22,Sports,Gym Gloves,4,399,0.15,1356.6,Debit Card,4,0
ORD003577,CUST0948,Hyderabad,2023-05-05,Groceries,Protein Bar Pack,1,699,0.0,699.0,Cash on Delivery,4,0
ORD003578,CUST0367,Mumbai,2023-09-10,Clothing,Cotton T-Shirt,3,499,0.1,1347.3,Debit Card,3,0
ORD003579,CUST0736,Jaipur,2024-09-05,Sports,Gym Gloves,2,399,0.2,638.4,Debit Card,3,0
ORD003580,CUST0646,Mumbai,2023-03-10,Home & Kitchen,Air Fryer,1,3999,0.0,3999.0,Credit Card,4,0
ORD003581,CUST0121,Delhi,2024-09-23,Books,Self Help,4,449,0.0,1796.0,Credit Card,5,0
ORD003582,CUST0175,Bangalore,2023-02-04,Beauty,Hair Mask,2,399,0.2,638.4,Cash on Delivery,5,0
ORD003583,CUST1251,Jaipur,2023-01-18,Electronics,Phone Charger,3,599,0.0,1797.0,Cash on Delivery,4,0
ORD003584,CUST0376,Jaipur,2024-07-10,Home & Kitchen,Storage Box,2,299,0.15,508.3,Credit Card,4,0
ORD003585,CUST0296,Kolkata,2023-12-02,Sports,Gym Gloves,4,399,0.15,1356.6,Net Banking,5,0
ORD003586,CUST0768,Hyderabad,2023-01-12,Groceries,Olive Oil,2,799,0.0,1598.0,Debit Card,4,0
ORD003587,CUST1159,Jaipur,2023-12-11,Electronics,Webcam,2,2199,0.0,4398.0,Credit Card,5,0
ORD003588,CUST0104,Chennai,2024-09-15,Sports,Water Jug,4,599,0.05,2276.2,Credit Card,5,0
ORD003589,CUST0885,Ahmedabad,2024-08-05,Sports,Running Shoes,4,3499,0.0,13996.0,Cash on Delivery,5,0
ORD003590,CUST0193,Pune,2024-06-30,Beauty,Face Serum,3,999,0.05,2847.15,Credit Card,3,0
ORD003591,CUST0056,Delhi,2024-10-05,Electronics,Laptop Stand,3,1299,0.0,3897.0,Net Banking,5,0
ORD003592,CUST0087,Pune,2024-06-22,Sports,Water Jug,4,599,0.0,2396.0,UPI,4,0
ORD003593,CUST1246,Hyderabad,2023-01-07,Home & Kitchen,Water Bottle,3,399,0.2,957.6,UPI,4,0
ORD003594,CUST0192,Delhi,2023-06-17,Home & Kitchen,Storage Box,1,299,0.15,254.15,Credit Card,4,0
ORD003595,CUST0074,Bangalore,2024-09-25,Books,Data Science Guide,4,899,0.15,3056.6,Net Banking,4,0
ORD003596,CUST0662,Bangalore,2024-05-16,Electronics,Wireless Earbuds,1,2499,0.05,2374.05,Debit Card,4,0
ORD003597,CUST1269,Mumbai,2023-08-20,Electronics,Laptop Stand,3,1299,0.0,3897.0,Cash on Delivery,4,0
ORD003598,CUST0402,Hyderabad,2024-12-12,Beauty,Sunscreen SPF50,1,499,0.0,499.0,Cash on Delivery,4,0
ORD003599,CUST0628,Kolkata,2023-07-23,Books,Fiction Novel,1,299,0.1,269.1,Debit Card,4,0
ORD003600,CUST0068,Pune,2023-11-02,Clothing,Sneakers,1,2499,0.0,2499.0,UPI,5,0
ORD003601,CUST0681,Lucknow,2024-04-04,Beauty,Hair Mask,3,399,0.2,957.6,Cash on Delivery,4,0
ORD003602,CUST0885,Ahmedabad,2023-01-27,Electronics,USB Hub,4,899,0.05,3416.2,Cash on Delivery,4,0
ORD003603,CUST0870,Hyderabad,2023-03-09,Home & Kitchen,Water Bottle,2,399,0.0,798.0,Credit Card,5,0
ORD003604,CUST0499,Jaipur,2023-03-20,Books,Self Help,4,449,0.0,1796.0,Cash on Delivery,5,0
ORD003605,CUST0476,Jaipur,2024-07-24,Electronics,Laptop Stand,1,1299,0.15,1104.15,UPI,5,0
ORD003606,CUST0177,Jaipur,2023-06-20,Electronics,Laptop Stand,2,1299,0.15,2208.3,Cash on Delivery,5,0
ORD003607,CUST0533,Jaipur,2024-01-28,Groceries,Basmati Rice 5kg,3,499,0.0,1497.0,UPI,3,0
ORD003608,CUST0160,Pune,2023-12-29,Electronics,Webcam,1,2199,0.1,1979.1,UPI,4,0
ORD003609,CUST1158,Jaipur,2023-04-08,Groceries,Green Tea,1,299,0.15,254.15,Net Banking,4,0
ORD003610,CUST1452,Hyderabad,2024-01-10,Groceries,Mixed Nuts,4,599,0.15,2036.6,Credit Card,4,0
ORD003611,CUST1456,Pune,2024-04-29,Home & Kitchen,Air Fryer,4,3999,0.2,12796.8,Cash on Delivery,1,1
ORD003612,CUST1308,Lucknow,2023-11-16,Clothing,Cotton T-Shirt,3,499,0.0,1497.0,UPI,3,0
ORD003613,CUST0924,Pune,2023-03-25,Electronics,Phone Charger,2,599,0.0,1198.0,Credit Card,5,0
ORD003614,CUST1070,Mumbai,2023-06-14,Books,Data Science Guide,4,899,0.05,3416.2,Credit Card,5,0
ORD003615,CUST0436,Mumbai,2024-07-11,Clothing,Jacket,3,2999,0.2,7197.6,UPI,4,0
ORD003616,CUST0980,Jaipur,2024-07-07,Books,Python Programming,4,699,0.1,2516.4,Debit Card,1,1
ORD003617,CUST0692,Mumbai,2023-10-17,Sports,Running Shoes,1,3499,0.05,3324.05,Cash on Delivery,5,0
ORD003618,CUST0736,Jaipur,2024-03-03,Clothing,Denim Jeans,2,1299,0.0,2598.0,Credit Card,3,0
ORD003619,CUST1149,Delhi,2023-09-27,Clothing,Jacket,4,2999,0.0,11996.0,Cash on Delivery,5,0
ORD003620,CUST0428,Chennai,2023-02-13,Sports,Yoga Mat,4,799,0.05,3036.2,Cash on Delivery,4,0
ORD003621,CUST0479,Kolkata,2023-06-22,Sports,Water Jug,1,599,0.1,539.1,Credit Card,2,0
ORD003622,CUST1389,Lucknow,2024-12-10,Sports,Gym Gloves,1,399,0.1,359.1,UPI,5,0
ORD003623,CUST0092,Lucknow,2023-07-24,Beauty,Sunscreen SPF50,1,499,0.0,499.0,Debit Card,5,0
ORD003624,CUST0741,Ahmedabad,2023-04-09,Beauty,Lip Balm Pack,4,199,0.0,796.0,UPI,4,0
ORD003625,CUST1371,Hyderabad,2023-06-16,Sports,Running Shoes,1,3499,0.0,3499.0,Debit Card,5,0
ORD003626,CUST0943,Mumbai,2024-11-02,Clothing,Cotton T-Shirt,1,499,0.1,449.1,UPI,4,0
ORD003627,CUST0823,Delhi,2023-11-18,Home & Kitchen,Water Bottle,2,399,0.0,798.0,Net Banking,4,0
ORD003628,CUST0389,Mumbai,2023-10-07,Books,Python Programming,4,699,0.05,2656.2,UPI,4,0
ORD003629,CUST0509,Chennai,2024-06-28,Groceries,Protein Bar Pack,1,699,0.2,559.2,Debit Card,5,0
ORD003630,CUST1282,Delhi,2023-03-07,Books,Data Science Guide,1,899,0.05,854.05,Credit Card,4,0
ORD003631,CUST0848,Delhi,2023-09-07,Beauty,Body Lotion,3,349,0.15,889.95,Net Banking,4,0
ORD003632,CUST0783,Delhi,2023-05-16,Beauty,Lip Balm Pack,4,199,0.05,756.2,Debit Card,5,0
ORD003633,CUST0160,Pune,2024-01-08,Clothing,Formal Shirt,4,899,0.0,3596.0,Credit Card,4,0
ORD003634,CUST0031,Pune,2024-07-01,Clothing,Sneakers,1,2499,0.15,2124.15,Debit Card,4,0
ORD003635,CUST1449,Mumbai,2023-08-10,Groceries,Protein Bar Pack,4,699,0.0,2796.0,Cash on Delivery,5,0
ORD003636,CUST0542,Jaipur,2023-02-23,Home & Kitchen,Air Fryer,3,3999,0.2,9597.6,Credit Card,4,0
ORD003637,CUST0932,Kolkata,2023-01-09,Home & Kitchen,Knife Set,2,1299,0.05,2468.1,Debit Card,4,0
ORD003638,CUST0127,Chennai,2024-10-10,Books,Fiction Novel,1,299,0.15,254.15,Credit Card,4,0
ORD003639,CUST1049,Kolkata,2023-08-10,Sports,Gym Gloves,1,399,0.0,399.0,Cash on Delivery,4,0
ORD003640,CUST1407,Hyderabad,2023-08-31,Electronics,Phone Charger,1,599,0.2,479.2,Debit Card,5,0
ORD003641,CUST0880,Bangalore,2023-09-26,Groceries,Olive Oil,1,799,0.1,719.1,Debit Card,4,0
ORD003642,CUST0200,Mumbai,2024-04-23,Beauty,Lip Balm Pack,3,199,0.1,537.3,UPI,5,0
ORD003643,CUST0893,Ahmedabad,2023-02-12,Clothing,Cotton T-Shirt,2,499,0.05,948.1,Net Banking,2,0
ORD003644,CUST1158,Jaipur,2024-05-19,Electronics,Phone Charger,4,599,0.0,2396.0,UPI,5,0
ORD003645,CUST0595,Chennai,2023-11-23,Groceries,Mixed Nuts,2,599,0.0,1198.0,Cash on Delivery,4,0
ORD003646,CUST1329,Kolkata,2023-08-19,Sports,Running Shoes,3,3499,0.0,10497.0,Credit Card,4,0
ORD003647,CUST1006,Bangalore,2024-07-15,Sports,Yoga Mat,1,799,0.15,679.15,UPI,4,0
ORD003648,CUST1355,Lucknow,2023-10-17,Books,Business Strategy,2,599,0.0,1198.0,Net Banking,5,0
ORD003649,CUST0967,Chennai,2024-12-03,Home & Kitchen,Water Bottle,2,399,0.1,718.2,Credit Card,4,0
ORD003650,CUST0211,Ahmedabad,2023-11-19,Home & Kitchen,Coffee Mug,4,249,0.0,996.0,Net Banking,5,0
ORD003651,CUST0470,Jaipur,2024-03-06,Electronics,Phone Charger,4,599,0.0,2396.0,UPI,5,0
ORD003652,CUST0306,Lucknow,2023-01-11,Sports,Water Jug,1,599,0.05,569.05,Debit Card,4,0
ORD003653,CUST1367,Pune,2023-05-15,Beauty,Lip Balm Pack,4,199,0.0,796.0,Credit Card,3,0
ORD003654,CUST1151,Pune,2023-03-14,Groceries,Green Tea,3,299,0.0,897.0,Debit Card,4,0
ORD003655,CUST1038,Jaipur,2023-08-24,Books,Python Programming,1,699,0.05,664.05,Credit Card,5,0
ORD003656,CUST0454,Hyderabad,2024-03-09,Home & Kitchen,Knife Set,1,1299,0.0,1299.0,Cash on Delivery,2,0
ORD003657,CUST0275,Hyderabad,2023-09-19,Electronics,USB Hub,2,899,0.0,1798.0,Debit Card,4,0
ORD003658,CUST1148,Bangalore,2024-03-28,Clothing,Jacket,3,2999,0.0,8997.0,Credit Card,4,0
ORD003659,CUST0721,Pune,2024-01-10,Books,Self Help,3,449,0.15,1144.95,UPI,4,0
ORD003660,CUST0352,Bangalore,2024-04-16,Books,Self Help,1,449,0.0,449.0,Credit Card,3,0
ORD003661,CUST0950,Pune,2023-11-04,Beauty,Body Lotion,4,349,0.05,1326.2,Net Banking,5,0
ORD003662,CUST0068,Pune,2024-02-02,Sports,Resistance Bands,4,499,0.0,1996.0,Cash on Delivery,5,0
ORD003663,CUST0489,Chennai,2024-09-13,Clothing,Denim Jeans,3,1299,0.15,3312.45,Cash on Delivery,4,0
ORD003664,CUST0717,Ahmedabad,2024-12-04,Home & Kitchen,Knife Set,1,1299,0.0,1299.0,Debit Card,4,0
ORD003665,CUST0236,Hyderabad,2023-04-01,Clothing,Sneakers,4,2499,0.2,7996.8,Debit Card,4,0
ORD003666,CUST1473,Mumbai,2023-07-10,Beauty,Face Serum,1,999,0.1,899.1,Cash on Delivery,3,0
ORD003667,CUST0317,Chennai,2023-08-11,Groceries,Protein Bar Pack,4,699,0.0,2796.0,Debit Card,3,0
ORD003668,CUST0208,Jaipur,2024-11-29,Books,Fiction Novel,4,299,0.0,1196.0,Cash on Delivery,3,0
ORD003669,CUST0309,Pune,2023-02-10,Beauty,Lip Balm Pack,3,199,0.0,597.0,Cash on Delivery,3,0
ORD003670,CUST1159,Jaipur,2023-06-17,Clothing,Formal Shirt,2,899,0.2,1438.4,Net Banking,5,0
ORD003671,CUST0633,Pune,2023-06-19,Home & Kitchen,Coffee Mug,2,249,0.0,498.0,Debit Card,4,0
ORD003672,CUST0859,Ahmedabad,2024-07-01,Sports,Resistance Bands,2,499,0.15,848.3,Debit Card,5,0
ORD003673,CUST0036,Delhi,2023-07-06,Electronics,Phone Charger,2,599,0.15,1018.3,Credit Card,1,1
ORD003674,CUST0055,Hyderabad,2023-06-29,Electronics,Laptop Stand,2,1299,0.0,2598.0,UPI,4,0
ORD003675,CUST0679,Delhi,2024-11-06,Clothing,Denim Jeans,3,1299,0.05,3702.15,Debit Card,2,0
ORD003676,CUST1226,Ahmedabad,2023-11-25,Sports,Yoga Mat,4,799,0.0,3196.0,UPI,5,0
ORD003677,CUST1335,Kolkata,2024-02-03,Beauty,Hair Mask,3,399,0.0,1197.0,UPI,2,0
ORD003678,CUST0140,Chennai,2024-07-18,Home & Kitchen,Coffee Mug,1,249,0.0,249.0,Credit Card,5,0
ORD003679,CUST0811,Ahmedabad,2023-10-19,Electronics,Wireless Earbuds,4,2499,0.2,7996.8,Debit Card,5,0
ORD003680,CUST1373,Ahmedabad,2024-03-18,Books,Data Science Guide,2,899,0.2,1438.4,Debit Card,5,0
ORD003681,CUST0560,Hyderabad,2024-04-23,Clothing,Sneakers,4,2499,0.05,9496.2,Credit Card,4,0
ORD003682,CUST1242,Lucknow,2024-02-16,Home & Kitchen,Coffee Mug,1,249,0.05,236.55,Net Banking,5,0
ORD003683,CUST0215,Lucknow,2024-07-25,Electronics,Laptop Stand,1,1299,0.0,1299.0,Debit Card,4,0
ORD003684,CUST1409,Kolkata,2023-11-17,Home & Kitchen,Air Fryer,3,3999,0.1,10797.3,Cash on Delivery,3,0
ORD003685,CUST1142,Mumbai,2023-10-22,Beauty,Hair Mask,2,399,0.15,678.3,Credit Card,3,0
ORD003686,CUST1420,Bangalore,2023-02-24,Books,Self Help,3,449,0.15,1144.95,Net Banking,3,0
ORD003687,CUST1038,Jaipur,2024-01-11,Groceries,Basmati Rice 5kg,4,499,0.05,1896.2,Net Banking,4,0
ORD003688,CUST0531,Hyderabad,2024-08-05,Home & Kitchen,Knife Set,2,1299,0.0,2598.0,Net Banking,5,0
ORD003689,CUST1416,Lucknow,2023-02-10,Beauty,Sunscreen SPF50,1,499,0.2,399.2,Net Banking,4,0
ORD003690,CUST0419,Ahmedabad,2024-02-18,Clothing,Jacket,3,2999,0.15,7647.45,UPI,5,0
ORD003691,CUST0499,Jaipur,2024-04-03,Home & Kitchen,Air Fryer,3,3999,0.1,10797.3,Cash on Delivery,4,0
ORD003692,CUST1070,Mumbai,2024-06-19,Home & Kitchen,Coffee Mug,2,249,0.0,498.0,Cash on Delivery,5,0
ORD003693,CUST1156,Jaipur,2024-08-11,Books,Fiction Novel,4,299,0.15,1016.6,UPI,5,0
ORD003694,CUST1400,Lucknow,2024-09-05,Beauty,Body Lotion,1,349,0.0,349.0,Cash on Delivery,5,0
ORD003695,CUST0314,Chennai,2023-11-18,Home & Kitchen,Air Fryer,3,3999,0.2,9597.6,Debit Card,1,1
ORD003696,CUST1198,Kolkata,2023-08-10,Clothing,Sneakers,4,2499,0.0,9996.0,Debit Card,3,0
ORD003697,CUST1122,Chennai,2023-05-14,Sports,Running Shoes,4,3499,0.0,13996.0,Cash on Delivery,3,0
ORD003698,CUST0105,Lucknow,2023-04-17,Sports,Gym Gloves,1,399,0.15,339.15,UPI,4,0
ORD003699,CUST0559,Ahmedabad,2023-01-17,Sports,Running Shoes,2,3499,0.0,6998.0,Net Banking,1,1
ORD003700,CUST0432,Jaipur,2024-08-28,Home & Kitchen,Water Bottle,2,399,0.0,798.0,UPI,5,0
ORD003701,CUST0464,Delhi,2024-10-14,Home & Kitchen,Storage Box,2,299,0.2,478.4,Net Banking,3,0
ORD003702,CUST1471,Mumbai,2024-06-09,Books,Self Help,4,449,0.0,1796.0,Cash on Delivery,5,0
ORD003703,CUST0999,Chennai,2024-06-22,Clothing,Denim Jeans,2,1299,0.05,2468.1,Net Banking,5,0
ORD003704,CUST1092,Lucknow,2024-02-02,Electronics,USB Hub,3,899,0.0,2697.0,Net Banking,4,0
ORD003705,CUST1465,Hyderabad,2023-09-19,Books,Python Programming,2,699,0.15,1188.3,UPI,4,0
ORD003706,CUST0543,Jaipur,2024-08-11,Home & Kitchen,Storage Box,4,299,0.15,1016.6,UPI,4,0
ORD003707,CUST1201,Mumbai,2024-03-14,Home & Kitchen,Air Fryer,3,3999,0.1,10797.3,Cash on Delivery,5,0
ORD003708,CUST0654,Bangalore,2024-11-25,Groceries,Green Tea,4,299,0.0,1196.0,Credit Card,4,0
ORD003709,CUST1313,Lucknow,2023-07-26,Beauty,Body Lotion,4,349,0.0,1396.0,Credit Card,4,0
ORD003710,CUST0273,Hyderabad,2023-05-25,Electronics,Webcam,1,2199,0.1,1979.1,Net Banking,4,0
ORD003711,CUST1428,Ahmedabad,2024-03-04,Home & Kitchen,Water Bottle,1,399,0.0,399.0,UPI,4,0
ORD003712,CUST0337,Bangalore,2023-12-05,Books,Self Help,4,449,0.0,1796.0,Cash on Delivery,4,0
ORD003713,CUST0489,Chennai,2024-01-03,Home & Kitchen,Storage Box,3,299,0.2,717.6,UPI,5,0
ORD003714,CUST1148,Bangalore,2024-03-17,Electronics,Phone Charger,3,599,0.05,1707.15,Credit Card,4,0
ORD003715,CUST0572,Bangalore,2024-06-17,Electronics,Laptop Stand,4,1299,0.0,5196.0,Net Banking,5,0
ORD003716,CUST0938,Chennai,2024-11-30,Beauty,Body Lotion,2,349,0.0,698.0,Net Banking,2,1
ORD003717,CUST0676,Delhi,2023-06-07,Groceries,Mixed Nuts,3,599,0.0,1797.0,UPI,3,0
ORD003718,CUST1124,Mumbai,2024-06-08,Beauty,Hair Mask,3,399,0.0,1197.0,Net Banking,4,0
ORD003719,CUST0358,Hyderabad,2023-07-26,Groceries,Basmati Rice 5kg,2,499,0.2,798.4,Net Banking,4,0
ORD003720,CUST0094,Hyderabad,2023-08-27,Sports,Water Jug,1,599,0.1,539.1,Net Banking,5,0
ORD003721,CUST0454,Hyderabad,2023-01-21,Beauty,Face Serum,1,999,0.05,949.05,Net Banking,5,0
ORD003722,CUST0721,Pune,2023-10-02,Clothing,Cotton T-Shirt,3,499,0.2,1197.6,Debit Card,3,0
ORD003723,CUST0258,Ahmedabad,2023-02-16,Sports,Water Jug,1,599,0.0,599.0,UPI,5,0
ORD003724,CUST0521,Lucknow,2024-09-15,Books,Python Programming,2,699,0.0,1398.0,UPI,5,0
ORD003725,CUST0578,Kolkata,2024-11-15,Books,Python Programming,2,699,0.0,1398.0,Cash on Delivery,4,0
ORD003726,CUST0093,Pune,2024-09-13,Beauty,Lip Balm Pack,1,199,0.2,159.2,Net Banking,4,0
ORD003727,CUST0895,Delhi,2023-10-07,Beauty,Body Lotion,4,349,0.0,1396.0,Debit Card,4,0
ORD003728,CUST1334,Ahmedabad,2024-01-07,Sports,Running Shoes,1,3499,0.0,3499.0,UPI,4,0
ORD003729,CUST0242,Bangalore,2023-02-13,Sports,Yoga Mat,3,799,0.0,2397.0,UPI,4,0
ORD003730,CUST0921,Ahmedabad,2024-06-05,Beauty,Lip Balm Pack,4,199,0.0,796.0,Credit Card,5,0
ORD003731,CUST1024,Pune,2024-10-16,Sports,Running Shoes,4,3499,0.15,11896.6,Cash on Delivery,5,0
ORD003732,CUST0622,Kolkata,2024-10-05,Groceries,Basmati Rice 5kg,3,499,0.1,1347.3,Credit Card,5,0
ORD003733,CUST1075,Pune,2024-09-23,Clothing,Sneakers,1,2499,0.0,2499.0,Debit Card,4,0
ORD003734,CUST0610,Kolkata,2023-12-29,Books,Python Programming,2,699,0.0,1398.0,Cash on Delivery,5,0
ORD003735,CUST0768,Hyderabad,2023-10-15,Beauty,Sunscreen SPF50,3,499,0.1,1347.3,Credit Card,5,0
ORD003736,CUST0012,Mumbai,2023-02-11,Home & Kitchen,Water Bottle,3,399,0.0,1197.0,Cash on Delivery,4,0
ORD003737,CUST1057,Mumbai,2023-10-20,Books,Self Help,4,449,0.05,1706.2,Net Banking,4,0
ORD003738,CUST1019,Lucknow,2024-11-03,Groceries,Green Tea,3,299,0.0,897.0,Cash on Delivery,4,0
ORD003739,CUST0063,Kolkata,2023-01-04,Home & Kitchen,Storage Box,2,299,0.0,598.0,Debit Card,4,0
ORD003740,CUST0533,Jaipur,2024-10-18,Beauty,Body Lotion,3,349,0.2,837.6,Net Banking,4,0
ORD003741,CUST1467,Jaipur,2024-08-07,Books,Fiction Novel,3,299,0.0,897.0,Debit Card,4,0
ORD003742,CUST0626,Mumbai,2023-02-01,Books,Data Science Guide,2,899,0.05,1708.1,UPI,5,0
ORD003743,CUST0764,Ahmedabad,2024-09-29,Books,Fiction Novel,4,299,0.15,1016.6,Debit Card,5,0
ORD003744,CUST1368,Delhi,2024-06-12,Home & Kitchen,Knife Set,4,1299,0.0,5196.0,Net Banking,4,0
ORD003745,CUST1091,Ahmedabad,2023-07-06,Clothing,Cotton T-Shirt,4,499,0.05,1896.2,Debit Card,5,0
ORD003746,CUST0893,Ahmedabad,2024-06-26,Books,Python Programming,3,699,0.0,2097.0,Credit Card,5,0
ORD003747,CUST1198,Kolkata,2023-05-31,Home & Kitchen,Coffee Mug,2,249,0.0,498.0,UPI,5,0
ORD003748,CUST1307,Pune,2024-09-29,Beauty,Hair Mask,3,399,0.05,1137.15,Credit Card,4,0
ORD003749,CUST0697,Pune,2024-04-16,Home & Kitchen,Water Bottle,2,399,0.0,798.0,Debit Card,5,0
ORD003750,CUST0724,Pune,2024-10-01,Books,Self Help,1,449,0.05,426.55,Cash on Delivery,4,0
ORD003751,CUST0555,Chennai,2024-04-27,Electronics,Phone Charger,2,599,0.0,1198.0,Cash on Delivery,5,0
ORD003752,CUST1453,Bangalore,2023-10-07,Electronics,Wireless Earbuds,4,2499,0.0,9996.0,Cash on Delivery,5,0
ORD003753,CUST1062,Hyderabad,2024-07-19,Books,Self Help,1,449,0.15,381.65,Net Banking,4,0
ORD003754,CUST0135,Chennai,2023-09-23,Home & Kitchen,Coffee Mug,3,249,0.15,634.95,Net Banking,2,0
ORD003755,CUST1306,Delhi,2024-08-30,Home & Kitchen,Storage Box,3,299,0.0,897.0,Cash on Delivery,4,0
ORD003756,CUST0733,Chennai,2024-04-08,Sports,Gym Gloves,1,399,0.2,319.2,Net Banking,5,0
ORD003757,CUST0114,Delhi,2023-03-08,Sports,Yoga Mat,3,799,0.1,2157.3,Cash on Delivery,4,0
ORD003758,CUST0829,Lucknow,2024-06-06,Electronics,Webcam,3,2199,0.0,6597.0,Net Banking,5,0
ORD003759,CUST0619,Lucknow,2023-09-27,Clothing,Sneakers,2,2499,0.1,4498.2,Net Banking,4,0
ORD003760,CUST1325,Delhi,2023-06-09,Home & Kitchen,Water Bottle,1,399,0.2,319.2,Net Banking,5,0
ORD003761,CUST0310,Chennai,2024-08-30,Home & Kitchen,Air Fryer,2,3999,0.0,7998.0,Credit Card,4,0
ORD003762,CUST1239,Ahmedabad,2023-12-08,Clothing,Cotton T-Shirt,1,499,0.15,424.15,Cash on Delivery,5,0
ORD003763,CUST0844,Delhi,2024-08-03,Beauty,Body Lotion,1,349,0.0,349.0,Cash on Delivery,5,0
ORD003764,CUST0089,Chennai,2023-05-18,Sports,Water Jug,1,599,0.1,539.1,Credit Card,5,0
ORD003765,CUST1458,Mumbai,2024-02-02,Books,Self Help,1,449,0.05,426.55,Cash on Delivery,5,0
ORD003766,CUST0780,Jaipur,2024-08-23,Electronics,Wireless Earbuds,1,2499,0.05,2374.05,Net Banking,3,0
ORD003767,CUST0445,Kolkata,2024-07-20,Beauty,Sunscreen SPF50,2,499,0.05,948.1,Debit Card,5,0
ORD003768,CUST0718,Lucknow,2023-11-08,Clothing,Formal Shirt,4,899,0.15,3056.6,Net Banking,5,0
ORD003769,CUST1300,Kolkata,2024-03-06,Electronics,Phone Charger,3,599,0.0,1797.0,Net Banking,4,0
ORD003770,CUST0465,Pune,2024-06-15,Sports,Gym Gloves,4,399,0.2,1276.8,Debit Card,5,0
ORD003771,CUST0290,Delhi,2024-04-01,Clothing,Formal Shirt,3,899,0.15,2292.45,Debit Card,1,0
ORD003772,CUST0204,Delhi,2024-11-04,Books,Python Programming,2,699,0.2,1118.4,Debit Card,5,0
ORD003773,CUST0451,Delhi,2024-10-09,Electronics,USB Hub,3,899,0.0,2697.0,UPI,2,0
ORD003774,CUST1176,Mumbai,2024-10-21,Home & Kitchen,Air Fryer,3,3999,0.0,11997.0,Net Banking,3,0
ORD003775,CUST0720,Kolkata,2023-10-08,Sports,Gym Gloves,2,399,0.1,718.2,UPI,5,0
ORD003776,CUST0356,Hyderabad,2024-06-05,Groceries,Basmati Rice 5kg,3,499,0.0,1497.0,Credit Card,4,0
ORD003777,CUST0257,Ahmedabad,2024-05-09,Electronics,USB Hub,1,899,0.0,899.0,Credit Card,5,0
ORD003778,CUST0499,Jaipur,2023-11-27,Beauty,Sunscreen SPF50,2,499,0.15,848.3,Debit Card,5,0
ORD003779,CUST1419,Mumbai,2023-11-29,Home & Kitchen,Coffee Mug,4,249,0.0,996.0,Net Banking,5,0
ORD003780,CUST0508,Hyderabad,2023-02-08,Beauty,Body Lotion,1,349,0.15,296.65,Net Banking,4,0
ORD003781,CUST1477,Lucknow,2023-02-24,Beauty,Lip Balm Pack,4,199,0.1,716.4,Debit Card,5,0
ORD003782,CUST0739,Hyderabad,2024-03-12,Clothing,Formal Shirt,3,899,0.0,2697.0,UPI,4,0
ORD003783,CUST0272,Bangalore,2023-08-26,Home & Kitchen,Knife Set,3,1299,0.0,3897.0,Net Banking,5,0
ORD003784,CUST1344,Ahmedabad,2023-01-23,Books,Self Help,3,449,0.2,1077.6,Debit Card,2,1
ORD003785,CUST0706,Ahmedabad,2024-05-25,Sports,Running Shoes,4,3499,0.0,13996.0,Debit Card,4,0
ORD003786,CUST1084,Bangalore,2024-05-25,Beauty,Face Serum,3,999,0.1,2697.3,Debit Card,4,0
ORD003787,CUST1472,Kolkata,2023-04-17,Sports,Resistance Bands,4,499,0.0,1996.0,Cash on Delivery,4,0
ORD003788,CUST0081,Jaipur,2024-08-01,Beauty,Sunscreen SPF50,1,499,0.0,499.0,UPI,5,0
ORD003789,CUST0156,Pune,2023-06-17,Sports,Running Shoes,3,3499,0.15,8922.45,Debit Card,5,0
ORD003790,CUST1099,Mumbai,2024-01-20,Clothing,Denim Jeans,3,1299,0.0,3897.0,UPI,5,0
ORD003791,CUST0428,Chennai,2023-09-18,Electronics,Webcam,3,2199,0.15,5607.45,Cash on Delivery,4,0
ORD003792,CUST0276,Mumbai,2023-08-01,Home & Kitchen,Knife Set,1,1299,0.05,1234.05,Net Banking,4,0
ORD003793,CUST0066,Pune,2023-06-30,Beauty,Lip Balm Pack,3,199,0.05,567.15,UPI,5,0
ORD003794,CUST0037,Delhi,2023-10-18,Books,Fiction Novel,3,299,0.1,807.3,Net Banking,5,0
ORD003795,CUST1167,Ahmedabad,2023-03-07,Groceries,Green Tea,1,299,0.05,284.05,UPI,4,0
ORD003796,CUST0217,Ahmedabad,2024-06-09,Electronics,Phone Charger,2,599,0.0,1198.0,Net Banking,5,0
ORD003797,CUST0716,Hyderabad,2023-10-21,Sports,Gym Gloves,1,399,0.15,339.15,Credit Card,5,0
ORD003798,CUST0933,Jaipur,2024-05-06,Clothing,Formal Shirt,3,899,0.15,2292.45,Credit Card,4,0
ORD003799,CUST0646,Mumbai,2024-07-29,Books,Fiction Novel,3,299,0.2,717.6,Net Banking,4,0
ORD003800,CUST0049,Delhi,2023-05-12,Beauty,Lip Balm Pack,3,199,0.0,597.0,Debit Card,4,0
ORD003801,CUST1181,Pune,2024-10-14,Sports,Water Jug,3,599,0.15,1527.45,Debit Card,5,0
ORD003802,CUST0013,Mumbai,2024-10-11,Beauty,Face Serum,2,999,0.05,1898.1,Credit Card,4,0
ORD003803,CUST1152,Kolkata,2023-07-11,Sports,Gym Gloves,4,399,0.15,1356.6,Debit Card,3,0
ORD003804,CUST1349,Kolkata,2023-05-07,Home & Kitchen,Knife Set,4,1299,0.05,4936.2,Net Banking,4,0
ORD003805,CUST0652,Bangalore,2023-01-02,Home & Kitchen,Knife Set,4,1299,0.0,5196.0,UPI,3,0
ORD003806,CUST0808,Bangalore,2023-06-28,Books,Self Help,2,449,0.0,898.0,Credit Card,5,0
ORD003807,CUST0726,Ahmedabad,2024-12-16,Clothing,Denim Jeans,2,1299,0.15,2208.3,UPI,5,0
ORD003808,CUST0561,Chennai,2023-08-02,Sports,Gym Gloves,1,399,0.0,399.0,Net Banking,5,0
ORD003809,CUST1336,Kolkata,2024-01-02,Sports,Resistance Bands,4,499,0.05,1896.2,Credit Card,5,0
ORD003810,CUST1349,Kolkata,2023-03-15,Electronics,Laptop Stand,4,1299,0.1,4676.4,UPI,4,0
ORD003811,CUST0500,Ahmedabad,2023-10-28,Groceries,Protein Bar Pack,1,699,0.0,699.0,Debit Card,1,1
ORD003812,CUST0949,Jaipur,2023-11-08,Beauty,Hair Mask,1,399,0.05,379.05,UPI,5,0
ORD003813,CUST1396,Pune,2024-01-21,Home & Kitchen,Storage Box,2,299,0.2,478.4,Credit Card,5,0
ORD003814,CUST1448,Mumbai,2023-05-12,Sports,Water Jug,2,599,0.05,1138.1,Credit Card,4,0
ORD003815,CUST0774,Bangalore,2024-10-20,Sports,Gym Gloves,3,399,0.15,1017.45,Cash on Delivery,4,0
ORD003816,CUST0685,Pune,2023-06-11,Books,Business Strategy,3,599,0.1,1617.3,Net Banking,5,0
ORD003817,CUST0422,Hyderabad,2023-09-27,Books,Self Help,4,449,0.2,1436.8,UPI,5,0
ORD003818,CUST1445,Hyderabad,2024-07-14,Sports,Yoga Mat,1,799,0.0,799.0,Debit Card,4,0
ORD003819,CUST0229,Mumbai,2023-08-02,Books,Business Strategy,3,599,0.0,1797.0,UPI,5,0
ORD003820,CUST0891,Jaipur,2024-02-13,Beauty,Hair Mask,3,399,0.1,1077.3,Debit Card,4,0
ORD003821,CUST0429,Delhi,2023-01-01,Sports,Gym Gloves,2,399,0.1,718.2,Debit Card,4,0
ORD003822,CUST0422,Hyderabad,2023-10-10,Clothing,Cotton T-Shirt,3,499,0.0,1497.0,Credit Card,4,0
ORD003823,CUST0585,Hyderabad,2023-07-22,Groceries,Protein Bar Pack,3,699,0.1,1887.3,Credit Card,3,0
ORD003824,CUST1500,Kolkata,2024-06-13,Electronics,USB Hub,4,899,0.1,3236.4,UPI,4,0
ORD003825,CUST0089,Chennai,2024-12-05,Clothing,Cotton T-Shirt,2,499,0.2,798.4,UPI,1,1
ORD003826,CUST0887,Ahmedabad,2024-10-28,Groceries,Olive Oil,4,799,0.05,3036.2,Credit Card,4,0
ORD003827,CUST0135,Chennai,2024-06-25,Sports,Resistance Bands,1,499,0.15,424.15,Cash on Delivery,5,0
ORD003828,CUST0243,Chennai,2024-12-14,Electronics,Wireless Earbuds,1,2499,0.15,2124.15,Debit Card,4,0
ORD003829,CUST0663,Lucknow,2023-03-28,Electronics,USB Hub,2,899,0.1,1618.2,Credit Card,4,0
ORD003830,CUST0777,Ahmedabad,2024-07-01,Groceries,Olive Oil,4,799,0.05,3036.2,Credit Card,4,0
ORD003831,CUST0397,Pune,2024-07-15,Beauty,Face Serum,4,999,0.2,3196.8,Credit Card,2,0
ORD003832,CUST0476,Jaipur,2023-11-05,Sports,Water Jug,3,599,0.05,1707.15,Net Banking,3,0
ORD003833,CUST0140,Chennai,2024-07-15,Beauty,Face Serum,4,999,0.15,3396.6,Credit Card,5,0
ORD003834,CUST0463,Kolkata,2023-03-15,Clothing,Sneakers,2,2499,0.0,4998.0,UPI,4,0
ORD003835,CUST1452,Hyderabad,2023-02-04,Clothing,Denim Jeans,1,1299,0.05,1234.05,Debit Card,2,1
ORD003836,CUST1425,Chennai,2024-12-08,Sports,Water Jug,3,599,0.15,1527.45,Credit Card,5,0
ORD003837,CUST0500,Ahmedabad,2023-10-23,Books,Business Strategy,2,599,0.0,1198.0,Credit Card,5,0
ORD003838,CUST0870,Hyderabad,2024-02-23,Groceries,Olive Oil,1,799,0.05,759.05,Credit Card,4,0
ORD003839,CUST1368,Delhi,2024-08-25,Groceries,Basmati Rice 5kg,3,499,0.0,1497.0,Credit Card,4,0
ORD003840,CUST0009,Delhi,2023-07-30,Electronics,Laptop Stand,4,1299,0.0,5196.0,Cash on Delivery,5,0
ORD003841,CUST1218,Delhi,2023-05-20,Clothing,Denim Jeans,2,1299,0.2,2078.4,Credit Card,4,0
ORD003842,CUST1428,Ahmedabad,2024-11-11,Groceries,Olive Oil,2,799,0.0,1598.0,UPI,3,0
ORD003843,CUST0147,Lucknow,2024-11-10,Home & Kitchen,Water Bottle,1,399,0.0,399.0,Credit Card,5,0
ORD003844,CUST0249,Delhi,2023-08-01,Beauty,Face Serum,1,999,0.2,799.2,UPI,4,0
ORD003845,CUST1447,Lucknow,2023-08-22,Clothing,Denim Jeans,1,1299,0.0,1299.0,UPI,5,0
ORD003846,CUST0811,Ahmedabad,2023-08-08,Clothing,Jacket,4,2999,0.0,11996.0,Cash on Delivery,3,0
ORD003847,CUST0026,Lucknow,2023-10-18,Groceries,Mixed Nuts,4,599,0.15,2036.6,Debit Card,4,0
ORD003848,CUST0397,Pune,2023-11-02,Groceries,Olive Oil,4,799,0.0,3196.0,Net Banking,5,0
ORD003849,CUST0681,Lucknow,2024-08-20,Beauty,Face Serum,2,999,0.0,1998.0,Net Banking,4,0
ORD003850,CUST1059,Delhi,2023-02-25,Clothing,Formal Shirt,2,899,0.15,1528.3,Cash on Delivery,5,0
ORD003851,CUST1115,Ahmedabad,2024-04-09,Groceries,Olive Oil,4,799,0.2,2556.8,Net Banking,5,0
ORD003852,CUST1492,Kolkata,2024-08-09,Books,Data Science Guide,3,899,0.15,2292.45,UPI,4,0
ORD003853,CUST0439,Bangalore,2023-08-26,Clothing,Jacket,4,2999,0.2,9596.8,Credit Card,4,0
ORD003854,CUST0811,Ahmedabad,2024-01-15,Groceries,Olive Oil,4,799,0.05,3036.2,Cash on Delivery,5,0
ORD003855,CUST0807,Pune,2024-02-04,Beauty,Face Serum,3,999,0.05,2847.15,UPI,5,0
ORD003856,CUST0592,Ahmedabad,2024-03-02,Beauty,Sunscreen SPF50,1,499,0.1,449.1,Credit Card,4,0
ORD003857,CUST0259,Hyderabad,2023-09-13,Groceries,Protein Bar Pack,3,699,0.0,2097.0,Cash on Delivery,4,0
ORD003858,CUST1465,Hyderabad,2024-03-28,Books,Business Strategy,2,599,0.0,1198.0,UPI,5,0
ORD003859,CUST1285,Pune,2023-11-22,Beauty,Lip Balm Pack,4,199,0.15,676.6,UPI,5,0
ORD003860,CUST0759,Pune,2024-10-11,Clothing,Jacket,4,2999,0.0,11996.0,Cash on Delivery,5,0
ORD003861,CUST0932,Kolkata,2023-10-24,Sports,Running Shoes,2,3499,0.0,6998.0,Net Banking,4,0
ORD003862,CUST0356,Hyderabad,2023-04-16,Home & Kitchen,Coffee Mug,2,249,0.0,498.0,Credit Card,4,0
ORD003863,CUST0816,Delhi,2024-10-02,Clothing,Sneakers,4,2499,0.0,9996.0,Debit Card,4,0
ORD003864,CUST1061,Chennai,2023-10-21,Groceries,Mixed Nuts,2,599,0.15,1018.3,UPI,4,0
ORD003865,CUST0786,Hyderabad,2024-08-14,Sports,Water Jug,2,599,0.15,1018.3,Net Banking,1,0
ORD003866,CUST1479,Lucknow,2024-08-02,Books,Fiction Novel,2,299,0.0,598.0,Debit Card,4,0
ORD003867,CUST0944,Jaipur,2023-04-09,Sports,Gym Gloves,1,399,0.05,379.05,Debit Card,4,0
ORD003868,CUST0536,Jaipur,2024-02-08,Books,Fiction Novel,1,299,0.0,299.0,Cash on Delivery,5,0
ORD003869,CUST1164,Chennai,2023-01-30,Books,Data Science Guide,4,899,0.0,3596.0,Net Banking,4,0
ORD003870,CUST0262,Bangalore,2024-01-24,Beauty,Sunscreen SPF50,4,499,0.0,1996.0,Credit Card,2,0
ORD003871,CUST0554,Ahmedabad,2024-05-08,Electronics,USB Hub,4,899,0.2,2876.8,Credit Card,5,0
ORD003872,CUST0512,Bangalore,2023-10-09,Sports,Resistance Bands,4,499,0.15,1696.6,Credit Card,4,0
ORD003873,CUST0649,Hyderabad,2023-07-21,Clothing,Cotton T-Shirt,3,499,0.05,1422.15,UPI,4,0
ORD003874,CUST1179,Delhi,2023-11-28,Beauty,Lip Balm Pack,4,199,0.0,796.0,Debit Card,5,0
ORD003875,CUST0738,Delhi,2024-12-20,Books,Fiction Novel,2,299,0.05,568.1,Net Banking,4,0
ORD003876,CUST1196,Ahmedabad,2023-05-23,Clothing,Denim Jeans,1,1299,0.05,1234.05,Cash on Delivery,5,0
ORD003877,CUST0882,Lucknow,2023-08-09,Beauty,Body Lotion,3,349,0.0,1047.0,Cash on Delivery,4,0
ORD003878,CUST0508,Hyderabad,2023-04-23,Groceries,Green Tea,1,299,0.15,254.15,Net Banking,3,0
ORD003879,CUST1215,Lucknow,2024-04-16,Books,Self Help,3,449,0.1,1212.3,Net Banking,3,0
ORD003880,CUST0368,Mumbai,2024-07-17,Home & Kitchen,Air Fryer,4,3999,0.15,13596.6,UPI,4,0
ORD003881,CUST0351,Jaipur,2023-04-18,Clothing,Jacket,1,2999,0.0,2999.0,Credit Card,5,0
ORD003882,CUST0768,Hyderabad,2024-02-15,Clothing,Formal Shirt,1,899,0.0,899.0,Debit Card,5,0
ORD003883,CUST0400,Lucknow,2024-08-22,Sports,Gym Gloves,3,399,0.15,1017.45,Debit Card,2,0
ORD003884,CUST0012,Mumbai,2023-08-09,Clothing,Denim Jeans,3,1299,0.0,3897.0,Net Banking,4,0
ORD003885,CUST1005,Ahmedabad,2023-10-08,Beauty,Lip Balm Pack,2,199,0.15,338.3,Credit Card,4,0
ORD003886,CUST0778,Chennai,2023-03-05,Groceries,Basmati Rice 5kg,3,499,0.0,1497.0,Net Banking,5,0
ORD003887,CUST0679,Delhi,2023-03-17,Home & Kitchen,Coffee Mug,2,249,0.0,498.0,Cash on Delivery,5,0
ORD003888,CUST1453,Bangalore,2023-10-17,Electronics,Wireless Earbuds,4,2499,0.0,9996.0,Cash on Delivery,4,0
ORD003889,CUST0870,Hyderabad,2023-11-16,Books,Python Programming,1,699,0.0,699.0,Debit Card,5,0
ORD003890,CUST1306,Delhi,2024-03-03,Electronics,Phone Charger,4,599,0.2,1916.8,Net Banking,5,0
ORD003891,CUST0224,Kolkata,2024-09-08,Sports,Yoga Mat,1,799,0.1,719.1,Credit Card,2,1
ORD003892,CUST0869,Lucknow,2023-12-04,Beauty,Sunscreen SPF50,3,499,0.1,1347.3,UPI,4,0
ORD003893,CUST1312,Chennai,2023-07-22,Clothing,Cotton T-Shirt,2,499,0.0,998.0,Net Banking,2,1
ORD003894,CUST0894,Ahmedabad,2024-08-28,Sports,Yoga Mat,4,799,0.2,2556.8,Cash on Delivery,3,0
ORD003895,CUST1092,Lucknow,2024-05-07,Home & Kitchen,Air Fryer,1,3999,0.0,3999.0,Credit Card,3,0
ORD003896,CUST0536,Jaipur,2023-05-19,Beauty,Lip Balm Pack,1,199,0.0,199.0,Credit Card,5,0
ORD003897,CUST0151,Bangalore,2023-11-07,Sports,Running Shoes,1,3499,0.0,3499.0,Credit Card,5,0
ORD003898,CUST0700,Kolkata,2023-04-05,Clothing,Jacket,1,2999,0.0,2999.0,Cash on Delivery,3,0
ORD003899,CUST0574,Kolkata,2024-05-11,Home & Kitchen,Storage Box,3,299,0.0,897.0,Credit Card,5,0
ORD003900,CUST1310,Delhi,2024-05-02,Beauty,Body Lotion,2,349,0.05,663.1,UPI,5,0
ORD003901,CUST0383,Pune,2024-03-14,Home & Kitchen,Knife Set,3,1299,0.2,3117.6,Credit Card,3,0
ORD003902,CUST1453,Bangalore,2024-10-14,Clothing,Jacket,1,2999,0.0,2999.0,Cash on Delivery,4,0
ORD003903,CUST1443,Chennai,2024-08-14,Electronics,Laptop Stand,1,1299,0.2,1039.2,Debit Card,5,0
ORD003904,CUST0386,Bangalore,2023-10-18,Clothing,Denim Jeans,1,1299,0.0,1299.0,Credit Card,5,0
ORD003905,CUST0513,Mumbai,2023-08-12,Books,Data Science Guide,1,899,0.0,899.0,Net Banking,4,0
ORD003906,CUST1351,Pune,2023-03-10,Sports,Water Jug,2,599,0.05,1138.1,UPI,4,0
ORD003907,CUST1453,Bangalore,2023-11-27,Beauty,Hair Mask,3,399,0.0,1197.0,Net Banking,3,0
ORD003908,CUST0676,Delhi,2023-05-23,Books,Business Strategy,1,599,0.0,599.0,UPI,5,0
ORD003909,CUST0481,Bangalore,2024-07-09,Home & Kitchen,Air Fryer,4,3999,0.1,14396.4,Cash on Delivery,4,0
ORD003910,CUST0799,Ahmedabad,2024-02-04,Groceries,Green Tea,3,299,0.05,852.15,Cash on Delivery,5,0
ORD003911,CUST1054,Pune,2023-02-01,Sports,Gym Gloves,2,399,0.0,798.0,Cash on Delivery,4,0
ORD003912,CUST0414,Kolkata,2023-12-23,Books,Business Strategy,4,599,0.05,2276.2,Net Banking,5,0
ORD003913,CUST1121,Lucknow,2024-05-31,Clothing,Formal Shirt,3,899,0.2,2157.6,Debit Card,4,0
ORD003914,CUST0083,Pune,2023-03-30,Beauty,Sunscreen SPF50,4,499,0.15,1696.6,Net Banking,4,0
ORD003915,CUST0081,Jaipur,2024-01-11,Home & Kitchen,Water Bottle,3,399,0.05,1137.15,Credit Card,1,1
ORD003916,CUST0556,Hyderabad,2023-10-29,Home & Kitchen,Air Fryer,1,3999,0.0,3999.0,UPI,5,0
ORD003917,CUST0519,Ahmedabad,2024-01-23,Electronics,Phone Charger,1,599,0.2,479.2,Net Banking,4,0
ORD003918,CUST0476,Jaipur,2024-12-18,Beauty,Sunscreen SPF50,3,499,0.0,1497.0,Credit Card,4,0
ORD003919,CUST0749,Chennai,2024-07-08,Electronics,Wireless Earbuds,4,2499,0.05,9496.2,UPI,4,0
ORD003920,CUST0481,Bangalore,2024-07-03,Beauty,Face Serum,4,999,0.0,3996.0,Net Banking,3,0
ORD003921,CUST0288,Mumbai,2023-04-24,Home & Kitchen,Water Bottle,2,399,0.1,718.2,Debit Card,3,0
ORD003922,CUST0470,Jaipur,2023-06-01,Clothing,Denim Jeans,2,1299,0.1,2338.2,Cash on Delivery,3,0
ORD003923,CUST1464,Jaipur,2023-10-12,Clothing,Formal Shirt,1,899,0.1,809.1,Debit Card,4,0
ORD003924,CUST0610,Kolkata,2024-08-28,Sports,Resistance Bands,3,499,0.1,1347.3,Credit Card,4,0
ORD003925,CUST0678,Hyderabad,2024-07-21,Electronics,USB Hub,1,899,0.0,899.0,Cash on Delivery,4,0
ORD003926,CUST0882,Lucknow,2023-04-15,Beauty,Face Serum,2,999,0.0,1998.0,Debit Card,5,0
ORD003927,CUST1472,Kolkata,2023-11-23,Groceries,Basmati Rice 5kg,3,499,0.0,1497.0,Net Banking,5,0
ORD003928,CUST0379,Delhi,2023-01-08,Clothing,Denim Jeans,2,1299,0.2,2078.4,Net Banking,5,0
ORD003929,CUST1046,Chennai,2024-07-23,Groceries,Basmati Rice 5kg,3,499,0.05,1422.15,Cash on Delivery,5,0
ORD003930,CUST1091,Ahmedabad,2023-05-11,Beauty,Lip Balm Pack,2,199,0.0,398.0,Credit Card,5,0
ORD003931,CUST0938,Chennai,2023-04-15,Beauty,Face Serum,1,999,0.0,999.0,UPI,5,0
ORD003932,CUST0141,Jaipur,2023-12-07,Clothing,Formal Shirt,1,899,0.1,809.1,Debit Card,5,0
ORD003933,CUST1041,Bangalore,2023-09-26,Beauty,Body Lotion,1,349,0.15,296.65,Cash on Delivery,4,0
ORD003934,CUST0107,Lucknow,2024-10-05,Home & Kitchen,Knife Set,3,1299,0.15,3312.45,Credit Card,3,0
ORD003935,CUST0919,Ahmedabad,2024-01-30,Clothing,Cotton T-Shirt,2,499,0.0,998.0,UPI,4,0
ORD003936,CUST1122,Chennai,2023-08-21,Home & Kitchen,Coffee Mug,1,249,0.15,211.65,Cash on Delivery,4,0
ORD003937,CUST0323,Lucknow,2023-08-16,Beauty,Face Serum,2,999,0.0,1998.0,Cash on Delivery,5,0
ORD003938,CUST1262,Bangalore,2024-02-17,Books,Self Help,3,449,0.0,1347.0,Credit Card,4,0
ORD003939,CUST0052,Lucknow,2024-05-19,Groceries,Mixed Nuts,3,599,0.0,1797.0,Cash on Delivery,5,0
ORD003940,CUST1269,Mumbai,2023-10-12,Sports,Running Shoes,1,3499,0.1,3149.1,Credit Card,3,0
ORD003941,CUST0706,Ahmedabad,2024-10-14,Beauty,Lip Balm Pack,4,199,0.1,716.4,Debit Card,2,1
ORD003942,CUST0332,Pune,2024-01-22,Sports,Gym Gloves,4,399,0.0,1596.0,UPI,2,1
ORD003943,CUST0215,Lucknow,2024-04-08,Home & Kitchen,Knife Set,2,1299,0.0,2598.0,UPI,5,0
ORD003944,CUST1437,Kolkata,2023-11-22,Home & Kitchen,Air Fryer,1,3999,0.05,3799.05,Net Banking,3,0
ORD003945,CUST0119,Kolkata,2024-07-27,Electronics,Phone Charger,4,599,0.15,2036.6,Cash on Delivery,2,0
ORD003946,CUST0305,Kolkata,2024-10-12,Electronics,Phone Charger,3,599,0.0,1797.0,Net Banking,1,1
ORD003947,CUST0513,Mumbai,2024-09-19,Books,Self Help,2,449,0.15,763.3,UPI,5,0
ORD003948,CUST0955,Hyderabad,2024-05-25,Groceries,Mixed Nuts,4,599,0.2,1916.8,Debit Card,5,0
ORD003949,CUST0818,Mumbai,2023-07-08,Groceries,Basmati Rice 5kg,3,499,0.15,1272.45,Debit Card,4,0
ORD003950,CUST0199,Hyderabad,2024-06-08,Groceries,Olive Oil,2,799,0.0,1598.0,Credit Card,1,1
ORD003951,CUST0442,Mumbai,2023-12-05,Home & Kitchen,Water Bottle,3,399,0.0,1197.0,Net Banking,4,0
ORD003952,CUST0368,Mumbai,2023-12-13,Sports,Yoga Mat,3,799,0.1,2157.3,UPI,4,0
ORD003953,CUST0325,Delhi,2023-06-28,Beauty,Body Lotion,1,349,0.05,331.55,Cash on Delivery,5,0
ORD003954,CUST0610,Kolkata,2023-10-12,Beauty,Lip Balm Pack,1,199,0.0,199.0,Net Banking,3,0
ORD003955,CUST1078,Bangalore,2024-11-03,Electronics,Phone Charger,2,599,0.0,1198.0,UPI,3,0
ORD003956,CUST0332,Pune,2023-07-05,Books,Fiction Novel,3,299,0.0,897.0,Credit Card,5,0
ORD003957,CUST0533,Jaipur,2024-02-01,Groceries,Green Tea,2,299,0.1,538.2,UPI,4,0
ORD003958,CUST0569,Jaipur,2023-07-08,Electronics,Phone Charger,4,599,0.05,2276.2,Cash on Delivery,5,0
ORD003959,CUST1465,Hyderabad,2023-04-12,Sports,Yoga Mat,4,799,0.0,3196.0,Debit Card,4,0
ORD003960,CUST1440,Lucknow,2023-11-06,Sports,Resistance Bands,2,499,0.0,998.0,Net Banking,3,0
ORD003961,CUST1199,Delhi,2024-12-01,Sports,Resistance Bands,1,499,0.0,499.0,Debit Card,4,0
ORD003962,CUST0379,Delhi,2023-01-06,Home & Kitchen,Knife Set,2,1299,0.05,2468.1,Debit Card,4,0
ORD003963,CUST0114,Delhi,2023-05-05,Beauty,Hair Mask,1,399,0.0,399.0,Cash on Delivery,5,0
ORD003964,CUST0476,Jaipur,2024-06-28,Clothing,Jacket,1,2999,0.0,2999.0,UPI,5,0
ORD003965,CUST0406,Mumbai,2024-03-04,Electronics,Phone Charger,2,599,0.0,1198.0,Cash on Delivery,3,0
ORD003966,CUST0770,Hyderabad,2023-09-07,Electronics,Wireless Earbuds,2,2499,0.15,4248.3,Cash on Delivery,4,0
ORD003967,CUST1172,Jaipur,2024-09-10,Clothing,Sneakers,4,2499,0.0,9996.0,Credit Card,2,1
ORD003968,CUST1300,Kolkata,2023-04-12,Clothing,Jacket,3,2999,0.05,8547.15,Debit Card,4,0
ORD003969,CUST1271,Hyderabad,2024-11-24,Beauty,Hair Mask,4,399,0.15,1356.6,Net Banking,4,0
ORD003970,CUST0525,Kolkata,2024-09-06,Electronics,Webcam,3,2199,0.0,6597.0,Net Banking,4,0
ORD003971,CUST1053,Kolkata,2023-01-01,Sports,Gym Gloves,2,399,0.0,798.0,UPI,4,0
ORD003972,CUST0472,Kolkata,2023-08-28,Books,Data Science Guide,2,899,0.15,1528.3,Net Banking,3,0
ORD003973,CUST0102,Jaipur,2024-07-01,Books,Self Help,4,449,0.2,1436.8,UPI,5,0
ORD003974,CUST1075,Pune,2023-10-22,Groceries,Protein Bar Pack,3,699,0.05,1992.15,Net Banking,5,0
ORD003975,CUST0013,Mumbai,2023-12-28,Electronics,Wireless Earbuds,3,2499,0.2,5997.6,Cash on Delivery,3,0
ORD003976,CUST0602,Ahmedabad,2024-04-07,Books,Python Programming,1,699,0.15,594.15,Net Banking,5,0
ORD003977,CUST0490,Hyderabad,2023-12-19,Home & Kitchen,Knife Set,3,1299,0.0,3897.0,Net Banking,3,0
ORD003978,CUST1060,Hyderabad,2023-01-28,Books,Self Help,1,449,0.0,449.0,Debit Card,5,0
ORD003979,CUST1158,Jaipur,2024-07-14,Sports,Yoga Mat,3,799,0.05,2277.15,Cash on Delivery,2,0
ORD003980,CUST0464,Delhi,2023-03-12,Electronics,Phone Charger,2,599,0.0,1198.0,Net Banking,5,0
ORD003981,CUST1219,Ahmedabad,2024-01-31,Home & Kitchen,Coffee Mug,4,249,0.0,996.0,Net Banking,5,0
ORD003982,CUST0446,Pune,2023-09-09,Books,Self Help,2,449,0.0,898.0,Debit Card,3,0
ORD003983,CUST0679,Delhi,2023-12-31,Books,Self Help,1,449,0.1,404.1,Credit Card,4,0
ORD003984,CUST1105,Ahmedabad,2024-10-13,Beauty,Sunscreen SPF50,4,499,0.2,1596.8,UPI,4,0
ORD003985,CUST1059,Delhi,2023-08-14,Books,Fiction Novel,3,299,0.05,852.15,Credit Card,5,0
ORD003986,CUST1477,Lucknow,2023-11-16,Electronics,USB Hub,2,899,0.1,1618.2,Credit Card,3,0
ORD003987,CUST0352,Bangalore,2023-12-11,Electronics,Phone Charger,4,599,0.2,1916.8,Debit Card,5,0
ORD003988,CUST1021,Hyderabad,2023-09-07,Sports,Gym Gloves,2,399,0.2,638.4,Credit Card,5,0
ORD003989,CUST0940,Delhi,2023-12-19,Clothing,Denim Jeans,3,1299,0.05,3702.15,Cash on Delivery,4,0
ORD003990,CUST1374,Hyderabad,2023-08-02,Beauty,Lip Balm Pack,4,199,0.1,716.4,Net Banking,3,0
ORD003991,CUST0246,Delhi,2024-05-17,Beauty,Body Lotion,3,349,0.0,1047.0,Debit Card,5,0
ORD003992,CUST1143,Chennai,2024-08-06,Beauty,Lip Balm Pack,4,199,0.0,796.0,Debit Card,2,0
ORD003993,CUST0865,Ahmedabad,2023-04-11,Sports,Resistance Bands,1,499,0.0,499.0,Credit Card,5,0
ORD003994,CUST0416,Ahmedabad,2024-12-18,Beauty,Lip Balm Pack,3,199,0.0,597.0,UPI,4,0
ORD003995,CUST0724,Pune,2023-08-14,Clothing,Sneakers,4,2499,0.2,7996.8,UPI,5,0
ORD003996,CUST0499,Jaipur,2023-10-14,Electronics,Phone Charger,4,599,0.0,2396.0,UPI,4,0
ORD003997,CUST0891,Jaipur,2024-01-10,Clothing,Denim Jeans,4,1299,0.2,4156.8,UPI,5,0
ORD003998,CUST1343,Bangalore,2023-09-24,Beauty,Lip Balm Pack,4,199,0.05,756.2,Cash on Delivery,4,0
ORD003999,CUST0869,Lucknow,2023-06-18,Groceries,Green Tea,4,299,0.0,1196.0,Cash on Delivery,4,0
ORD004000,CUST0982,Kolkata,2023-11-11,Groceries,Mixed Nuts,1,599,0.0,599.0,Debit Card,4,0
ORD004001,CUST0790,Mumbai,2023-05-13,Groceries,Basmati Rice 5kg,4,499,0.1,1796.4,Net Banking,5,0
ORD004002,CUST0082,Hyderabad,2023-04-23,Groceries,Protein Bar Pack,3,699,0.2,1677.6,Credit Card,3,0
ORD004003,CUST0365,Kolkata,2024-04-03,Beauty,Lip Balm Pack,2,199,0.2,318.4,Net Banking,5,0
ORD004004,CUST0750,Hyderabad,2023-11-24,Clothing,Jacket,2,2999,0.15,5098.3,Cash on Delivery,5,0
ORD004005,CUST0470,Jaipur,2024-12-02,Home & Kitchen,Coffee Mug,2,249,0.0,498.0,Debit Card,5,0
ORD004006,CUST0273,Hyderabad,2024-03-23,Electronics,Phone Charger,1,599,0.0,599.0,UPI,5,0
ORD004007,CUST0768,Hyderabad,2023-07-20,Electronics,Phone Charger,2,599,0.2,958.4,Net Banking,4,0
ORD004008,CUST0484,Chennai,2023-12-20,Home & Kitchen,Coffee Mug,1,249,0.0,249.0,Cash on Delivery,5,0
ORD004009,CUST0397,Pune,2024-06-16,Home & Kitchen,Water Bottle,3,399,0.0,1197.0,Credit Card,4,0
ORD004010,CUST0711,Pune,2024-10-27,Home & Kitchen,Air Fryer,2,3999,0.0,7998.0,Debit Card,5,0
ORD004011,CUST0213,Jaipur,2024-11-27,Electronics,USB Hub,4,899,0.1,3236.4,Debit Card,5,0
ORD004012,CUST1397,Mumbai,2024-10-22,Beauty,Sunscreen SPF50,2,499,0.05,948.1,Debit Card,5,0
ORD004013,CUST1310,Delhi,2023-03-07,Books,Python Programming,3,699,0.0,2097.0,Net Banking,5,0
ORD004014,CUST1081,Kolkata,2024-02-09,Home & Kitchen,Knife Set,4,1299,0.0,5196.0,Debit Card,3,0
ORD004015,CUST0175,Bangalore,2023-01-05,Books,Data Science Guide,4,899,0.0,3596.0,Debit Card,3,0
ORD004016,CUST1171,Kolkata,2023-02-20,Beauty,Sunscreen SPF50,1,499,0.2,399.2,Cash on Delivery,5,0
ORD004017,CUST1214,Kolkata,2024-02-02,Groceries,Green Tea,3,299,0.0,897.0,Cash on Delivery,5,0
ORD004018,CUST1158,Jaipur,2024-04-07,Clothing,Denim Jeans,2,1299,0.05,2468.1,Net Banking,5,0
ORD004019,CUST0186,Ahmedabad,2024-07-07,Electronics,Webcam,2,2199,0.15,3738.3,Net Banking,5,0
ORD004020,CUST1002,Chennai,2023-01-09,Books,Python Programming,2,699,0.05,1328.1,UPI,5,0
ORD004021,CUST1246,Hyderabad,2023-05-17,Sports,Running Shoes,4,3499,0.1,12596.4,Net Banking,1,0
ORD004022,CUST0885,Ahmedabad,2023-07-12,Groceries,Green Tea,1,299,0.0,299.0,Cash on Delivery,3,0
ORD004023,CUST1004,Lucknow,2023-02-21,Groceries,Basmati Rice 5kg,2,499,0.0,998.0,Credit Card,5,0
ORD004024,CUST0701,Bangalore,2024-02-05,Electronics,Wireless Earbuds,3,2499,0.0,7497.0,UPI,3,0
ORD004025,CUST0801,Mumbai,2023-02-19,Beauty,Body Lotion,1,349,0.1,314.1,Cash on Delivery,4,0
ORD004026,CUST0054,Lucknow,2023-09-19,Books,Fiction Novel,1,299,0.0,299.0,Credit Card,5,0
ORD004027,CUST0994,Delhi,2023-03-07,Groceries,Basmati Rice 5kg,3,499,0.0,1497.0,Net Banking,4,0
ORD004028,CUST0128,Jaipur,2023-08-07,Sports,Running Shoes,1,3499,0.15,2974.15,Debit Card,5,0
ORD004029,CUST0658,Hyderabad,2024-10-23,Sports,Yoga Mat,3,799,0.1,2157.3,UPI,4,0
ORD004030,CUST0446,Pune,2023-02-21,Home & Kitchen,Storage Box,3,299,0.1,807.3,Cash on Delivery,3,0
ORD004031,CUST0821,Lucknow,2024-06-12,Books,Python Programming,1,699,0.05,664.05,Net Banking,5,0
ORD004032,CUST0215,Lucknow,2024-04-06,Groceries,Protein Bar Pack,1,699,0.05,664.05,Credit Card,4,0
ORD004033,CUST1057,Mumbai,2024-04-18,Electronics,Webcam,1,2199,0.0,2199.0,Credit Card,5,0
ORD004034,CUST1196,Ahmedabad,2024-12-19,Home & Kitchen,Coffee Mug,2,249,0.05,473.1,Credit Card,3,0
ORD004035,CUST0252,Mumbai,2024-06-13,Electronics,USB Hub,4,899,0.05,3416.2,Credit Card,5,0
ORD004036,CUST0171,Bangalore,2024-01-30,Electronics,Webcam,4,2199,0.2,7036.8,Cash on Delivery,4,0
ORD004037,CUST0231,Mumbai,2023-07-23,Books,Fiction Novel,2,299,0.15,508.3,Credit Card,3,0
ORD004038,CUST1325,Delhi,2023-01-29,Home & Kitchen,Air Fryer,3,3999,0.2,9597.6,Cash on Delivery,4,0
ORD004039,CUST0800,Delhi,2024-01-01,Clothing,Formal Shirt,2,899,0.0,1798.0,Credit Card,5,0
ORD004040,CUST0716,Hyderabad,2024-03-26,Sports,Running Shoes,4,3499,0.0,13996.0,Cash on Delivery,5,0
ORD004041,CUST0177,Jaipur,2023-09-11,Groceries,Olive Oil,3,799,0.0,2397.0,Cash on Delivery,4,0
ORD004042,CUST1007,Ahmedabad,2023-06-13,Beauty,Body Lotion,2,349,0.0,698.0,Debit Card,4,0
ORD004043,CUST1312,Chennai,2024-07-26,Electronics,Laptop Stand,4,1299,0.0,5196.0,Cash on Delivery,2,0
ORD004044,CUST1241,Hyderabad,2024-07-15,Beauty,Hair Mask,4,399,0.05,1516.2,Debit Card,4,0
ORD004045,CUST0971,Kolkata,2024-06-11,Electronics,Phone Charger,1,599,0.0,599.0,Debit Card,4,0
ORD004046,CUST0121,Delhi,2024-01-29,Beauty,Lip Balm Pack,2,199,0.05,378.1,Cash on Delivery,4,0
ORD004047,CUST0184,Kolkata,2023-03-13,Beauty,Sunscreen SPF50,3,499,0.0,1497.0,Credit Card,5,0
ORD004048,CUST0081,Jaipur,2024-06-14,Clothing,Formal Shirt,2,899,0.2,1438.4,UPI,4,0
ORD004049,CUST0397,Pune,2024-07-11,Home & Kitchen,Air Fryer,2,3999,0.0,7998.0,Debit Card,4,0
ORD004050,CUST0219,Ahmedabad,2023-01-09,Electronics,Webcam,4,2199,0.0,8796.0,Debit Card,5,0
ORD004051,CUST0399,Kolkata,2024-05-01,Sports,Resistance Bands,4,499,0.2,1596.8,Credit Card,4,0
ORD004052,CUST0555,Chennai,2023-11-23,Electronics,Webcam,3,2199,0.0,6597.0,Net Banking,3,0
ORD004053,CUST1425,Chennai,2023-01-02,Books,Fiction Novel,4,299,0.0,1196.0,Credit Card,5,0
ORD004054,CUST0943,Mumbai,2023-03-16,Electronics,Laptop Stand,1,1299,0.0,1299.0,UPI,2,1
ORD004055,CUST1249,Hyderabad,2023-10-25,Clothing,Denim Jeans,3,1299,0.15,3312.45,Credit Card,4,0
ORD004056,CUST1085,Bangalore,2023-04-07,Groceries,Protein Bar Pack,4,699,0.05,2656.2,Net Banking,5,0
ORD004057,CUST0184,Kolkata,2024-01-21,Electronics,Webcam,4,2199,0.0,8796.0,Cash on Delivery,4,0
ORD004058,CUST1118,Kolkata,2024-04-11,Home & Kitchen,Storage Box,4,299,0.05,1136.2,Credit Card,4,0
ORD004059,CUST0419,Ahmedabad,2023-08-29,Sports,Gym Gloves,4,399,0.1,1436.4,UPI,3,0
ORD004060,CUST0994,Delhi,2023-06-15,Electronics,Wireless Earbuds,3,2499,0.0,7497.0,UPI,5,0
ORD004061,CUST0507,Delhi,2024-04-14,Clothing,Sneakers,3,2499,0.0,7497.0,Debit Card,5,0
ORD004062,CUST1497,Kolkata,2023-09-22,Clothing,Cotton T-Shirt,1,499,0.2,399.2,Cash on Delivery,4,0
ORD004063,CUST0403,Bangalore,2024-01-06,Books,Python Programming,4,699,0.0,2796.0,Net Banking,5,0
ORD004064,CUST0422,Hyderabad,2023-04-27,Books,Data Science Guide,4,899,0.0,3596.0,Cash on Delivery,4,0
ORD004065,CUST1404,Mumbai,2024-12-19,Electronics,Wireless Earbuds,3,2499,0.0,7497.0,Credit Card,3,0
ORD004066,CUST0044,Mumbai,2023-02-01,Home & Kitchen,Water Bottle,4,399,0.0,1596.0,Debit Card,4,0
ORD004067,CUST1062,Hyderabad,2023-09-25,Home & Kitchen,Storage Box,2,299,0.15,508.3,UPI,5,0
ORD004068,CUST1104,Delhi,2023-11-23,Sports,Water Jug,2,599,0.0,1198.0,Cash on Delivery,4,0
ORD004069,CUST1249,Hyderabad,2023-04-02,Books,Data Science Guide,3,899,0.05,2562.15,Credit Card,5,0
ORD004070,CUST1464,Jaipur,2024-08-06,Groceries,Green Tea,4,299,0.05,1136.2,UPI,3,0
ORD004071,CUST1465,Hyderabad,2024-02-01,Home & Kitchen,Water Bottle,4,399,0.15,1356.6,Debit Card,5,0
ORD004072,CUST0108,Kolkata,2023-04-04,Beauty,Sunscreen SPF50,1,499,0.0,499.0,Net Banking,5,0
ORD004073,CUST1231,Pune,2024-01-09,Books,Data Science Guide,4,899,0.05,3416.2,Cash on Delivery,3,0
ORD004074,CUST1004,Lucknow,2023-12-08,Clothing,Formal Shirt,4,899,0.1,3236.4,Cash on Delivery,4,0
ORD004075,CUST1005,Ahmedabad,2023-01-03,Clothing,Sneakers,2,2499,0.0,4998.0,Debit Card,2,1
ORD004076,CUST0204,Delhi,2023-02-20,Electronics,Webcam,4,2199,0.15,7476.6,Net Banking,3,0
ORD004077,CUST1008,Jaipur,2024-08-26,Beauty,Face Serum,3,999,0.0,2997.0,UPI,1,0
ORD004078,CUST1470,Kolkata,2024-02-15,Clothing,Denim Jeans,4,1299,0.0,5196.0,Debit Card,5,0
ORD004079,CUST1371,Hyderabad,2023-11-24,Books,Python Programming,2,699,0.0,1398.0,Debit Card,5,0
ORD004080,CUST0663,Lucknow,2023-01-14,Home & Kitchen,Coffee Mug,2,249,0.2,398.4,Credit Card,3,0
ORD004081,CUST0068,Pune,2024-09-01,Electronics,Wireless Earbuds,1,2499,0.1,2249.1,Credit Card,4,0
ORD004082,CUST0530,Kolkata,2023-01-04,Sports,Water Jug,1,599,0.15,509.15,UPI,5,0
ORD004083,CUST1239,Ahmedabad,2024-06-23,Beauty,Body Lotion,1,349,0.0,349.0,Debit Card,5,0
ORD004084,CUST1075,Pune,2024-07-10,Groceries,Mixed Nuts,1,599,0.0,599.0,Cash on Delivery,5,0
ORD004085,CUST0706,Ahmedabad,2023-08-24,Beauty,Sunscreen SPF50,1,499,0.1,449.1,Debit Card,2,1
ORD004086,CUST0089,Chennai,2023-04-01,Books,Self Help,4,449,0.05,1706.2,Net Banking,4,0
ORD004087,CUST0639,Ahmedabad,2023-03-26,Home & Kitchen,Water Bottle,1,399,0.1,359.1,Debit Card,3,0
ORD004088,CUST0717,Ahmedabad,2024-08-08,Books,Self Help,1,449,0.0,449.0,Net Banking,4,0
ORD004089,CUST1399,Bangalore,2023-01-04,Books,Business Strategy,4,599,0.2,1916.8,Debit Card,5,0
ORD004090,CUST0997,Pune,2024-11-28,Electronics,Wireless Earbuds,1,2499,0.0,2499.0,Debit Card,4,0
ORD004091,CUST0472,Kolkata,2024-09-19,Books,Data Science Guide,1,899,0.2,719.2,Debit Card,4,0
ORD004092,CUST0798,Bangalore,2023-04-07,Sports,Water Jug,3,599,0.0,1797.0,Credit Card,4,0
ORD004093,CUST0113,Ahmedabad,2024-03-08,Books,Business Strategy,2,599,0.15,1018.3,Net Banking,5,0
ORD004094,CUST1460,Kolkata,2023-04-17,Home & Kitchen,Storage Box,1,299,0.2,239.2,Net Banking,4,0
ORD004095,CUST0525,Kolkata,2024-05-22,Home & Kitchen,Knife Set,1,1299,0.1,1169.1,Debit Card,4,0
ORD004096,CUST0728,Pune,2023-08-30,Books,Fiction Novel,2,299,0.05,568.1,Cash on Delivery,4,0
ORD004097,CUST0522,Hyderabad,2024-11-01,Books,Business Strategy,1,599,0.0,599.0,Debit Card,4,0
ORD004098,CUST1049,Kolkata,2023-06-12,Home & Kitchen,Knife Set,2,1299,0.1,2338.2,Net Banking,3,0
ORD004099,CUST1021,Hyderabad,2024-12-17,Home & Kitchen,Knife Set,1,1299,0.1,1169.1,Net Banking,5,0
ORD004100,CUST1091,Ahmedabad,2023-11-29,Books,Self Help,1,449,0.05,426.55,Cash on Delivery,3,0
ORD004101,CUST0409,Kolkata,2023-10-26,Books,Fiction Novel,1,299,0.05,284.05,Debit Card,4,0
ORD004102,CUST0476,Jaipur,2023-11-28,Beauty,Hair Mask,1,399,0.0,399.0,Net Banking,4,0
ORD004103,CUST0199,Hyderabad,2023-11-27,Home & Kitchen,Knife Set,2,1299,0.05,2468.1,Net Banking,5,0
ORD004104,CUST1013,Jaipur,2023-07-12,Home & Kitchen,Storage Box,1,299,0.1,269.1,UPI,5,0
ORD004105,CUST0068,Pune,2023-01-31,Books,Fiction Novel,1,299,0.0,299.0,UPI,5,0
ORD004106,CUST0921,Ahmedabad,2024-02-01,Electronics,Laptop Stand,1,1299,0.2,1039.2,Cash on Delivery,4,0
ORD004107,CUST1313,Lucknow,2023-05-23,Sports,Resistance Bands,1,499,0.2,399.2,UPI,4,0
ORD004108,CUST1344,Ahmedabad,2023-04-06,Beauty,Lip Balm Pack,3,199,0.2,477.6,Net Banking,4,0
ORD004109,CUST0681,Lucknow,2024-03-14,Electronics,Wireless Earbuds,3,2499,0.1,6747.3,UPI,2,0
ORD004110,CUST0706,Ahmedabad,2024-09-09,Beauty,Face Serum,1,999,0.15,849.15,UPI,3,0
ORD004111,CUST0122,Kolkata,2024-05-18,Sports,Resistance Bands,4,499,0.1,1796.4,Net Banking,4,0
ORD004112,CUST1028,Bangalore,2023-05-25,Electronics,Phone Charger,1,599,0.2,479.2,Credit Card,4,0
ORD004113,CUST1231,Pune,2024-10-10,Electronics,Wireless Earbuds,2,2499,0.0,4998.0,Net Banking,1,0
ORD004114,CUST0384,Lucknow,2023-06-25,Beauty,Face Serum,4,999,0.0,3996.0,Credit Card,4,0
ORD004115,CUST0628,Kolkata,2023-07-05,Home & Kitchen,Coffee Mug,3,249,0.0,747.0,Debit Card,3,0
ORD004116,CUST1255,Hyderabad,2023-05-02,Home & Kitchen,Coffee Mug,2,249,0.2,398.4,Credit Card,5,0
ORD004117,CUST1325,Delhi,2024-05-25,Home & Kitchen,Water Bottle,1,399,0.0,399.0,Credit Card,5,0
ORD004118,CUST0382,Mumbai,2024-10-28,Clothing,Formal Shirt,2,899,0.05,1708.1,Debit Card,5,0
ORD004119,CUST0830,Lucknow,2023-09-02,Groceries,Green Tea,4,299,0.0,1196.0,UPI,4,0
ORD004120,CUST0289,Jaipur,2024-12-07,Electronics,USB Hub,4,899,0.2,2876.8,UPI,3,0
ORD004121,CUST0164,Hyderabad,2024-11-25,Groceries,Protein Bar Pack,3,699,0.05,1992.15,Net Banking,5,0
ORD004122,CUST1371,Hyderabad,2024-05-19,Groceries,Basmati Rice 5kg,4,499,0.1,1796.4,UPI,5,0
ORD004123,CUST1231,Pune,2023-08-13,Books,Business Strategy,3,599,0.0,1797.0,Credit Card,4,0
ORD004124,CUST1150,Chennai,2024-07-03,Groceries,Protein Bar Pack,4,699,0.1,2516.4,Net Banking,5,0
ORD004125,CUST0077,Bangalore,2023-10-02,Groceries,Green Tea,2,299,0.15,508.3,UPI,4,0
ORD004126,CUST1269,Mumbai,2024-07-14,Sports,Resistance Bands,3,499,0.15,1272.45,Debit Card,5,0
ORD004127,CUST0662,Bangalore,2024-03-20,Beauty,Lip Balm Pack,4,199,0.0,796.0,UPI,5,0
ORD004128,CUST0508,Hyderabad,2023-01-31,Sports,Running Shoes,2,3499,0.0,6998.0,Net Banking,5,0
ORD004129,CUST0823,Delhi,2024-06-04,Home & Kitchen,Storage Box,4,299,0.0,1196.0,UPI,5,0
ORD004130,CUST0147,Lucknow,2024-09-16,Clothing,Denim Jeans,4,1299,0.2,4156.8,UPI,4,0
ORD004131,CUST1148,Bangalore,2024-12-08,Groceries,Olive Oil,4,799,0.1,2876.4,Cash on Delivery,4,0
ORD004132,CUST0893,Ahmedabad,2023-11-09,Electronics,USB Hub,1,899,0.2,719.2,Credit Card,4,0
ORD004133,CUST0278,Jaipur,2023-10-03,Groceries,Basmati Rice 5kg,2,499,0.1,898.2,Debit Card,4,0
ORD004134,CUST0280,Pune,2023-07-21,Books,Python Programming,1,699,0.05,664.05,Cash on Delivery,4,0
ORD004135,CUST0276,Mumbai,2024-04-23,Beauty,Sunscreen SPF50,1,499,0.15,424.15,Net Banking,4,0
ORD004136,CUST0093,Pune,2024-10-12,Clothing,Jacket,3,2999,0.0,8997.0,UPI,5,0
ORD004137,CUST0906,Lucknow,2023-01-30,Books,Python Programming,2,699,0.1,1258.2,Cash on Delivery,2,1
ORD004138,CUST1258,Lucknow,2024-11-23,Groceries,Basmati Rice 5kg,3,499,0.0,1497.0,Credit Card,3,0
ORD004139,CUST0034,Hyderabad,2023-07-09,Groceries,Mixed Nuts,1,599,0.15,509.15,Credit Card,5,0
ORD004140,CUST0077,Bangalore,2023-03-08,Groceries,Olive Oil,3,799,0.0,2397.0,Net Banking,3,0
ORD004141,CUST0872,Delhi,2023-08-18,Sports,Running Shoes,2,3499,0.2,5598.4,Cash on Delivery,5,0
ORD004142,CUST1229,Pune,2023-04-13,Beauty,Hair Mask,2,399,0.0,798.0,Debit Card,3,0
ORD004143,CUST0489,Chennai,2023-06-20,Books,Business Strategy,1,599,0.0,599.0,Debit Card,4,0
ORD004144,CUST0514,Mumbai,2024-03-20,Home & Kitchen,Storage Box,2,299,0.1,538.2,Net Banking,5,0
ORD004145,CUST0921,Ahmedabad,2023-02-22,Clothing,Formal Shirt,1,899,0.15,764.15,Net Banking,4,0
ORD004146,CUST0415,Mumbai,2024-11-24,Clothing,Jacket,2,2999,0.1,5398.2,UPI,4,0
ORD004147,CUST0048,Kolkata,2024-03-17,Groceries,Basmati Rice 5kg,3,499,0.15,1272.45,Cash on Delivery,5,0
ORD004148,CUST1118,Kolkata,2023-04-07,Beauty,Face Serum,2,999,0.0,1998.0,UPI,2,0
ORD004149,CUST0971,Kolkata,2024-12-01,Groceries,Mixed Nuts,3,599,0.2,1437.6,Net Banking,4,0
ORD004150,CUST0892,Jaipur,2024-04-30,Books,Python Programming,4,699,0.0,2796.0,Credit Card,3,0
ORD004151,CUST1124,Mumbai,2024-03-28,Home & Kitchen,Knife Set,2,1299,0.0,2598.0,Credit Card,4,0
ORD004152,CUST1036,Ahmedabad,2023-11-22,Beauty,Sunscreen SPF50,1,499,0.15,424.15,UPI,5,0
ORD004153,CUST0314,Chennai,2023-04-14,Home & Kitchen,Water Bottle,4,399,0.0,1596.0,Net Banking,3,0
ORD004154,CUST0519,Ahmedabad,2023-05-02,Electronics,Webcam,3,2199,0.1,5937.3,Net Banking,4,0
ORD004155,CUST0200,Mumbai,2024-09-28,Home & Kitchen,Water Bottle,1,399,0.1,359.1,Net Banking,5,0
ORD004156,CUST0205,Mumbai,2024-03-17,Sports,Resistance Bands,1,499,0.1,449.1,Debit Card,4,0
ORD004157,CUST1038,Jaipur,2024-03-22,Sports,Gym Gloves,3,399,0.0,1197.0,Credit Card,5,0
ORD004158,CUST1300,Kolkata,2023-12-04,Groceries,Mixed Nuts,1,599,0.15,509.15,Cash on Delivery,5,0
ORD004159,CUST1449,Mumbai,2024-12-21,Sports,Resistance Bands,2,499,0.15,848.3,Net Banking,5,0
ORD004160,CUST0973,Hyderabad,2023-08-09,Clothing,Cotton T-Shirt,2,499,0.2,798.4,Debit Card,4,0
ORD004161,CUST0275,Hyderabad,2024-05-29,Beauty,Body Lotion,1,349,0.0,349.0,Credit Card,4,0
ORD004162,CUST0174,Jaipur,2023-05-29,Books,Business Strategy,2,599,0.0,1198.0,Debit Card,4,0
ORD004163,CUST1221,Kolkata,2024-11-26,Home & Kitchen,Storage Box,3,299,0.0,897.0,Debit Card,3,0
ORD004164,CUST0887,Ahmedabad,2023-09-19,Beauty,Sunscreen SPF50,1,499,0.0,499.0,UPI,3,0
ORD004165,CUST0954,Mumbai,2024-04-22,Beauty,Hair Mask,4,399,0.05,1516.2,Cash on Delivery,3,0
ORD004166,CUST1177,Chennai,2024-08-27,Electronics,Wireless Earbuds,3,2499,0.0,7497.0,UPI,1,1
ORD004167,CUST1076,Pune,2023-11-03,Clothing,Cotton T-Shirt,2,499,0.15,848.3,Cash on Delivery,4,0
ORD004168,CUST1246,Hyderabad,2024-12-03,Groceries,Olive Oil,1,799,0.0,799.0,Debit Card,5,0
ORD004169,CUST0092,Lucknow,2023-05-02,Books,Fiction Novel,4,299,0.05,1136.2,Credit Card,5,0
ORD004170,CUST1137,Hyderabad,2024-11-30,Groceries,Basmati Rice 5kg,4,499,0.0,1996.0,Net Banking,4,0
ORD004171,CUST1280,Jaipur,2023-12-14,Sports,Resistance Bands,4,499,0.2,1596.8,Net Banking,5,0
ORD004172,CUST0438,Chennai,2024-03-13,Clothing,Denim Jeans,1,1299,0.2,1039.2,Cash on Delivery,3,0
ORD004173,CUST0997,Pune,2024-09-25,Electronics,Wireless Earbuds,4,2499,0.0,9996.0,Credit Card,3,0
ORD004174,CUST0474,Kolkata,2024-08-03,Sports,Gym Gloves,2,399,0.05,758.1,UPI,5,0
ORD004175,CUST1443,Chennai,2024-05-10,Home & Kitchen,Water Bottle,4,399,0.05,1516.2,Credit Card,3,0
ORD004176,CUST0054,Lucknow,2023-01-02,Groceries,Olive Oil,4,799,0.05,3036.2,UPI,4,0
ORD004177,CUST0891,Jaipur,2023-07-21,Groceries,Green Tea,1,299,0.0,299.0,Credit Card,2,1
ORD004178,CUST0257,Ahmedabad,2024-10-23,Electronics,Phone Charger,1,599,0.0,599.0,Cash on Delivery,4,0
ORD004179,CUST1086,Delhi,2024-09-19,Clothing,Jacket,4,2999,0.1,10796.4,UPI,2,1
ORD004180,CUST0267,Ahmedabad,2024-08-31,Books,Business Strategy,1,599,0.0,599.0,Net Banking,4,0
ORD004181,CUST0367,Mumbai,2024-10-26,Home & Kitchen,Knife Set,1,1299,0.0,1299.0,UPI,5,0
ORD004182,CUST0752,Hyderabad,2024-02-22,Electronics,Webcam,2,2199,0.0,4398.0,Net Banking,5,0
ORD004183,CUST1374,Hyderabad,2023-03-12,Books,Business Strategy,3,599,0.15,1527.45,Debit Card,4,0
ORD004184,CUST0325,Delhi,2023-03-19,Clothing,Sneakers,1,2499,0.0,2499.0,Cash on Delivery,5,0
ORD004185,CUST0230,Delhi,2023-03-15,Books,Data Science Guide,4,899,0.0,3596.0,Credit Card,2,0
ORD004186,CUST1150,Chennai,2023-03-03,Clothing,Denim Jeans,3,1299,0.05,3702.15,UPI,3,0
ORD004187,CUST0760,Kolkata,2023-08-29,Clothing,Denim Jeans,1,1299,0.0,1299.0,Cash on Delivery,4,0
ORD004188,CUST1371,Hyderabad,2023-02-02,Clothing,Formal Shirt,2,899,0.0,1798.0,Debit Card,5,0
ORD004189,CUST0233,Pune,2023-05-05,Books,Python Programming,4,699,0.1,2516.4,Net Banking,5,0
ORD004190,CUST1003,Lucknow,2024-07-04,Clothing,Sneakers,1,2499,0.0,2499.0,Credit Card,4,0
ORD004191,CUST0365,Kolkata,2024-01-25,Books,Self Help,2,449,0.15,763.3,Net Banking,5,0
ORD004192,CUST0246,Delhi,2024-05-12,Books,Fiction Novel,3,299,0.15,762.45,Debit Card,4,0
ORD004193,CUST1049,Kolkata,2023-05-13,Electronics,Wireless Earbuds,1,2499,0.0,2499.0,Credit Card,3,0
ORD004194,CUST0918,Kolkata,2024-04-12,Beauty,Face Serum,4,999,0.0,3996.0,Debit Card,3,0
ORD004195,CUST1147,Pune,2023-01-29,Groceries,Green Tea,3,299,0.2,717.6,Cash on Delivery,5,0
ORD004196,CUST0470,Jaipur,2023-07-04,Beauty,Body Lotion,3,349,0.0,1047.0,Credit Card,4,0
ORD004197,CUST0680,Chennai,2023-04-23,Sports,Running Shoes,1,3499,0.2,2799.2,Cash on Delivery,5,0
ORD004198,CUST0592,Ahmedabad,2024-10-20,Beauty,Face Serum,3,999,0.2,2397.6,UPI,4,0
ORD004199,CUST1472,Kolkata,2024-09-23,Groceries,Protein Bar Pack,4,699,0.0,2796.0,UPI,4,0
ORD004200,CUST0446,Pune,2024-03-14,Home & Kitchen,Air Fryer,2,3999,0.05,7598.1,Debit Card,4,0
ORD004201,CUST0447,Pune,2024-11-22,Home & Kitchen,Knife Set,1,1299,0.15,1104.15,Net Banking,4,0
ORD004202,CUST0520,Kolkata,2024-08-21,Beauty,Sunscreen SPF50,4,499,0.0,1996.0,Credit Card,4,0
ORD004203,CUST0854,Bangalore,2024-03-27,Clothing,Sneakers,4,2499,0.2,7996.8,Credit Card,4,0
ORD004204,CUST0391,Pune,2024-04-14,Groceries,Mixed Nuts,4,599,0.0,2396.0,Cash on Delivery,3,0
ORD004205,CUST1376,Pune,2023-10-21,Beauty,Body Lotion,4,349,0.15,1186.6,Credit Card,5,0
ORD004206,CUST0406,Mumbai,2024-11-02,Clothing,Denim Jeans,2,1299,0.15,2208.3,UPI,5,0
ORD004207,CUST1351,Pune,2023-11-01,Books,Self Help,1,449,0.0,449.0,Net Banking,5,0
ORD004208,CUST0166,Delhi,2023-08-12,Clothing,Sneakers,4,2499,0.0,9996.0,Credit Card,1,0
ORD004209,CUST1015,Ahmedabad,2023-04-10,Electronics,Laptop Stand,4,1299,0.2,4156.8,Debit Card,5,0
ORD004210,CUST1364,Chennai,2023-10-30,Books,Python Programming,3,699,0.0,2097.0,Credit Card,4,0
ORD004211,CUST0259,Hyderabad,2024-03-01,Sports,Water Jug,4,599,0.0,2396.0,Credit Card,4,0
ORD004212,CUST1454,Chennai,2024-01-22,Beauty,Hair Mask,4,399,0.0,1596.0,Cash on Delivery,4,0
ORD004213,CUST0686,Jaipur,2023-08-10,Home & Kitchen,Coffee Mug,4,249,0.0,996.0,Cash on Delivery,4,0
ORD004214,CUST1426,Ahmedabad,2023-10-12,Beauty,Sunscreen SPF50,1,499,0.0,499.0,Net Banking,4,0
ORD004215,CUST1041,Bangalore,2023-08-21,Books,Fiction Novel,2,299,0.05,568.1,Credit Card,5,0
ORD004216,CUST0456,Mumbai,2023-05-29,Beauty,Hair Mask,2,399,0.15,678.3,Cash on Delivery,5,0
ORD004217,CUST0280,Pune,2024-01-28,Electronics,Phone Charger,4,599,0.0,2396.0,Debit Card,4,0
ORD004218,CUST0463,Kolkata,2023-02-21,Groceries,Basmati Rice 5kg,1,499,0.0,499.0,Debit Card,4,0
ORD004219,CUST0151,Bangalore,2024-04-07,Sports,Yoga Mat,1,799,0.1,719.1,Cash on Delivery,3,0
ORD004220,CUST0230,Delhi,2024-06-15,Clothing,Formal Shirt,4,899,0.0,3596.0,Credit Card,3,0
ORD004221,CUST0171,Bangalore,2024-08-20,Sports,Yoga Mat,4,799,0.15,2716.6,Net Banking,5,0
ORD004222,CUST0631,Ahmedabad,2024-11-24,Books,Python Programming,4,699,0.0,2796.0,Cash on Delivery,4,0
ORD004223,CUST1197,Chennai,2024-08-13,Books,Fiction Novel,3,299,0.2,717.6,UPI,4,0
ORD004224,CUST0227,Kolkata,2024-09-06,Sports,Gym Gloves,4,399,0.1,1436.4,Debit Card,2,1
ORD004225,CUST0208,Jaipur,2023-10-13,Electronics,Laptop Stand,1,1299,0.0,1299.0,Net Banking,4,0
ORD004226,CUST0999,Chennai,2024-06-13,Beauty,Hair Mask,4,399,0.0,1596.0,Cash on Delivery,5,0
ORD004227,CUST0300,Lucknow,2024-03-19,Sports,Gym Gloves,1,399,0.0,399.0,UPI,2,1
ORD004228,CUST0157,Ahmedabad,2023-07-24,Home & Kitchen,Water Bottle,1,399,0.05,379.05,Debit Card,5,0
ORD004229,CUST0257,Ahmedabad,2023-12-27,Sports,Water Jug,3,599,0.2,1437.6,Debit Card,4,0
ORD004230,CUST1389,Lucknow,2024-09-03,Books,Self Help,1,449,0.05,426.55,Net Banking,4,0
ORD004231,CUST1231,Pune,2024-08-10,Clothing,Sneakers,1,2499,0.0,2499.0,Debit Card,5,0
ORD004232,CUST0519,Ahmedabad,2024-06-27,Sports,Gym Gloves,1,399,0.05,379.05,Debit Card,5,0
ORD004233,CUST1013,Jaipur,2023-08-01,Books,Python Programming,1,699,0.2,559.2,Credit Card,5,0
ORD004234,CUST0811,Ahmedabad,2023-12-23,Home & Kitchen,Air Fryer,4,3999,0.05,15196.2,Debit Card,3,0
ORD004235,CUST1041,Bangalore,2024-12-08,Electronics,Laptop Stand,2,1299,0.2,2078.4,Credit Card,3,0
ORD004236,CUST1049,Kolkata,2024-09-20,Beauty,Sunscreen SPF50,1,499,0.05,474.05,UPI,5,0
ORD004237,CUST0973,Hyderabad,2023-02-16,Groceries,Green Tea,1,299,0.2,239.2,Cash on Delivery,4,0
ORD004238,CUST0406,Mumbai,2024-11-19,Beauty,Face Serum,2,999,0.05,1898.1,UPI,3,0
ORD004239,CUST0064,Chennai,2023-12-07,Books,Business Strategy,3,599,0.1,1617.3,UPI,4,0
ORD004240,CUST0692,Mumbai,2024-09-04,Books,Self Help,2,449,0.15,763.3,Cash on Delivery,5,0
ORD004241,CUST1344,Ahmedabad,2023-10-13,Beauty,Face Serum,2,999,0.05,1898.1,Debit Card,5,0
ORD004242,CUST0869,Lucknow,2023-12-17,Sports,Resistance Bands,2,499,0.0,998.0,UPI,3,0
ORD004243,CUST1244,Mumbai,2024-07-25,Electronics,Webcam,2,2199,0.0,4398.0,Credit Card,5,0
ORD004244,CUST1481,Kolkata,2024-03-07,Books,Business Strategy,4,599,0.2,1916.8,Credit Card,5,0
ORD004245,CUST0253,Delhi,2023-02-08,Beauty,Sunscreen SPF50,2,499,0.05,948.1,Cash on Delivery,3,0
ORD004246,CUST1057,Mumbai,2023-09-22,Home & Kitchen,Water Bottle,3,399,0.0,1197.0,Debit Card,3,0
ORD004247,CUST1032,Jaipur,2023-08-28,Books,Fiction Novel,3,299,0.0,897.0,Net Banking,3,0
ORD004248,CUST1469,Delhi,2024-04-26,Clothing,Cotton T-Shirt,2,499,0.0,998.0,Cash on Delivery,4,0
ORD004249,CUST1473,Mumbai,2024-08-24,Books,Business Strategy,1,599,0.15,509.15,UPI,4,0
ORD004250,CUST1053,Kolkata,2024-10-06,Groceries,Green Tea,4,299,0.0,1196.0,Credit Card,4,0
ORD004251,CUST0382,Mumbai,2023-04-21,Sports,Gym Gloves,2,399,0.15,678.3,Debit Card,4,0
ORD004252,CUST1198,Kolkata,2024-06-04,Groceries,Basmati Rice 5kg,4,499,0.05,1896.2,Debit Card,2,0
ORD004253,CUST0177,Jaipur,2024-04-08,Sports,Water Jug,2,599,0.05,1138.1,Credit Card,1,0
ORD004254,CUST1177,Chennai,2024-12-24,Home & Kitchen,Water Bottle,3,399,0.0,1197.0,UPI,5,0
ORD004255,CUST1368,Delhi,2023-10-04,Clothing,Denim Jeans,2,1299,0.15,2208.3,Cash on Delivery,3,0
ORD004256,CUST0552,Bangalore,2024-11-20,Sports,Resistance Bands,1,499,0.05,474.05,Debit Card,5,0
ORD004257,CUST0980,Jaipur,2023-11-12,Books,Data Science Guide,4,899,0.0,3596.0,Credit Card,5,0
ORD004258,CUST0648,Hyderabad,2023-10-02,Sports,Yoga Mat,3,799,0.0,2397.0,Cash on Delivery,3,0
ORD004259,CUST0662,Bangalore,2024-11-15,Beauty,Hair Mask,2,399,0.15,678.3,Debit Card,2,0
ORD004260,CUST0470,Jaipur,2024-09-07,Beauty,Hair Mask,1,399,0.15,339.15,Net Banking,4,0
ORD004261,CUST1152,Kolkata,2024-06-11,Groceries,Basmati Rice 5kg,1,499,0.15,424.15,Credit Card,4,0
ORD004262,CUST1410,Ahmedabad,2024-09-19,Groceries,Protein Bar Pack,3,699,0.0,2097.0,UPI,5,0
ORD004263,CUST1420,Bangalore,2023-07-17,Electronics,USB Hub,4,899,0.0,3596.0,Cash on Delivery,5,0
ORD004264,CUST0266,Chennai,2023-02-09,Books,Python Programming,2,699,0.05,1328.1,Debit Card,4,0
ORD004265,CUST1323,Lucknow,2024-10-10,Groceries,Mixed Nuts,1,599,0.15,509.15,Cash on Delivery,5,0
ORD004266,CUST1121,Lucknow,2023-03-19,Beauty,Sunscreen SPF50,4,499,0.2,1596.8,Credit Card,5,0
ORD004267,CUST0391,Pune,2023-11-24,Electronics,Phone Charger,3,599,0.05,1707.15,Debit Card,5,0
ORD004268,CUST0113,Ahmedabad,2024-10-11,Books,Fiction Novel,2,299,0.0,598.0,Debit Card,5,0
ORD004269,CUST0409,Kolkata,2024-08-20,Home & Kitchen,Knife Set,4,1299,0.05,4936.2,Net Banking,5,0
ORD004270,CUST1371,Hyderabad,2023-12-22,Sports,Resistance Bands,2,499,0.1,898.2,Cash on Delivery,4,0
ORD004271,CUST0985,Hyderabad,2023-03-08,Home & Kitchen,Air Fryer,3,3999,0.0,11997.0,Cash on Delivery,5,0
ORD004272,CUST1102,Jaipur,2024-09-28,Beauty,Sunscreen SPF50,1,499,0.2,399.2,UPI,5,0
ORD004273,CUST0396,Delhi,2023-01-03,Clothing,Formal Shirt,2,899,0.0,1798.0,Debit Card,4,0
ORD004274,CUST1099,Mumbai,2023-07-15,Sports,Resistance Bands,3,499,0.05,1422.15,UPI,4,0
ORD004275,CUST0051,Chennai,2023-09-21,Books,Fiction Novel,2,299,0.0,598.0,UPI,4,0
ORD004276,CUST0541,Ahmedabad,2024-09-18,Electronics,Webcam,4,2199,0.05,8356.2,Credit Card,4,0
ORD004277,CUST0972,Delhi,2023-10-22,Sports,Water Jug,3,599,0.2,1437.6,Debit Card,3,0
ORD004278,CUST0232,Kolkata,2024-09-27,Books,Fiction Novel,2,299,0.05,568.1,Cash on Delivery,5,0
ORD004279,CUST1237,Hyderabad,2023-10-03,Groceries,Mixed Nuts,1,599,0.05,569.05,Credit Card,4,0
ORD004280,CUST0367,Mumbai,2024-07-26,Sports,Running Shoes,2,3499,0.2,5598.4,Cash on Delivery,5,0
ORD004281,CUST1012,Jaipur,2023-10-06,Beauty,Body Lotion,3,349,0.1,942.3,Net Banking,5,0
ORD004282,CUST0592,Ahmedabad,2024-03-13,Beauty,Face Serum,2,999,0.1,1798.2,Cash on Delivery,5,0
ORD004283,CUST0919,Ahmedabad,2023-08-03,Beauty,Lip Balm Pack,3,199,0.0,597.0,Credit Card,4,0
ORD004284,CUST0178,Lucknow,2023-02-15,Beauty,Lip Balm Pack,4,199,0.0,796.0,Credit Card,4,0
ORD004285,CUST0034,Hyderabad,2023-02-08,Beauty,Body Lotion,2,349,0.0,698.0,Cash on Delivery,5,0
ORD004286,CUST1368,Delhi,2024-06-04,Groceries,Mixed Nuts,2,599,0.1,1078.2,Debit Card,5,0
ORD004287,CUST0412,Bangalore,2024-01-22,Groceries,Mixed Nuts,4,599,0.15,2036.6,Net Banking,4,0
ORD004288,CUST1229,Pune,2023-01-17,Home & Kitchen,Knife Set,3,1299,0.05,3702.15,Credit Card,4,0
ORD004289,CUST1500,Kolkata,2023-02-22,Home & Kitchen,Air Fryer,4,3999,0.1,14396.4,UPI,3,0
ORD004290,CUST0323,Lucknow,2023-01-27,Sports,Water Jug,1,599,0.0,599.0,Debit Card,5,0
ORD004291,CUST0405,Kolkata,2024-04-03,Beauty,Body Lotion,3,349,0.2,837.6,Net Banking,3,0
ORD004292,CUST1023,Mumbai,2023-11-30,Home & Kitchen,Storage Box,4,299,0.05,1136.2,Cash on Delivery,1,1
ORD004293,CUST1450,Hyderabad,2024-12-03,Books,Fiction Novel,4,299,0.0,1196.0,Net Banking,3,0
ORD004294,CUST1376,Pune,2024-11-30,Books,Business Strategy,3,599,0.1,1617.3,UPI,3,0
ORD004295,CUST0766,Chennai,2024-10-17,Books,Data Science Guide,3,899,0.1,2427.3,Cash on Delivery,5,0
ORD004296,CUST1196,Ahmedabad,2023-11-28,Sports,Running Shoes,1,3499,0.0,3499.0,Credit Card,5,0
ORD004297,CUST0219,Ahmedabad,2024-12-25,Books,Business Strategy,4,599,0.05,2276.2,Debit Card,4,0
ORD004298,CUST1465,Hyderabad,2023-05-19,Home & Kitchen,Storage Box,3,299,0.0,897.0,UPI,5,0
ORD004299,CUST1449,Mumbai,2024-04-27,Clothing,Jacket,4,2999,0.0,11996.0,Cash on Delivery,5,0
ORD004300,CUST0253,Delhi,2024-04-01,Sports,Resistance Bands,3,499,0.2,1197.6,Credit Card,3,0
ORD004301,CUST0453,Lucknow,2024-11-29,Beauty,Sunscreen SPF50,3,499,0.0,1497.0,Cash on Delivery,5,0
ORD004302,CUST0162,Hyderabad,2023-06-26,Groceries,Protein Bar Pack,4,699,0.15,2376.6,UPI,5,0
ORD004303,CUST0413,Delhi,2023-09-13,Sports,Yoga Mat,4,799,0.2,2556.8,UPI,4,0
ORD004304,CUST1224,Pune,2024-07-26,Sports,Resistance Bands,4,499,0.2,1596.8,Net Banking,5,0
ORD004305,CUST0545,Pune,2023-01-20,Clothing,Formal Shirt,3,899,0.0,2697.0,Credit Card,5,0
ORD004306,CUST0141,Jaipur,2024-07-16,Electronics,Wireless Earbuds,2,2499,0.05,4748.1,Cash on Delivery,4,0
ORD004307,CUST0508,Hyderabad,2023-10-29,Groceries,Basmati Rice 5kg,2,499,0.0,998.0,Cash on Delivery,5,0
ORD004308,CUST1469,Delhi,2024-12-26,Beauty,Hair Mask,2,399,0.2,638.4,UPI,4,0
ORD004309,CUST0977,Bangalore,2023-08-10,Sports,Water Jug,4,599,0.0,2396.0,Net Banking,4,0
ORD004310,CUST0616,Mumbai,2024-03-08,Clothing,Cotton T-Shirt,2,499,0.15,848.3,UPI,4,0
ORD004311,CUST0257,Ahmedabad,2024-09-01,Books,Business Strategy,2,599,0.15,1018.3,Cash on Delivery,4,0
ORD004312,CUST1474,Ahmedabad,2023-09-08,Beauty,Body Lotion,4,349,0.15,1186.6,Cash on Delivery,4,0
ORD004313,CUST1231,Pune,2024-01-15,Electronics,Phone Charger,2,599,0.0,1198.0,Net Banking,4,0
ORD004314,CUST0428,Chennai,2023-08-14,Electronics,Laptop Stand,1,1299,0.05,1234.05,Net Banking,5,0
ORD004315,CUST0116,Delhi,2024-04-17,Groceries,Mixed Nuts,3,599,0.05,1707.15,Debit Card,5,0
ORD004316,CUST0092,Lucknow,2023-09-08,Books,Self Help,2,449,0.05,853.1,Net Banking,5,0
ORD004317,CUST0194,Mumbai,2024-09-20,Sports,Running Shoes,1,3499,0.1,3149.1,Cash on Delivery,5,0
ORD004318,CUST0892,Jaipur,2024-05-22,Sports,Water Jug,4,599,0.0,2396.0,UPI,5,0
ORD004319,CUST1400,Lucknow,2023-09-03,Sports,Running Shoes,3,3499,0.15,8922.45,Cash on Delivery,5,0
ORD004320,CUST0756,Ahmedabad,2023-12-29,Books,Business Strategy,2,599,0.1,1078.2,Net Banking,5,0
ORD004321,CUST1267,Mumbai,2023-01-29,Books,Self Help,3,449,0.2,1077.6,Debit Card,5,0
ORD004322,CUST0679,Delhi,2024-07-24,Home & Kitchen,Knife Set,4,1299,0.05,4936.2,Credit Card,4,0
ORD004323,CUST1084,Bangalore,2024-05-06,Groceries,Olive Oil,1,799,0.2,639.2,UPI,4,0
ORD004324,CUST1111,Ahmedabad,2023-07-24,Electronics,USB Hub,4,899,0.0,3596.0,Credit Card,4,0
ORD004325,CUST0265,Kolkata,2023-08-01,Groceries,Protein Bar Pack,2,699,0.15,1188.3,Credit Card,2,0
ORD004326,CUST0530,Kolkata,2023-02-04,Books,Python Programming,3,699,0.15,1782.45,UPI,5,0
ORD004327,CUST0991,Lucknow,2023-10-25,Home & Kitchen,Storage Box,2,299,0.0,598.0,UPI,5,0
ORD004328,CUST0116,Delhi,2024-11-03,Clothing,Jacket,3,2999,0.15,7647.45,Debit Card,4,0
ORD004329,CUST0530,Kolkata,2024-11-24,Groceries,Olive Oil,2,799,0.2,1278.4,Net Banking,3,0
ORD004330,CUST0808,Bangalore,2023-02-07,Home & Kitchen,Air Fryer,1,3999,0.2,3199.2,Credit Card,4,0
ORD004331,CUST1495,Kolkata,2023-03-03,Beauty,Body Lotion,1,349,0.0,349.0,UPI,5,0
ORD004332,CUST0724,Pune,2023-03-22,Sports,Running Shoes,4,3499,0.0,13996.0,Cash on Delivery,5,0
ORD004333,CUST1224,Pune,2023-11-18,Sports,Gym Gloves,4,399,0.2,1276.8,Credit Card,5,0
ORD004334,CUST0650,Mumbai,2023-08-09,Sports,Yoga Mat,3,799,0.1,2157.3,Net Banking,5,0
ORD004335,CUST1197,Chennai,2023-03-20,Beauty,Hair Mask,4,399,0.05,1516.2,UPI,4,0
ORD004336,CUST0919,Ahmedabad,2024-06-06,Home & Kitchen,Knife Set,4,1299,0.0,5196.0,Net Banking,5,0
ORD004337,CUST1335,Kolkata,2024-04-17,Sports,Water Jug,1,599,0.0,599.0,Net Banking,5,0
ORD004338,CUST0610,Kolkata,2024-09-20,Home & Kitchen,Knife Set,2,1299,0.15,2208.3,Debit Card,1,1
ORD004339,CUST0932,Kolkata,2024-08-23,Groceries,Protein Bar Pack,3,699,0.1,1887.3,Cash on Delivery,4,0
ORD004340,CUST0979,Chennai,2023-06-18,Books,Fiction Novel,1,299,0.0,299.0,Debit Card,5,0
ORD004341,CUST0619,Lucknow,2024-03-08,Electronics,Phone Charger,2,599,0.05,1138.1,Credit Card,5,0
ORD004342,CUST0230,Delhi,2023-09-05,Groceries,Mixed Nuts,4,599,0.15,2036.6,Net Banking,5,0
ORD004343,CUST0151,Bangalore,2023-02-26,Clothing,Denim Jeans,1,1299,0.0,1299.0,Debit Card,4,0
ORD004344,CUST0034,Hyderabad,2023-02-03,Electronics,Webcam,4,2199,0.05,8356.2,UPI,4,0
ORD004345,CUST1318,Lucknow,2024-08-27,Home & Kitchen,Water Bottle,2,399,0.1,718.2,UPI,5,0
ORD004346,CUST0367,Mumbai,2023-09-25,Home & Kitchen,Coffee Mug,3,249,0.0,747.0,UPI,4,0
ORD004347,CUST0323,Lucknow,2023-12-02,Beauty,Sunscreen SPF50,1,499,0.0,499.0,UPI,5,0
ORD004348,CUST1119,Lucknow,2023-08-20,Electronics,Wireless Earbuds,2,2499,0.15,4248.3,Net Banking,5,0
ORD004349,CUST0479,Kolkata,2024-07-04,Books,Data Science Guide,3,899,0.0,2697.0,Net Banking,5,0
ORD004350,CUST0770,Hyderabad,2023-11-06,Home & Kitchen,Storage Box,4,299,0.05,1136.2,Credit Card,3,0
ORD004351,CUST0250,Mumbai,2024-11-21,Clothing,Formal Shirt,1,899,0.1,809.1,Debit Card,3,0
ORD004352,CUST1445,Hyderabad,2023-10-01,Groceries,Green Tea,3,299,0.0,897.0,Net Banking,5,0
ORD004353,CUST1281,Delhi,2023-08-04,Beauty,Hair Mask,1,399,0.0,399.0,Cash on Delivery,5,0
ORD004354,CUST1306,Delhi,2023-06-21,Beauty,Body Lotion,3,349,0.15,889.95,Net Banking,5,0
ORD004355,CUST0595,Chennai,2024-09-29,Sports,Gym Gloves,3,399,0.0,1197.0,Credit Card,5,0
ORD004356,CUST1152,Kolkata,2024-11-24,Beauty,Body Lotion,3,349,0.15,889.95,Credit Card,5,0
ORD004357,CUST0230,Delhi,2024-01-05,Clothing,Jacket,4,2999,0.0,11996.0,Credit Card,5,0
ORD004358,CUST0012,Mumbai,2024-09-27,Home & Kitchen,Knife Set,3,1299,0.2,3117.6,Cash on Delivery,3,0
ORD004359,CUST0035,Pune,2024-06-29,Clothing,Cotton T-Shirt,2,499,0.0,998.0,Cash on Delivery,5,0
ORD004360,CUST0904,Hyderabad,2023-02-26,Electronics,Webcam,1,2199,0.15,1869.15,Cash on Delivery,5,0
ORD004361,CUST0691,Pune,2023-09-23,Electronics,USB Hub,4,899,0.0,3596.0,Cash on Delivery,3,0
ORD004362,CUST0790,Mumbai,2023-04-16,Beauty,Sunscreen SPF50,3,499,0.0,1497.0,UPI,5,0
ORD004363,CUST0012,Mumbai,2023-02-23,Sports,Water Jug,2,599,0.2,958.4,Credit Card,5,0
ORD004364,CUST0631,Ahmedabad,2024-04-28,Clothing,Cotton T-Shirt,3,499,0.0,1497.0,UPI,5,0
ORD004365,CUST1092,Lucknow,2024-02-16,Electronics,Wireless Earbuds,3,2499,0.15,6372.45,Debit Card,3,0
ORD004366,CUST0676,Delhi,2023-07-20,Electronics,USB Hub,3,899,0.0,2697.0,Credit Card,5,0
ORD004367,CUST1111,Ahmedabad,2023-03-02,Groceries,Olive Oil,1,799,0.0,799.0,UPI,5,0
ORD004368,CUST0365,Kolkata,2023-04-01,Electronics,Laptop Stand,4,1299,0.1,4676.4,Credit Card,5,0
ORD004369,CUST1221,Kolkata,2024-09-20,Electronics,Webcam,4,2199,0.0,8796.0,UPI,4,0
ORD004370,CUST0906,Lucknow,2024-12-25,Groceries,Protein Bar Pack,4,699,0.15,2376.6,UPI,4,0
ORD004371,CUST0322,Ahmedabad,2024-07-25,Groceries,Mixed Nuts,1,599,0.2,479.2,Debit Card,5,0
ORD004372,CUST0367,Mumbai,2024-02-21,Sports,Gym Gloves,1,399,0.0,399.0,Cash on Delivery,5,0
ORD004373,CUST0972,Delhi,2024-03-02,Groceries,Mixed Nuts,2,599,0.0,1198.0,Credit Card,4,0
ORD004374,CUST1243,Mumbai,2023-04-18,Sports,Yoga Mat,1,799,0.05,759.05,Net Banking,5,0
ORD004375,CUST0616,Mumbai,2023-03-02,Books,Self Help,1,449,0.0,449.0,Cash on Delivery,5,0
ORD004376,CUST0397,Pune,2023-09-14,Books,Data Science Guide,2,899,0.15,1528.3,Credit Card,3,0
ORD004377,CUST1310,Delhi,2024-05-30,Home & Kitchen,Coffee Mug,2,249,0.05,473.1,Debit Card,5,0
ORD004378,CUST1027,Kolkata,2024-10-15,Books,Python Programming,4,699,0.0,2796.0,Net Banking,4,0
ORD004379,CUST0680,Chennai,2023-02-01,Beauty,Body Lotion,4,349,0.0,1396.0,UPI,4,0
ORD004380,CUST0746,Ahmedabad,2023-01-04,Home & Kitchen,Coffee Mug,1,249,0.15,211.65,Debit Card,1,0
ORD004381,CUST0311,Hyderabad,2023-05-16,Books,Business Strategy,4,599,0.0,2396.0,Net Banking,4,0
ORD004382,CUST0972,Delhi,2023-02-01,Electronics,Phone Charger,2,599,0.0,1198.0,Net Banking,2,0
ORD004383,CUST0524,Ahmedabad,2024-05-20,Beauty,Hair Mask,3,399,0.1,1077.3,UPI,5,0
ORD004384,CUST1493,Delhi,2023-05-29,Beauty,Sunscreen SPF50,4,499,0.0,1996.0,Credit Card,5,0
ORD004385,CUST0732,Lucknow,2023-02-15,Groceries,Mixed Nuts,2,599,0.15,1018.3,Cash on Delivery,4,0
ORD004386,CUST0741,Ahmedabad,2024-06-12,Beauty,Face Serum,2,999,0.15,1698.3,Net Banking,4,0
ORD004387,CUST0861,Mumbai,2023-07-06,Electronics,USB Hub,1,899,0.0,899.0,Net Banking,4,0
ORD004388,CUST1376,Pune,2023-09-27,Beauty,Hair Mask,3,399,0.05,1137.15,Net Banking,4,0
ORD004389,CUST1199,Delhi,2024-08-16,Books,Fiction Novel,3,299,0.0,897.0,Cash on Delivery,1,0
ORD004390,CUST0685,Pune,2024-02-06,Books,Fiction Novel,3,299,0.05,852.15,UPI,5,0
ORD004391,CUST1093,Bangalore,2023-12-04,Clothing,Cotton T-Shirt,1,499,0.05,474.05,UPI,5,0
ORD004392,CUST0904,Hyderabad,2024-07-26,Home & Kitchen,Water Bottle,2,399,0.1,718.2,Cash on Delivery,4,0
ORD004393,CUST0750,Hyderabad,2024-03-11,Sports,Water Jug,4,599,0.0,2396.0,Cash on Delivery,5,0
ORD004394,CUST0288,Mumbai,2024-02-03,Sports,Resistance Bands,1,499,0.0,499.0,Credit Card,5,0
ORD004395,CUST0711,Pune,2024-08-28,Home & Kitchen,Water Bottle,2,399,0.2,638.4,Credit Card,1,1
ORD004396,CUST0384,Lucknow,2023-10-14,Beauty,Sunscreen SPF50,4,499,0.0,1996.0,Cash on Delivery,4,0
ORD004397,CUST1374,Hyderabad,2024-08-14,Groceries,Protein Bar Pack,1,699,0.2,559.2,Debit Card,5,0
ORD004398,CUST0500,Ahmedabad,2023-05-05,Sports,Yoga Mat,2,799,0.0,1598.0,UPI,5,0
ORD004399,CUST1433,Hyderabad,2023-09-09,Beauty,Body Lotion,3,349,0.15,889.95,Cash on Delivery,4,0
ORD004400,CUST0807,Pune,2024-12-29,Groceries,Mixed Nuts,1,599,0.1,539.1,UPI,5,0
ORD004401,CUST0982,Kolkata,2023-08-27,Home & Kitchen,Coffee Mug,1,249,0.0,249.0,Debit Card,4,0
ORD004402,CUST0815,Ahmedabad,2024-02-23,Sports,Resistance Bands,3,499,0.0,1497.0,Credit Card,4,0
ORD004403,CUST0204,Delhi,2023-08-15,Beauty,Body Lotion,3,349,0.15,889.95,Net Banking,3,0
ORD004404,CUST0541,Ahmedabad,2024-06-06,Home & Kitchen,Air Fryer,3,3999,0.2,9597.6,Net Banking,5,0
ORD004405,CUST0160,Pune,2023-12-06,Beauty,Body Lotion,4,349,0.2,1116.8,Debit Card,4,0
ORD004406,CUST0964,Lucknow,2024-11-10,Sports,Resistance Bands,3,499,0.2,1197.6,Cash on Delivery,5,0
ORD004407,CUST0679,Delhi,2023-06-18,Books,Data Science Guide,2,899,0.1,1618.2,Credit Card,5,0
ORD004408,CUST1172,Jaipur,2023-09-09,Beauty,Face Serum,2,999,0.0,1998.0,Credit Card,4,0
ORD004409,CUST0339,Jaipur,2024-07-02,Home & Kitchen,Coffee Mug,3,249,0.05,709.65,Net Banking,5,0
ORD004410,CUST0253,Delhi,2023-01-19,Home & Kitchen,Knife Set,4,1299,0.1,4676.4,Net Banking,5,0
ORD004411,CUST0595,Chennai,2023-10-03,Groceries,Mixed Nuts,2,599,0.05,1138.1,Cash on Delivery,5,0
ORD004412,CUST1396,Pune,2023-05-31,Groceries,Green Tea,4,299,0.0,1196.0,Debit Card,2,1
ORD004413,CUST1085,Bangalore,2024-12-01,Electronics,Laptop Stand,3,1299,0.0,3897.0,UPI,5,0
ORD004414,CUST0620,Mumbai,2024-07-04,Sports,Resistance Bands,4,499,0.0,1996.0,UPI,5,0
ORD004415,CUST0787,Pune,2024-01-31,Electronics,Wireless Earbuds,3,2499,0.1,6747.3,Debit Card,5,0
ORD004416,CUST0135,Chennai,2023-05-04,Home & Kitchen,Knife Set,3,1299,0.2,3117.6,Credit Card,5,0
ORD004417,CUST1473,Mumbai,2023-09-21,Beauty,Body Lotion,4,349,0.05,1326.2,UPI,4,0
ORD004418,CUST1024,Pune,2023-11-22,Sports,Water Jug,3,599,0.2,1437.6,Net Banking,2,1
ORD004419,CUST0436,Mumbai,2024-06-26,Groceries,Basmati Rice 5kg,4,499,0.05,1896.2,Debit Card,4,0
ORD004420,CUST0898,Kolkata,2023-07-31,Books,Python Programming,1,699,0.1,629.1,Cash on Delivery,4,0
ORD004421,CUST0179,Kolkata,2023-04-23,Beauty,Sunscreen SPF50,1,499,0.2,399.2,Debit Card,4,0
ORD004422,CUST1451,Chennai,2023-12-02,Beauty,Face Serum,1,999,0.2,799.2,Debit Card,4,0
ORD004423,CUST0266,Chennai,2024-06-20,Clothing,Formal Shirt,2,899,0.0,1798.0,Cash on Delivery,4,0
ORD004424,CUST1005,Ahmedabad,2024-11-09,Beauty,Sunscreen SPF50,3,499,0.2,1197.6,Net Banking,5,0
ORD004425,CUST0384,Lucknow,2024-10-05,Home & Kitchen,Knife Set,1,1299,0.1,1169.1,UPI,4,0
ORD004426,CUST1092,Lucknow,2024-10-10,Home & Kitchen,Air Fryer,1,3999,0.2,3199.2,Credit Card,5,0
ORD004427,CUST1172,Jaipur,2023-11-04,Groceries,Basmati Rice 5kg,2,499,0.0,998.0,Credit Card,4,0
ORD004428,CUST1030,Mumbai,2023-09-05,Beauty,Hair Mask,2,399,0.05,758.1,Cash on Delivery,4,0
ORD004429,CUST0949,Jaipur,2023-12-21,Home & Kitchen,Knife Set,4,1299,0.0,5196.0,UPI,4,0
ORD004430,CUST1345,Delhi,2024-08-22,Home & Kitchen,Air Fryer,3,3999,0.0,11997.0,Net Banking,3,0
ORD004431,CUST0127,Chennai,2023-10-01,Electronics,Webcam,4,2199,0.05,8356.2,Net Banking,5,0
ORD004432,CUST0495,Ahmedabad,2023-02-19,Books,Data Science Guide,4,899,0.0,3596.0,Debit Card,5,0
ORD004433,CUST0386,Bangalore,2024-09-05,Home & Kitchen,Storage Box,1,299,0.0,299.0,Cash on Delivery,5,0
ORD004434,CUST1477,Lucknow,2024-10-03,Beauty,Hair Mask,4,399,0.05,1516.2,Debit Card,5,0
ORD004435,CUST0565,Hyderabad,2023-02-13,Beauty,Body Lotion,3,349,0.15,889.95,Credit Card,3,0
ORD004436,CUST1113,Hyderabad,2023-09-09,Groceries,Mixed Nuts,2,599,0.1,1078.2,Net Banking,5,0
ORD004437,CUST1051,Pune,2023-05-23,Home & Kitchen,Storage Box,3,299,0.1,807.3,Debit Card,3,0
ORD004438,CUST0325,Delhi,2023-08-11,Home & Kitchen,Water Bottle,4,399,0.0,1596.0,UPI,5,0
ORD004439,CUST0374,Jaipur,2024-02-09,Home & Kitchen,Knife Set,3,1299,0.0,3897.0,Credit Card,1,0
ORD004440,CUST0428,Chennai,2024-11-13,Beauty,Lip Balm Pack,3,199,0.0,597.0,Cash on Delivery,5,0
ORD004441,CUST0610,Kolkata,2024-05-31,Books,Fiction Novel,1,299,0.1,269.1,UPI,2,0
ORD004442,CUST0365,Kolkata,2023-04-09,Electronics,Phone Charger,3,599,0.0,1797.0,Cash on Delivery,5,0
ORD004443,CUST0035,Pune,2024-11-19,Beauty,Sunscreen SPF50,3,499,0.0,1497.0,UPI,3,0
ORD004444,CUST1328,Hyderabad,2024-11-20,Sports,Gym Gloves,2,399,0.1,718.2,Cash on Delivery,5,0
ORD004445,CUST1451,Chennai,2024-03-26,Beauty,Hair Mask,4,399,0.0,1596.0,UPI,4,0
ORD004446,CUST0507,Delhi,2023-01-20,Home & Kitchen,Storage Box,1,299,0.05,284.05,UPI,4,0
ORD004447,CUST0504,Jaipur,2024-12-26,Books,Fiction Novel,3,299,0.15,762.45,UPI,4,0
ORD004448,CUST0010,Lucknow,2024-05-19,Clothing,Sneakers,4,2499,0.15,8496.6,Net Banking,3,0
ORD004449,CUST1045,Ahmedabad,2023-01-03,Beauty,Body Lotion,2,349,0.0,698.0,UPI,5,0
ORD004450,CUST1239,Ahmedabad,2024-02-19,Beauty,Body Lotion,1,349,0.05,331.55,Debit Card,5,0
ORD004451,CUST0233,Pune,2024-01-04,Groceries,Basmati Rice 5kg,3,499,0.0,1497.0,Net Banking,4,0
ORD004452,CUST0249,Delhi,2023-05-07,Electronics,Wireless Earbuds,1,2499,0.0,2499.0,UPI,5,0
ORD004453,CUST1186,Delhi,2023-10-22,Home & Kitchen,Knife Set,2,1299,0.2,2078.4,UPI,5,0
ORD004454,CUST0950,Pune,2024-07-03,Clothing,Cotton T-Shirt,3,499,0.15,1272.45,Debit Card,4,0
ORD004455,CUST0074,Bangalore,2023-12-11,Groceries,Mixed Nuts,4,599,0.1,2156.4,Credit Card,4,0
ORD004456,CUST0962,Delhi,2024-10-11,Clothing,Formal Shirt,3,899,0.15,2292.45,Credit Card,4,0
ORD004457,CUST0470,Jaipur,2024-01-19,Home & Kitchen,Coffee Mug,3,249,0.15,634.95,Cash on Delivery,4,0
ORD004458,CUST0533,Jaipur,2023-05-29,Books,Business Strategy,2,599,0.0,1198.0,UPI,4,0
ORD004459,CUST1161,Bangalore,2024-11-21,Groceries,Green Tea,1,299,0.2,239.2,UPI,5,0
ORD004460,CUST1218,Delhi,2024-05-14,Home & Kitchen,Coffee Mug,3,249,0.2,597.6,Cash on Delivery,4,0
ORD004461,CUST0578,Kolkata,2023-06-09,Electronics,Laptop Stand,4,1299,0.0,5196.0,Cash on Delivery,5,0
ORD004462,CUST1428,Ahmedabad,2023-07-18,Beauty,Hair Mask,1,399,0.2,319.2,Debit Card,4,0
ORD004463,CUST0595,Chennai,2023-11-04,Clothing,Formal Shirt,4,899,0.0,3596.0,Net Banking,1,1
ORD004464,CUST1164,Chennai,2023-04-09,Beauty,Body Lotion,4,349,0.15,1186.6,Net Banking,4,0
ORD004465,CUST0738,Delhi,2024-12-11,Books,Fiction Novel,4,299,0.15,1016.6,UPI,4,0
ORD004466,CUST1352,Bangalore,2023-11-24,Electronics,Webcam,3,2199,0.15,5607.45,Credit Card,4,0
ORD004467,CUST1365,Lucknow,2024-01-17,Sports,Resistance Bands,4,499,0.0,1996.0,Net Banking,5,0
ORD004468,CUST0140,Chennai,2023-07-15,Electronics,Wireless Earbuds,4,2499,0.0,9996.0,Net Banking,5,0
ORD004469,CUST1410,Ahmedabad,2023-12-23,Electronics,Wireless Earbuds,1,2499,0.05,2374.05,Credit Card,5,0
ORD004470,CUST1239,Ahmedabad,2023-02-06,Books,Python Programming,1,699,0.05,664.05,Net Banking,5,0
ORD004471,CUST1189,Mumbai,2024-07-10,Sports,Running Shoes,1,3499,0.05,3324.05,Cash on Delivery,4,0
ORD004472,CUST0306,Lucknow,2024-11-27,Clothing,Jacket,3,2999,0.0,8997.0,Debit Card,3,0
ORD004473,CUST1210,Kolkata,2024-07-16,Electronics,USB Hub,2,899,0.15,1528.3,Cash on Delivery,5,0
ORD004474,CUST1278,Bangalore,2023-09-13,Home & Kitchen,Knife Set,4,1299,0.15,4416.6,Debit Card,4,0
ORD004475,CUST0442,Mumbai,2024-01-12,Beauty,Lip Balm Pack,4,199,0.0,796.0,UPI,5,0
ORD004476,CUST1433,Hyderabad,2024-05-15,Books,Fiction Novel,4,299,0.0,1196.0,Cash on Delivery,2,1
ORD004477,CUST0081,Jaipur,2023-03-29,Sports,Resistance Bands,3,499,0.2,1197.6,Debit Card,5,0
ORD004478,CUST0241,Kolkata,2023-07-18,Beauty,Hair Mask,1,399,0.2,319.2,Credit Card,5,0
ORD004479,CUST0811,Ahmedabad,2024-04-24,Groceries,Olive Oil,1,799,0.1,719.1,UPI,5,0
ORD004480,CUST0882,Lucknow,2023-08-21,Clothing,Sneakers,3,2499,0.1,6747.3,Debit Card,4,0
ORD004481,CUST1003,Lucknow,2023-03-06,Groceries,Protein Bar Pack,4,699,0.05,2656.2,UPI,5,0
ORD004482,CUST0034,Hyderabad,2024-11-14,Sports,Yoga Mat,2,799,0.15,1358.3,Net Banking,1,1
ORD004483,CUST1447,Lucknow,2024-10-05,Books,Data Science Guide,3,899,0.2,2157.6,UPI,4,0
ORD004484,CUST0074,Bangalore,2023-01-26,Sports,Resistance Bands,4,499,0.2,1596.8,UPI,4,0
ORD004485,CUST0229,Mumbai,2024-04-27,Clothing,Sneakers,2,2499,0.15,4248.3,UPI,5,0
ORD004486,CUST0026,Lucknow,2024-06-19,Books,Python Programming,2,699,0.1,1258.2,Cash on Delivery,4,0
ORD004487,CUST0861,Mumbai,2023-05-12,Electronics,Wireless Earbuds,2,2499,0.15,4248.3,Debit Card,5,0
ORD004488,CUST1407,Hyderabad,2023-06-12,Electronics,USB Hub,2,899,0.0,1798.0,Credit Card,5,0
ORD004489,CUST1024,Pune,2024-10-19,Electronics,Webcam,4,2199,0.2,7036.8,Debit Card,4,0
ORD004490,CUST1235,Kolkata,2023-11-23,Beauty,Hair Mask,3,399,0.05,1137.15,UPI,4,0
ORD004491,CUST0026,Lucknow,2024-12-17,Books,Business Strategy,4,599,0.0,2396.0,UPI,4,0
ORD004492,CUST0815,Ahmedabad,2023-03-20,Books,Business Strategy,3,599,0.0,1797.0,Credit Card,3,0
ORD004493,CUST0706,Ahmedabad,2023-08-07,Beauty,Body Lotion,3,349,0.0,1047.0,Net Banking,4,0
ORD004494,CUST0759,Pune,2023-12-13,Clothing,Jacket,1,2999,0.15,2549.15,Debit Card,3,0
ORD004495,CUST0117,Bangalore,2024-08-30,Sports,Gym Gloves,1,399,0.15,339.15,Net Banking,4,0
ORD004496,CUST1051,Pune,2023-10-14,Sports,Running Shoes,1,3499,0.1,3149.1,Credit Card,5,0
ORD004497,CUST0767,Chennai,2023-01-29,Groceries,Protein Bar Pack,2,699,0.0,1398.0,UPI,5,0
ORD004498,CUST1156,Jaipur,2023-09-06,Books,Fiction Novel,2,299,0.0,598.0,Credit Card,4,0
ORD004499,CUST0739,Hyderabad,2023-06-23,Electronics,Wireless Earbuds,2,2499,0.05,4748.1,Net Banking,4,0
ORD004500,CUST0241,Kolkata,2024-05-08,Electronics,Phone Charger,1,599,0.1,539.1,Net Banking,5,0
ORD004501,CUST1005,Ahmedabad,2024-08-09,Groceries,Protein Bar Pack,4,699,0.0,2796.0,Net Banking,1,0
ORD004502,CUST0264,Mumbai,2024-04-21,Home & Kitchen,Air Fryer,2,3999,0.2,6398.4,Cash on Delivery,4,0
ORD004503,CUST1316,Pune,2024-10-31,Groceries,Basmati Rice 5kg,4,499,0.05,1896.2,Credit Card,4,0
ORD004504,CUST0948,Hyderabad,2024-05-25,Books,Self Help,2,449,0.0,898.0,UPI,3,0
ORD004505,CUST0247,Ahmedabad,2023-02-20,Sports,Gym Gloves,4,399,0.1,1436.4,Credit Card,5,0
ORD004506,CUST1448,Mumbai,2023-08-20,Sports,Water Jug,2,599,0.0,1198.0,Debit Card,5,0
ORD004507,CUST0790,Mumbai,2024-02-15,Home & Kitchen,Storage Box,3,299,0.2,717.6,Net Banking,4,0
ORD004508,CUST0119,Kolkata,2024-09-19,Home & Kitchen,Storage Box,1,299,0.1,269.1,Credit Card,3,0
ORD004509,CUST0972,Delhi,2023-09-14,Groceries,Olive Oil,1,799,0.05,759.05,Cash on Delivery,5,0
ORD004510,CUST0391,Pune,2023-01-16,Electronics,Webcam,4,2199,0.15,7476.6,Debit Card,4,0
ORD004511,CUST1206,Delhi,2023-02-24,Groceries,Basmati Rice 5kg,4,499,0.15,1696.6,Credit Card,3,0
ORD004512,CUST1229,Pune,2024-02-11,Books,Business Strategy,1,599,0.0,599.0,Debit Card,5,0
ORD004513,CUST1467,Jaipur,2024-04-18,Sports,Water Jug,4,599,0.0,2396.0,Credit Card,4,0
ORD004514,CUST0764,Ahmedabad,2023-09-12,Groceries,Olive Oil,1,799,0.1,719.1,Net Banking,5,0
ORD004515,CUST0689,Delhi,2024-02-16,Books,Data Science Guide,3,899,0.0,2697.0,Debit Card,5,0
ORD004516,CUST1146,Lucknow,2023-01-26,Clothing,Cotton T-Shirt,4,499,0.1,1796.4,Cash on Delivery,4,0
ORD004517,CUST0212,Hyderabad,2023-01-11,Home & Kitchen,Storage Box,3,299,0.1,807.3,Cash on Delivery,3,0
ORD004518,CUST0825,Delhi,2023-08-25,Clothing,Denim Jeans,3,1299,0.1,3507.3,UPI,5,0
ORD004519,CUST0821,Lucknow,2024-02-23,Clothing,Jacket,1,2999,0.0,2999.0,Debit Card,4,0
ORD004520,CUST0141,Jaipur,2023-11-15,Beauty,Hair Mask,1,399,0.05,379.05,UPI,4,0
ORD004521,CUST0619,Lucknow,2024-12-07,Home & Kitchen,Coffee Mug,2,249,0.2,398.4,Credit Card,5,0
ORD004522,CUST1285,Pune,2023-02-18,Electronics,Phone Charger,1,599,0.0,599.0,Credit Card,5,0
ORD004523,CUST1295,Chennai,2023-03-30,Clothing,Jacket,2,2999,0.0,5998.0,UPI,4,0
ORD004524,CUST0160,Pune,2024-08-15,Sports,Gym Gloves,4,399,0.1,1436.4,Cash on Delivery,1,1
ORD004525,CUST0143,Jaipur,2023-03-25,Home & Kitchen,Air Fryer,4,3999,0.05,15196.2,Credit Card,5,0
ORD004526,CUST0402,Hyderabad,2024-05-27,Clothing,Cotton T-Shirt,3,499,0.05,1422.15,Credit Card,4,0
ORD004527,CUST1323,Lucknow,2023-09-17,Sports,Running Shoes,1,3499,0.0,3499.0,Net Banking,5,0
ORD004528,CUST0204,Delhi,2023-09-17,Electronics,USB Hub,1,899,0.05,854.05,Debit Card,4,0
ORD004529,CUST1099,Mumbai,2023-09-02,Beauty,Body Lotion,3,349,0.0,1047.0,Cash on Delivery,4,0
ORD004530,CUST0163,Mumbai,2024-02-18,Groceries,Basmati Rice 5kg,4,499,0.2,1596.8,Net Banking,4,0
ORD004531,CUST0966,Bangalore,2023-10-14,Beauty,Face Serum,1,999,0.05,949.05,UPI,4,0
ORD004532,CUST0523,Kolkata,2024-10-12,Books,Fiction Novel,4,299,0.15,1016.6,Debit Card,5,0
ORD004533,CUST1186,Delhi,2023-08-31,Beauty,Face Serum,4,999,0.2,3196.8,UPI,2,1
ORD004534,CUST0365,Kolkata,2024-05-26,Sports,Water Jug,4,599,0.0,2396.0,UPI,5,0
ORD004535,CUST0994,Delhi,2023-01-01,Beauty,Hair Mask,1,399,0.2,319.2,UPI,4,0
ORD004536,CUST0367,Mumbai,2024-03-25,Sports,Yoga Mat,3,799,0.15,2037.45,Debit Card,5,0
ORD004537,CUST1089,Lucknow,2024-02-01,Beauty,Face Serum,1,999,0.0,999.0,UPI,1,1
ORD004538,CUST1318,Lucknow,2024-08-31,Clothing,Sneakers,1,2499,0.05,2374.05,Cash on Delivery,5,0
ORD004539,CUST0200,Mumbai,2024-05-03,Groceries,Green Tea,3,299,0.2,717.6,Credit Card,4,0
ORD004540,CUST1310,Delhi,2024-08-12,Electronics,Wireless Earbuds,1,2499,0.05,2374.05,UPI,4,0
ORD004541,CUST0918,Kolkata,2023-12-26,Home & Kitchen,Storage Box,3,299,0.15,762.45,Net Banking,4,0
ORD004542,CUST0201,Delhi,2023-06-20,Clothing,Jacket,4,2999,0.0,11996.0,Cash on Delivery,4,0
ORD004543,CUST0646,Mumbai,2024-11-27,Clothing,Formal Shirt,3,899,0.0,2697.0,Credit Card,1,1
ORD004544,CUST0249,Delhi,2024-01-25,Sports,Gym Gloves,3,399,0.15,1017.45,UPI,4,0
ORD004545,CUST1066,Delhi,2024-03-20,Books,Self Help,1,449,0.2,359.2,Cash on Delivery,4,0
ORD004546,CUST1150,Chennai,2024-10-27,Books,Fiction Novel,2,299,0.2,478.4,Net Banking,5,0
ORD004547,CUST0175,Bangalore,2024-07-15,Electronics,Phone Charger,2,599,0.05,1138.1,Cash on Delivery,4,0
ORD004548,CUST0770,Hyderabad,2024-03-25,Beauty,Lip Balm Pack,4,199,0.05,756.2,Net Banking,4,0
ORD004549,CUST1224,Pune,2024-01-21,Electronics,Phone Charger,4,599,0.0,2396.0,Net Banking,4,0
ORD004550,CUST1410,Ahmedabad,2024-11-17,Sports,Resistance Bands,4,499,0.0,1996.0,Credit Card,5,0
ORD004551,CUST0781,Lucknow,2023-05-14,Home & Kitchen,Water Bottle,3,399,0.0,1197.0,Net Banking,4,0
ORD004552,CUST1430,Ahmedabad,2024-07-06,Clothing,Denim Jeans,1,1299,0.05,1234.05,Debit Card,5,0
ORD004553,CUST0808,Bangalore,2023-07-17,Groceries,Olive Oil,2,799,0.0,1598.0,Debit Card,5,0
ORD004554,CUST0572,Bangalore,2024-08-26,Electronics,Phone Charger,2,599,0.1,1078.2,UPI,5,0
ORD004555,CUST1275,Bangalore,2024-02-15,Groceries,Protein Bar Pack,1,699,0.2,559.2,Credit Card,5,0
ORD004556,CUST0752,Hyderabad,2023-08-21,Beauty,Lip Balm Pack,3,199,0.15,507.45,Credit Card,5,0
ORD004557,CUST0720,Kolkata,2023-05-14,Home & Kitchen,Coffee Mug,3,249,0.15,634.95,Net Banking,3,0
ORD004558,CUST0749,Chennai,2023-05-24,Sports,Water Jug,3,599,0.2,1437.6,Credit Card,4,0
ORD004559,CUST1273,Pune,2024-05-08,Clothing,Jacket,3,2999,0.0,8997.0,Credit Card,5,0
ORD004560,CUST1244,Mumbai,2024-06-27,Electronics,Laptop Stand,3,1299,0.0,3897.0,Cash on Delivery,5,0
ORD004561,CUST0582,Ahmedabad,2023-12-15,Groceries,Mixed Nuts,4,599,0.2,1916.8,Credit Card,4,0
ORD004562,CUST0499,Jaipur,2023-06-20,Sports,Gym Gloves,1,399,0.0,399.0,UPI,4,0
ORD004563,CUST0749,Chennai,2023-09-11,Clothing,Jacket,1,2999,0.0,2999.0,Net Banking,5,0
ORD004564,CUST0872,Delhi,2023-12-08,Beauty,Hair Mask,2,399,0.0,798.0,Net Banking,5,0
ORD004565,CUST0368,Mumbai,2024-02-11,Sports,Water Jug,4,599,0.1,2156.4,Debit Card,1,1
ORD004566,CUST1196,Ahmedabad,2023-05-06,Books,Fiction Novel,2,299,0.0,598.0,Credit Card,4,0
ORD004567,CUST0743,Hyderabad,2023-11-30,Home & Kitchen,Air Fryer,1,3999,0.1,3599.1,Net Banking,4,0
ORD004568,CUST0500,Ahmedabad,2024-04-28,Clothing,Jacket,2,2999,0.1,5398.2,Net Banking,4,0
ORD004569,CUST0177,Jaipur,2024-12-17,Clothing,Jacket,4,2999,0.0,11996.0,UPI,2,0
ORD004570,CUST0368,Mumbai,2024-08-13,Sports,Running Shoes,4,3499,0.0,13996.0,Net Banking,5,0
ORD004571,CUST1429,Lucknow,2023-11-04,Books,Fiction Novel,4,299,0.0,1196.0,Credit Card,3,0
ORD004572,CUST0465,Pune,2024-07-24,Clothing,Denim Jeans,2,1299,0.1,2338.2,Net Banking,4,0
ORD004573,CUST0259,Hyderabad,2024-12-19,Electronics,Wireless Earbuds,3,2499,0.0,7497.0,UPI,2,0
ORD004574,CUST0706,Ahmedabad,2023-05-31,Groceries,Basmati Rice 5kg,2,499,0.0,998.0,Credit Card,5,0
ORD004575,CUST0468,Delhi,2024-01-11,Electronics,Laptop Stand,3,1299,0.0,3897.0,Credit Card,5,0
ORD004576,CUST0056,Delhi,2023-05-21,Home & Kitchen,Storage Box,4,299,0.1,1076.4,Credit Card,5,0
ORD004577,CUST0484,Chennai,2023-05-15,Electronics,USB Hub,4,899,0.05,3416.2,UPI,5,0
ORD004578,CUST0817,Lucknow,2023-06-25,Books,Python Programming,1,699,0.0,699.0,Cash on Delivery,4,0
ORD004579,CUST0836,Chennai,2023-02-22,Home & Kitchen,Storage Box,3,299,0.0,897.0,Net Banking,4,0
ORD004580,CUST0523,Kolkata,2024-07-09,Electronics,Laptop Stand,3,1299,0.0,3897.0,Debit Card,5,0
ORD004581,CUST0680,Chennai,2024-05-20,Clothing,Cotton T-Shirt,3,499,0.1,1347.3,Debit Card,3,0
ORD004582,CUST1451,Chennai,2024-07-01,Books,Fiction Novel,2,299,0.05,568.1,Credit Card,5,0
ORD004583,CUST0544,Lucknow,2023-09-23,Home & Kitchen,Air Fryer,1,3999,0.2,3199.2,Cash on Delivery,4,0
ORD004584,CUST0397,Pune,2024-05-12,Clothing,Denim Jeans,2,1299,0.05,2468.1,Cash on Delivery,2,0
ORD004585,CUST0382,Mumbai,2024-10-11,Groceries,Green Tea,1,299,0.1,269.1,Credit Card,4,0
ORD004586,CUST0700,Kolkata,2024-03-18,Groceries,Basmati Rice 5kg,1,499,0.1,449.1,Net Banking,4,0
ORD004587,CUST1150,Chennai,2023-05-13,Books,Data Science Guide,1,899,0.1,809.1,Cash on Delivery,4,0
ORD004588,CUST0314,Chennai,2024-07-29,Clothing,Cotton T-Shirt,1,499,0.2,399.2,UPI,3,0
ORD004589,CUST1084,Bangalore,2023-06-02,Clothing,Denim Jeans,2,1299,0.15,2208.3,Net Banking,5,0
ORD004590,CUST0036,Delhi,2024-10-24,Beauty,Face Serum,3,999,0.1,2697.3,Net Banking,5,0
ORD004591,CUST0620,Mumbai,2023-04-16,Sports,Running Shoes,2,3499,0.1,6298.2,UPI,4,0
ORD004592,CUST1171,Kolkata,2023-08-05,Groceries,Basmati Rice 5kg,1,499,0.05,474.05,Net Banking,5,0
ORD004593,CUST0504,Jaipur,2024-04-22,Electronics,USB Hub,2,899,0.0,1798.0,Net Banking,4,0
ORD004594,CUST0854,Bangalore,2023-11-03,Groceries,Basmati Rice 5kg,3,499,0.0,1497.0,Net Banking,4,0
ORD004595,CUST0314,Chennai,2024-01-30,Beauty,Sunscreen SPF50,4,499,0.0,1996.0,Cash on Delivery,3,0
ORD004596,CUST1124,Mumbai,2023-03-13,Electronics,Webcam,2,2199,0.15,3738.3,Cash on Delivery,3,0
ORD004597,CUST0087,Pune,2024-10-23,Beauty,Lip Balm Pack,4,199,0.0,796.0,Net Banking,4,0
ORD004598,CUST1282,Delhi,2023-07-15,Home & Kitchen,Water Bottle,3,399,0.0,1197.0,Debit Card,5,0
ORD004599,CUST0304,Delhi,2024-04-18,Books,Business Strategy,3,599,0.1,1617.3,Debit Card,4,0
ORD004600,CUST1323,Lucknow,2023-04-23,Sports,Water Jug,3,599,0.05,1707.15,Net Banking,4,0
ORD004601,CUST0519,Ahmedabad,2024-11-23,Beauty,Hair Mask,2,399,0.1,718.2,Debit Card,5,0
ORD004602,CUST1102,Jaipur,2023-08-20,Sports,Gym Gloves,1,399,0.2,319.2,Cash on Delivery,4,0
ORD004603,CUST0479,Kolkata,2023-10-28,Books,Python Programming,3,699,0.0,2097.0,Net Banking,4,0
ORD004604,CUST1363,Mumbai,2023-10-21,Electronics,Wireless Earbuds,1,2499,0.1,2249.1,UPI,1,1
ORD004605,CUST0200,Mumbai,2023-05-11,Home & Kitchen,Water Bottle,4,399,0.05,1516.2,Debit Card,4,0
ORD004606,CUST0271,Ahmedabad,2024-01-10,Home & Kitchen,Knife Set,2,1299,0.0,2598.0,Debit Card,4,0
ORD004607,CUST0752,Hyderabad,2024-09-05,Electronics,Phone Charger,4,599,0.2,1916.8,Cash on Delivery,4,0
ORD004608,CUST0131,Jaipur,2024-10-06,Beauty,Face Serum,3,999,0.2,2397.6,Credit Card,5,0
ORD004609,CUST0297,Delhi,2023-09-05,Books,Business Strategy,2,599,0.05,1138.1,Credit Card,3,0
ORD004610,CUST1425,Chennai,2023-07-06,Beauty,Lip Balm Pack,2,199,0.2,318.4,Credit Card,4,0
ORD004611,CUST1465,Hyderabad,2024-08-08,Groceries,Protein Bar Pack,3,699,0.05,1992.15,Credit Card,5,0
ORD004612,CUST0541,Ahmedabad,2024-09-17,Electronics,Wireless Earbuds,3,2499,0.0,7497.0,Debit Card,5,0
ORD004613,CUST1389,Lucknow,2023-11-10,Groceries,Green Tea,3,299,0.05,852.15,Cash on Delivery,3,0
ORD004614,CUST0818,Mumbai,2024-03-03,Sports,Resistance Bands,3,499,0.1,1347.3,Net Banking,5,0
ORD004615,CUST0412,Bangalore,2023-09-13,Beauty,Lip Balm Pack,1,199,0.0,199.0,Credit Card,5,0
ORD004616,CUST1075,Pune,2023-06-17,Beauty,Sunscreen SPF50,2,499,0.05,948.1,Net Banking,5,0
ORD004617,CUST1016,Pune,2023-01-11,Books,Data Science Guide,4,899,0.0,3596.0,Cash on Delivery,2,1
ORD004618,CUST1478,Kolkata,2024-10-13,Sports,Yoga Mat,1,799,0.15,679.15,Net Banking,2,1
ORD004619,CUST0404,Bangalore,2023-05-30,Home & Kitchen,Air Fryer,3,3999,0.0,11997.0,Net Banking,4,0
ORD004620,CUST1028,Bangalore,2024-11-05,Clothing,Formal Shirt,3,899,0.0,2697.0,UPI,5,0
ORD004621,CUST0087,Pune,2024-09-26,Clothing,Denim Jeans,1,1299,0.05,1234.05,Debit Card,4,0
ORD004622,CUST0186,Ahmedabad,2024-01-08,Books,Python Programming,4,699,0.05,2656.2,UPI,5,0
ORD004623,CUST0004,Hyderabad,2023-08-25,Sports,Resistance Bands,2,499,0.0,998.0,Net Banking,5,0
ORD004624,CUST1500,Kolkata,2023-08-06,Sports,Yoga Mat,3,799,0.0,2397.0,Cash on Delivery,5,0
ORD004625,CUST1205,Delhi,2024-06-09,Beauty,Sunscreen SPF50,3,499,0.0,1497.0,Debit Card,4,0
ORD004626,CUST1184,Kolkata,2024-06-07,Groceries,Protein Bar Pack,2,699,0.0,1398.0,Debit Card,3,0
ORD004627,CUST0775,Hyderabad,2023-10-11,Clothing,Cotton T-Shirt,4,499,0.0,1996.0,Debit Card,4,0
ORD004628,CUST0454,Hyderabad,2023-11-14,Electronics,Phone Charger,2,599,0.05,1138.1,Debit Card,3,0
ORD004629,CUST0242,Bangalore,2023-01-23,Clothing,Formal Shirt,4,899,0.0,3596.0,Cash on Delivery,5,0
ORD004630,CUST0436,Mumbai,2023-02-26,Groceries,Olive Oil,4,799,0.0,3196.0,UPI,4,0
ORD004631,CUST0541,Ahmedabad,2023-02-19,Electronics,USB Hub,1,899,0.05,854.05,Debit Card,3,0
ORD004632,CUST1148,Bangalore,2024-12-26,Groceries,Basmati Rice 5kg,1,499,0.05,474.05,UPI,3,0
ORD004633,CUST0812,Delhi,2024-08-24,Groceries,Green Tea,4,299,0.0,1196.0,UPI,5,0
ORD004634,CUST0122,Kolkata,2023-06-05,Books,Python Programming,3,699,0.0,2097.0,UPI,5,0
ORD004635,CUST0034,Hyderabad,2023-03-22,Groceries,Protein Bar Pack,3,699,0.0,2097.0,Debit Card,4,0
ORD004636,CUST0166,Delhi,2023-11-25,Groceries,Mixed Nuts,1,599,0.0,599.0,Credit Card,4,0
ORD004637,CUST0610,Kolkata,2023-04-04,Home & Kitchen,Coffee Mug,1,249,0.1,224.1,UPI,5,0
ORD004638,CUST1407,Hyderabad,2024-12-06,Electronics,USB Hub,2,899,0.15,1528.3,UPI,4,0
ORD004639,CUST0991,Lucknow,2023-12-08,Beauty,Face Serum,4,999,0.0,3996.0,UPI,5,0
ORD004640,CUST1201,Mumbai,2024-03-18,Groceries,Protein Bar Pack,1,699,0.05,664.05,Debit Card,5,0
ORD004641,CUST0716,Hyderabad,2023-09-09,Sports,Resistance Bands,3,499,0.05,1422.15,Credit Card,1,0
ORD004642,CUST0530,Kolkata,2023-03-18,Books,Self Help,2,449,0.2,718.4,Cash on Delivery,5,0
ORD004643,CUST0179,Kolkata,2023-11-20,Books,Business Strategy,4,599,0.0,2396.0,Credit Card,3,0
ORD004644,CUST1325,Delhi,2023-02-12,Home & Kitchen,Knife Set,1,1299,0.0,1299.0,Credit Card,4,0
ORD004645,CUST1180,Ahmedabad,2024-01-03,Groceries,Green Tea,4,299,0.1,1076.4,Net Banking,5,0
ORD004646,CUST0258,Ahmedabad,2023-11-10,Sports,Water Jug,4,599,0.0,2396.0,Debit Card,3,0
ORD004647,CUST0779,Lucknow,2023-02-13,Books,Self Help,1,449,0.1,404.1,Cash on Delivery,5,0
ORD004648,CUST0744,Ahmedabad,2023-10-19,Electronics,Wireless Earbuds,1,2499,0.0,2499.0,Net Banking,5,0
ORD004649,CUST0970,Jaipur,2023-08-10,Books,Python Programming,1,699,0.15,594.15,Net Banking,4,0
ORD004650,CUST1426,Ahmedabad,2024-08-31,Beauty,Body Lotion,1,349,0.1,314.1,UPI,4,0
ORD004651,CUST0891,Jaipur,2023-09-06,Beauty,Lip Balm Pack,1,199,0.05,189.05,Credit Card,4,0
ORD004652,CUST0814,Kolkata,2024-07-02,Home & Kitchen,Coffee Mug,4,249,0.15,846.6,Credit Card,5,0
ORD004653,CUST0081,Jaipur,2023-02-16,Sports,Running Shoes,4,3499,0.1,12596.4,Credit Card,5,0
ORD004654,CUST0105,Lucknow,2024-02-14,Books,Fiction Novel,4,299,0.0,1196.0,Cash on Delivery,5,0
ORD004655,CUST0279,Mumbai,2023-06-30,Beauty,Sunscreen SPF50,4,499,0.05,1896.2,Credit Card,4,0
ORD004656,CUST0053,Pune,2023-01-02,Home & Kitchen,Water Bottle,4,399,0.0,1596.0,Cash on Delivery,5,0
ORD004657,CUST1125,Kolkata,2024-10-09,Electronics,USB Hub,4,899,0.0,3596.0,Debit Card,3,0
ORD004658,CUST1103,Bangalore,2024-04-22,Groceries,Protein Bar Pack,3,699,0.0,2097.0,Credit Card,4,0
ORD004659,CUST0219,Ahmedabad,2024-02-14,Sports,Resistance Bands,1,499,0.2,399.2,Cash on Delivery,5,0
ORD004660,CUST1249,Hyderabad,2024-10-18,Beauty,Body Lotion,3,349,0.0,1047.0,UPI,4,0
ORD004661,CUST0243,Chennai,2024-04-17,Sports,Gym Gloves,2,399,0.05,758.1,UPI,5,0
ORD004662,CUST0454,Hyderabad,2023-02-06,Home & Kitchen,Knife Set,3,1299,0.1,3507.3,Net Banking,5,0
ORD004663,CUST0389,Mumbai,2024-01-17,Sports,Gym Gloves,4,399,0.05,1516.2,Net Banking,2,0
ORD004664,CUST0536,Jaipur,2023-12-29,Electronics,Wireless Earbuds,4,2499,0.0,9996.0,UPI,4,0
ORD004665,CUST0394,Hyderabad,2024-02-16,Books,Fiction Novel,3,299,0.2,717.6,UPI,4,0
ORD004666,CUST0746,Ahmedabad,2024-11-02,Clothing,Cotton T-Shirt,1,499,0.15,424.15,Cash on Delivery,4,0
ORD004667,CUST0595,Chennai,2023-12-24,Clothing,Cotton T-Shirt,1,499,0.0,499.0,UPI,4,0
ORD004668,CUST1476,Pune,2024-04-25,Home & Kitchen,Storage Box,2,299,0.0,598.0,Net Banking,5,0
ORD004669,CUST0092,Lucknow,2023-07-24,Beauty,Sunscreen SPF50,1,499,0.15,424.15,Net Banking,3,0
ORD004670,CUST0229,Mumbai,2024-08-29,Books,Fiction Novel,4,299,0.0,1196.0,Net Banking,5,0
ORD004671,CUST0087,Pune,2024-05-07,Electronics,USB Hub,3,899,0.1,2427.3,Credit Card,5,0
ORD004672,CUST0971,Kolkata,2024-11-11,Beauty,Face Serum,2,999,0.0,1998.0,UPI,2,0
ORD004673,CUST0089,Chennai,2023-03-01,Groceries,Mixed Nuts,1,599,0.15,509.15,UPI,5,0
ORD004674,CUST1250,Delhi,2024-07-31,Sports,Yoga Mat,1,799,0.15,679.15,Cash on Delivery,4,0
ORD004675,CUST0779,Lucknow,2024-10-08,Beauty,Sunscreen SPF50,4,499,0.05,1896.2,Cash on Delivery,4,0
ORD004676,CUST0800,Delhi,2024-01-22,Sports,Water Jug,2,599,0.0,1198.0,Debit Card,3,0
ORD004677,CUST0850,Hyderabad,2024-06-22,Electronics,Phone Charger,3,599,0.0,1797.0,Credit Card,4,0
ORD004678,CUST0262,Bangalore,2023-08-17,Electronics,Wireless Earbuds,1,2499,0.0,2499.0,Cash on Delivery,4,0
ORD004679,CUST0303,Lucknow,2024-05-18,Groceries,Green Tea,2,299,0.0,598.0,UPI,5,0
ORD004680,CUST0479,Kolkata,2023-10-05,Electronics,Laptop Stand,4,1299,0.0,5196.0,Net Banking,4,0
ORD004681,CUST0918,Kolkata,2023-07-19,Clothing,Jacket,4,2999,0.15,10196.6,Cash on Delivery,4,0
ORD004682,CUST0322,Ahmedabad,2023-12-11,Sports,Water Jug,2,599,0.0,1198.0,UPI,3,0
ORD004683,CUST0189,Delhi,2023-06-19,Books,Self Help,1,449,0.0,449.0,Credit Card,3,0
ORD004684,CUST1456,Pune,2024-01-17,Clothing,Denim Jeans,3,1299,0.0,3897.0,Net Banking,4,0
ORD004685,CUST0039,Delhi,2023-03-22,Home & Kitchen,Air Fryer,2,3999,0.0,7998.0,Cash on Delivery,5,0
ORD004686,CUST1206,Delhi,2024-06-12,Sports,Yoga Mat,3,799,0.0,2397.0,Debit Card,5,0
ORD004687,CUST1184,Kolkata,2023-03-13,Beauty,Body Lotion,1,349,0.0,349.0,Net Banking,4,0
ORD004688,CUST0448,Kolkata,2023-07-04,Electronics,Webcam,1,2199,0.2,1759.2,Debit Card,4,0
ORD004689,CUST0218,Hyderabad,2023-10-10,Home & Kitchen,Coffee Mug,3,249,0.2,597.6,Cash on Delivery,4,0
ORD004690,CUST0231,Mumbai,2023-07-18,Electronics,Webcam,4,2199,0.2,7036.8,UPI,4,0
ORD004691,CUST1062,Hyderabad,2023-11-27,Clothing,Sneakers,4,2499,0.1,8996.4,UPI,5,0
ORD004692,CUST0999,Chennai,2023-05-29,Groceries,Mixed Nuts,2,599,0.0,1198.0,UPI,3,0
ORD004693,CUST1179,Delhi,2024-07-03,Books,Fiction Novel,2,299,0.0,598.0,Net Banking,4,0
ORD004694,CUST1415,Pune,2024-04-17,Clothing,Cotton T-Shirt,2,499,0.2,798.4,Credit Card,4,0
ORD004695,CUST1057,Mumbai,2023-03-17,Groceries,Mixed Nuts,1,599,0.0,599.0,Credit Card,5,0
ORD004696,CUST0246,Delhi,2024-11-26,Sports,Yoga Mat,2,799,0.05,1518.1,Cash on Delivery,4,0
ORD004697,CUST0382,Mumbai,2023-05-05,Beauty,Face Serum,3,999,0.2,2397.6,Debit Card,5,0
ORD004698,CUST1262,Bangalore,2024-01-28,Books,Fiction Novel,4,299,0.0,1196.0,UPI,3,0
ORD004699,CUST0321,Mumbai,2023-04-15,Home & Kitchen,Air Fryer,1,3999,0.2,3199.2,Cash on Delivery,5,0
ORD004700,CUST0117,Bangalore,2024-11-23,Clothing,Formal Shirt,4,899,0.15,3056.6,UPI,4,0
ORD004701,CUST1076,Pune,2024-07-19,Books,Self Help,4,449,0.1,1616.4,Debit Card,5,0
ORD004702,CUST0582,Ahmedabad,2023-09-26,Groceries,Basmati Rice 5kg,1,499,0.0,499.0,Credit Card,2,1
ORD004703,CUST1383,Kolkata,2024-07-29,Sports,Yoga Mat,1,799,0.2,639.2,UPI,5,0
ORD004704,CUST1008,Jaipur,2024-12-21,Electronics,USB Hub,1,899,0.15,764.15,UPI,4,0
ORD004705,CUST0143,Jaipur,2024-08-24,Books,Python Programming,4,699,0.2,2236.8,UPI,5,0
ORD004706,CUST1428,Ahmedabad,2024-01-05,Groceries,Protein Bar Pack,1,699,0.1,629.1,Cash on Delivery,4,0
ORD004707,CUST0397,Pune,2024-01-31,Books,Business Strategy,1,599,0.2,479.2,UPI,4,0
ORD004708,CUST0502,Delhi,2023-08-06,Books,Fiction Novel,4,299,0.1,1076.4,UPI,2,1
ORD004709,CUST0582,Ahmedabad,2023-11-19,Beauty,Hair Mask,4,399,0.0,1596.0,Debit Card,4,0
ORD004710,CUST0082,Hyderabad,2023-10-03,Home & Kitchen,Storage Box,4,299,0.1,1076.4,Net Banking,5,0
ORD004711,CUST0756,Ahmedabad,2023-08-08,Books,Business Strategy,1,599,0.0,599.0,Net Banking,5,0
ORD004712,CUST0198,Lucknow,2024-09-10,Groceries,Mixed Nuts,4,599,0.0,2396.0,Debit Card,5,0
ORD004713,CUST0579,Kolkata,2024-09-21,Sports,Yoga Mat,2,799,0.05,1518.1,Debit Card,4,0
ORD004714,CUST0514,Mumbai,2023-01-05,Beauty,Lip Balm Pack,3,199,0.0,597.0,Credit Card,5,0
ORD004715,CUST1166,Delhi,2024-04-06,Clothing,Denim Jeans,4,1299,0.2,4156.8,Credit Card,4,0
ORD004716,CUST1206,Delhi,2024-05-15,Books,Fiction Novel,1,299,0.0,299.0,Net Banking,5,0
ORD004717,CUST0243,Chennai,2023-01-28,Clothing,Cotton T-Shirt,1,499,0.0,499.0,Cash on Delivery,5,0
ORD004718,CUST0533,Jaipur,2023-04-07,Home & Kitchen,Storage Box,3,299,0.05,852.15,Debit Card,3,0
ORD004719,CUST0537,Hyderabad,2023-01-22,Home & Kitchen,Air Fryer,4,3999,0.0,15996.0,Cash on Delivery,2,0
ORD004720,CUST0242,Bangalore,2024-01-23,Home & Kitchen,Knife Set,3,1299,0.1,3507.3,Cash on Delivery,5,0
ORD004721,CUST1198,Kolkata,2023-09-16,Beauty,Body Lotion,3,349,0.1,942.3,Net Banking,4,0
ORD004722,CUST1081,Kolkata,2023-04-20,Electronics,Phone Charger,4,599,0.2,1916.8,Net Banking,1,1
ORD004723,CUST0281,Mumbai,2023-03-15,Beauty,Lip Balm Pack,1,199,0.2,159.2,Debit Card,4,0
ORD004724,CUST0533,Jaipur,2023-11-14,Books,Self Help,3,449,0.1,1212.3,Debit Card,4,0
ORD004725,CUST0175,Bangalore,2023-04-16,Beauty,Face Serum,4,999,0.1,3596.4,Credit Card,3,0
ORD004726,CUST0973,Hyderabad,2023-02-23,Home & Kitchen,Air Fryer,4,3999,0.2,12796.8,UPI,5,0
ORD004727,CUST0197,Hyderabad,2023-10-02,Sports,Yoga Mat,2,799,0.0,1598.0,Credit Card,4,0
ORD004728,CUST1473,Mumbai,2024-08-29,Beauty,Hair Mask,3,399,0.2,957.6,UPI,4,0
ORD004729,CUST1177,Chennai,2024-11-08,Clothing,Denim Jeans,2,1299,0.15,2208.3,Cash on Delivery,4,0
ORD004730,CUST0567,Pune,2023-06-15,Books,Self Help,3,449,0.0,1347.0,Credit Card,4,0
ORD004731,CUST0887,Ahmedabad,2023-08-28,Home & Kitchen,Air Fryer,2,3999,0.15,6798.3,Credit Card,4,0
ORD004732,CUST1371,Hyderabad,2024-12-12,Beauty,Face Serum,3,999,0.1,2697.3,Cash on Delivery,5,0
ORD004733,CUST0839,Chennai,2023-08-08,Clothing,Sneakers,4,2499,0.0,9996.0,Credit Card,5,0
ORD004734,CUST0266,Chennai,2024-04-12,Books,Fiction Novel,4,299,0.15,1016.6,Net Banking,4,0
ORD004735,CUST0545,Pune,2024-03-13,Clothing,Jacket,3,2999,0.2,7197.6,Debit Card,5,0
ORD004736,CUST1268,Bangalore,2023-06-05,Groceries,Green Tea,4,299,0.15,1016.6,Debit Card,5,0
ORD004737,CUST1002,Chennai,2024-06-22,Beauty,Body Lotion,3,349,0.2,837.6,UPI,4,0
ORD004738,CUST1008,Jaipur,2024-05-05,Books,Data Science Guide,2,899,0.2,1438.4,Net Banking,5,0
ORD004739,CUST1310,Delhi,2024-12-19,Sports,Water Jug,1,599,0.0,599.0,Debit Card,2,0
ORD004740,CUST1349,Kolkata,2023-05-08,Groceries,Green Tea,2,299,0.2,478.4,Net Banking,5,0
ORD004741,CUST1383,Kolkata,2024-03-16,Sports,Water Jug,4,599,0.0,2396.0,Credit Card,1,1
ORD004742,CUST0155,Lucknow,2024-09-14,Home & Kitchen,Water Bottle,3,399,0.05,1137.15,Credit Card,3,0
ORD004743,CUST0817,Lucknow,2024-02-07,Home & Kitchen,Water Bottle,3,399,0.0,1197.0,Cash on Delivery,5,0
ORD004744,CUST1123,Chennai,2023-09-27,Sports,Gym Gloves,2,399,0.0,798.0,Net Banking,4,0
ORD004745,CUST1149,Delhi,2023-04-15,Clothing,Jacket,4,2999,0.0,11996.0,UPI,5,0
ORD004746,CUST0934,Mumbai,2023-08-25,Groceries,Protein Bar Pack,1,699,0.2,559.2,Debit Card,4,0
ORD004747,CUST0257,Ahmedabad,2023-04-12,Groceries,Olive Oil,4,799,0.15,2716.6,Net Banking,5,0
ORD004748,CUST1197,Chennai,2023-11-26,Home & Kitchen,Coffee Mug,2,249,0.0,498.0,Credit Card,3,0
ORD004749,CUST1099,Mumbai,2023-02-24,Groceries,Basmati Rice 5kg,2,499,0.05,948.1,Credit Card,1,0
ORD004750,CUST0140,Chennai,2023-12-01,Books,Python Programming,1,699,0.2,559.2,Net Banking,4,0
ORD004751,CUST0711,Pune,2024-07-29,Electronics,Webcam,4,2199,0.0,8796.0,UPI,4,0
ORD004752,CUST0265,Kolkata,2023-03-31,Beauty,Body Lotion,1,349,0.0,349.0,Credit Card,5,0
ORD004753,CUST0502,Delhi,2023-07-17,Electronics,Webcam,2,2199,0.15,3738.3,UPI,4,0
ORD004754,CUST0034,Hyderabad,2024-11-27,Books,Self Help,1,449,0.2,359.2,Cash on Delivery,5,0
ORD004755,CUST0578,Kolkata,2023-07-21,Beauty,Lip Balm Pack,4,199,0.0,796.0,Debit Card,5,0
ORD004756,CUST0829,Lucknow,2023-09-26,Electronics,Wireless Earbuds,3,2499,0.15,6372.45,Net Banking,4,0
ORD004757,CUST0954,Mumbai,2024-02-27,Books,Self Help,2,449,0.15,763.3,UPI,5,0
ORD004758,CUST1023,Mumbai,2023-05-22,Groceries,Protein Bar Pack,1,699,0.1,629.1,Credit Card,3,0
ORD004759,CUST1249,Hyderabad,2023-01-22,Beauty,Body Lotion,2,349,0.0,698.0,Credit Card,4,0
ORD004760,CUST0328,Hyderabad,2024-05-07,Sports,Water Jug,3,599,0.0,1797.0,Debit Card,4,0
ORD004761,CUST0194,Mumbai,2024-02-28,Beauty,Face Serum,2,999,0.0,1998.0,Credit Card,4,0
ORD004762,CUST1281,Delhi,2024-06-02,Books,Self Help,2,449,0.05,853.1,Cash on Delivery,3,0
ORD004763,CUST0246,Delhi,2024-04-18,Sports,Yoga Mat,4,799,0.2,2556.8,Credit Card,4,0
ORD004764,CUST1464,Jaipur,2024-08-14,Beauty,Sunscreen SPF50,2,499,0.0,998.0,Cash on Delivery,5,0
ORD004765,CUST1264,Chennai,2023-05-24,Books,Data Science Guide,2,899,0.0,1798.0,Cash on Delivery,5,0
ORD004766,CUST0760,Kolkata,2023-06-29,Clothing,Sneakers,4,2499,0.0,9996.0,Cash on Delivery,4,0
ORD004767,CUST1469,Delhi,2024-10-01,Clothing,Sneakers,3,2499,0.1,6747.3,Debit Card,4,0
ORD004768,CUST0157,Ahmedabad,2024-02-29,Clothing,Formal Shirt,2,899,0.1,1618.2,UPI,5,0
ORD004769,CUST0463,Kolkata,2023-09-12,Groceries,Green Tea,3,299,0.2,717.6,Net Banking,5,0
ORD004770,CUST0992,Jaipur,2023-04-26,Beauty,Body Lotion,4,349,0.1,1256.4,Credit Card,5,0
ORD004771,CUST0514,Mumbai,2023-02-17,Electronics,USB Hub,2,899,0.0,1798.0,Credit Card,4,0
ORD004772,CUST1399,Bangalore,2024-07-29,Sports,Gym Gloves,1,399,0.0,399.0,Credit Card,4,0
ORD004773,CUST0112,Jaipur,2023-12-23,Beauty,Hair Mask,3,399,0.15,1017.45,Credit Card,4,0
ORD004774,CUST0828,Lucknow,2024-05-08,Beauty,Lip Balm Pack,2,199,0.2,318.4,Cash on Delivery,4,0
ORD004775,CUST0911,Bangalore,2023-04-11,Electronics,Phone Charger,3,599,0.1,1617.3,Credit Card,5,0
ORD004776,CUST1012,Jaipur,2024-04-24,Books,Business Strategy,4,599,0.0,2396.0,Net Banking,3,0
ORD004777,CUST0396,Delhi,2023-01-24,Clothing,Sneakers,4,2499,0.15,8496.6,Debit Card,4,0
ORD004778,CUST0532,Bangalore,2024-07-02,Groceries,Green Tea,3,299,0.0,897.0,Debit Card,5,0
ORD004779,CUST1269,Mumbai,2024-09-26,Sports,Running Shoes,3,3499,0.15,8922.45,Net Banking,4,0
ORD004780,CUST0296,Kolkata,2024-08-07,Home & Kitchen,Water Bottle,4,399,0.2,1276.8,UPI,3,0
ORD004781,CUST1239,Ahmedabad,2023-12-21,Home & Kitchen,Coffee Mug,3,249,0.2,597.6,Debit Card,2,0
ORD004782,CUST0852,Jaipur,2023-03-29,Groceries,Protein Bar Pack,3,699,0.15,1782.45,Debit Card,2,0
ORD004783,CUST1152,Kolkata,2024-12-28,Home & Kitchen,Knife Set,1,1299,0.0,1299.0,Debit Card,4,0
ORD004784,CUST1089,Lucknow,2024-03-17,Groceries,Protein Bar Pack,4,699,0.2,2236.8,Debit Card,3,0
ORD004785,CUST0315,Kolkata,2023-06-14,Groceries,Green Tea,3,299,0.15,762.45,Credit Card,4,0
ORD004786,CUST0866,Delhi,2024-02-12,Beauty,Face Serum,1,999,0.0,999.0,Credit Card,5,0
ORD004787,CUST1310,Delhi,2023-06-20,Books,Fiction Novel,2,299,0.1,538.2,Cash on Delivery,5,0
ORD004788,CUST0650,Mumbai,2023-06-25,Clothing,Jacket,4,2999,0.0,11996.0,Credit Card,5,0
ORD004789,CUST1453,Bangalore,2023-06-25,Home & Kitchen,Coffee Mug,2,249,0.0,498.0,Debit Card,5,0
ORD004790,CUST0685,Pune,2023-10-25,Books,Self Help,3,449,0.2,1077.6,Debit Card,4,0
ORD004791,CUST0229,Mumbai,2023-01-07,Clothing,Cotton T-Shirt,4,499,0.0,1996.0,Credit Card,2,0
ORD004792,CUST0565,Hyderabad,2024-04-26,Sports,Running Shoes,2,3499,0.1,6298.2,Credit Card,4,0
ORD004793,CUST1432,Chennai,2024-12-15,Home & Kitchen,Water Bottle,4,399,0.1,1436.4,Debit Card,4,0
ORD004794,CUST0479,Kolkata,2023-06-10,Books,Self Help,3,449,0.0,1347.0,UPI,5,0
ORD004795,CUST1312,Chennai,2024-12-27,Groceries,Mixed Nuts,1,599,0.15,509.15,Credit Card,1,0
ORD004796,CUST1332,Kolkata,2023-11-07,Electronics,Webcam,1,2199,0.1,1979.1,UPI,5,0
ORD004797,CUST0514,Mumbai,2023-06-27,Books,Data Science Guide,2,899,0.05,1708.1,Credit Card,4,0
ORD004798,CUST0135,Chennai,2024-04-07,Electronics,Phone Charger,4,599,0.0,2396.0,Debit Card,3,0
ORD004799,CUST1103,Bangalore,2024-10-31,Groceries,Basmati Rice 5kg,2,499,0.15,848.3,Credit Card,4,0
ORD004800,CUST0472,Kolkata,2023-05-26,Books,Data Science Guide,3,899,0.15,2292.45,UPI,5,0
ORD004801,CUST1180,Ahmedabad,2023-07-29,Clothing,Sneakers,3,2499,0.2,5997.6,Net Banking,4,0
ORD004802,CUST0676,Delhi,2024-07-27,Beauty,Body Lotion,2,349,0.2,558.4,Net Banking,2,0
ORD004803,CUST0739,Hyderabad,2024-03-08,Books,Self Help,2,449,0.0,898.0,Net Banking,5,0
ORD004804,CUST1172,Jaipur,2024-11-23,Sports,Water Jug,4,599,0.15,2036.6,Debit Card,4,0
ORD004805,CUST0552,Bangalore,2023-10-13,Clothing,Cotton T-Shirt,3,499,0.0,1497.0,Credit Card,5,0
ORD004806,CUST0676,Delhi,2024-02-05,Electronics,Laptop Stand,1,1299,0.05,1234.05,Net Banking,4,0
ORD004807,CUST0541,Ahmedabad,2023-12-06,Electronics,Wireless Earbuds,3,2499,0.0,7497.0,Credit Card,4,0
ORD004808,CUST0533,Jaipur,2023-11-03,Groceries,Basmati Rice 5kg,4,499,0.05,1896.2,Net Banking,3,0
ORD004809,CUST0799,Ahmedabad,2023-05-13,Beauty,Sunscreen SPF50,1,499,0.1,449.1,Credit Card,4,0
ORD004810,CUST1214,Kolkata,2023-01-19,Groceries,Basmati Rice 5kg,3,499,0.2,1197.6,Net Banking,5,0
ORD004811,CUST0530,Kolkata,2023-07-19,Sports,Gym Gloves,4,399,0.0,1596.0,Debit Card,3,0
ORD004812,CUST0797,Chennai,2024-12-15,Books,Business Strategy,3,599,0.0,1797.0,Debit Card,4,0
ORD004813,CUST1028,Bangalore,2024-05-30,Clothing,Jacket,1,2999,0.0,2999.0,Debit Card,5,0
ORD004814,CUST0412,Bangalore,2023-12-25,Home & Kitchen,Knife Set,3,1299,0.0,3897.0,Credit Card,5,0
ORD004815,CUST0421,Chennai,2023-06-28,Books,Business Strategy,4,599,0.05,2276.2,Debit Card,5,0
ORD004816,CUST1407,Hyderabad,2023-04-20,Sports,Running Shoes,1,3499,0.2,2799.2,UPI,3,0
ORD004817,CUST1103,Bangalore,2024-06-02,Beauty,Sunscreen SPF50,3,499,0.0,1497.0,Debit Card,5,0
ORD004818,CUST0885,Ahmedabad,2023-02-11,Home & Kitchen,Knife Set,2,1299,0.05,2468.1,Net Banking,4,0
ORD004819,CUST1005,Ahmedabad,2023-01-21,Groceries,Green Tea,1,299,0.0,299.0,UPI,4,0
ORD004820,CUST0051,Chennai,2024-08-30,Beauty,Body Lotion,1,349,0.15,296.65,Cash on Delivery,4,0
ORD004821,CUST0952,Ahmedabad,2023-05-15,Home & Kitchen,Air Fryer,3,3999,0.2,9597.6,Debit Card,3,0
ORD004822,CUST0775,Hyderabad,2024-01-09,Groceries,Mixed Nuts,3,599,0.15,1527.45,Debit Card,4,0
ORD004823,CUST0821,Lucknow,2024-02-21,Electronics,USB Hub,3,899,0.1,2427.3,Net Banking,4,0
ORD004824,CUST0525,Kolkata,2024-11-27,Home & Kitchen,Coffee Mug,1,249,0.0,249.0,Net Banking,3,0
ORD004825,CUST0130,Delhi,2024-12-26,Sports,Gym Gloves,2,399,0.0,798.0,UPI,4,0
ORD004826,CUST0293,Lucknow,2023-09-14,Home & Kitchen,Knife Set,2,1299,0.05,2468.1,Credit Card,4,0
ORD004827,CUST1430,Ahmedabad,2024-08-06,Electronics,Laptop Stand,1,1299,0.1,1169.1,UPI,5,0
ORD004828,CUST0597,Kolkata,2023-04-22,Sports,Gym Gloves,4,399,0.0,1596.0,Debit Card,5,0
ORD004829,CUST0716,Hyderabad,2024-01-24,Clothing,Cotton T-Shirt,2,499,0.0,998.0,Cash on Delivery,5,0
ORD004830,CUST0087,Pune,2024-06-10,Beauty,Lip Balm Pack,1,199,0.0,199.0,Net Banking,3,0
ORD004831,CUST0063,Kolkata,2024-06-03,Home & Kitchen,Air Fryer,2,3999,0.15,6798.3,Cash on Delivery,5,0
ORD004832,CUST1091,Ahmedabad,2024-12-04,Sports,Gym Gloves,2,399,0.0,798.0,Net Banking,5,0
ORD004833,CUST0811,Ahmedabad,2023-04-30,Groceries,Protein Bar Pack,1,699,0.15,594.15,Cash on Delivery,5,0
ORD004834,CUST0772,Delhi,2023-04-18,Sports,Water Jug,2,599,0.05,1138.1,UPI,5,0
ORD004835,CUST0382,Mumbai,2023-08-14,Books,Self Help,1,449,0.2,359.2,Net Banking,4,0
ORD004836,CUST1131,Ahmedabad,2023-05-30,Books,Fiction Novel,3,299,0.2,717.6,Cash on Delivery,4,0
ORD004837,CUST0258,Ahmedabad,2024-10-29,Beauty,Body Lotion,4,349,0.1,1256.4,UPI,3,0
ORD004838,CUST0281,Mumbai,2024-12-14,Beauty,Sunscreen SPF50,4,499,0.05,1896.2,Cash on Delivery,4,0
ORD004839,CUST0706,Ahmedabad,2024-05-23,Electronics,Wireless Earbuds,4,2499,0.0,9996.0,Cash on Delivery,4,0
ORD004840,CUST0438,Chennai,2023-10-11,Sports,Gym Gloves,3,399,0.2,957.6,UPI,4,0
ORD004841,CUST0386,Bangalore,2023-02-14,Beauty,Hair Mask,3,399,0.0,1197.0,Cash on Delivery,4,0
ORD004842,CUST1003,Lucknow,2024-01-30,Beauty,Sunscreen SPF50,4,499,0.0,1996.0,UPI,5,0
ORD004843,CUST1008,Jaipur,2024-04-07,Groceries,Olive Oil,3,799,0.2,1917.6,Cash on Delivery,5,0
ORD004844,CUST1237,Hyderabad,2023-09-23,Electronics,Laptop Stand,1,1299,0.2,1039.2,Cash on Delivery,4,0
ORD004845,CUST0619,Lucknow,2024-06-12,Books,Fiction Novel,2,299,0.1,538.2,Cash on Delivery,4,0
ORD004846,CUST0119,Kolkata,2024-09-12,Books,Python Programming,4,699,0.2,2236.8,Cash on Delivery,5,0
ORD004847,CUST0414,Kolkata,2024-06-03,Home & Kitchen,Storage Box,3,299,0.05,852.15,Net Banking,5,0
ORD004848,CUST1469,Delhi,2024-05-03,Groceries,Protein Bar Pack,1,699,0.05,664.05,Debit Card,4,0
ORD004849,CUST0921,Ahmedabad,2024-12-11,Groceries,Basmati Rice 5kg,4,499,0.2,1596.8,Net Banking,4,0
ORD004850,CUST1084,Bangalore,2024-02-02,Books,Python Programming,4,699,0.05,2656.2,Debit Card,3,0
ORD004851,CUST0012,Mumbai,2024-06-04,Groceries,Basmati Rice 5kg,1,499,0.05,474.05,Net Banking,4,0
ORD004852,CUST0790,Mumbai,2023-07-22,Sports,Resistance Bands,2,499,0.0,998.0,Cash on Delivery,5,0
ORD004853,CUST0063,Kolkata,2023-07-13,Groceries,Mixed Nuts,1,599,0.0,599.0,Cash on Delivery,4,0
ORD004854,CUST0869,Lucknow,2023-12-08,Sports,Running Shoes,2,3499,0.1,6298.2,Credit Card,5,0
ORD004855,CUST1383,Kolkata,2023-05-22,Books,Data Science Guide,2,899,0.0,1798.0,Net Banking,5,0
ORD004856,CUST1454,Chennai,2023-09-01,Groceries,Olive Oil,2,799,0.05,1518.1,UPI,4,0
ORD004857,CUST0814,Kolkata,2024-04-06,Beauty,Face Serum,3,999,0.1,2697.3,Cash on Delivery,3,0
ORD004858,CUST0701,Bangalore,2023-05-12,Books,Python Programming,2,699,0.0,1398.0,Net Banking,4,0
ORD004859,CUST1426,Ahmedabad,2024-09-19,Home & Kitchen,Air Fryer,3,3999,0.05,11397.15,Credit Card,4,0
ORD004860,CUST1030,Mumbai,2024-01-12,Sports,Resistance Bands,3,499,0.0,1497.0,Net Banking,4,0
ORD004861,CUST0108,Kolkata,2024-02-25,Electronics,Phone Charger,1,599,0.0,599.0,UPI,3,0
ORD004862,CUST0715,Ahmedabad,2023-09-29,Electronics,Phone Charger,4,599,0.0,2396.0,UPI,5,0
ORD004863,CUST0377,Mumbai,2024-02-06,Sports,Running Shoes,4,3499,0.2,11196.8,Debit Card,3,0
ORD004864,CUST0718,Lucknow,2024-09-03,Electronics,Webcam,2,2199,0.15,3738.3,Debit Card,3,0
ORD004865,CUST0692,Mumbai,2023-01-31,Home & Kitchen,Air Fryer,4,3999,0.0,15996.0,Net Banking,4,0
ORD004866,CUST0893,Ahmedabad,2023-06-03,Electronics,Phone Charger,2,599,0.2,958.4,Cash on Delivery,5,0
ORD004867,CUST0523,Kolkata,2024-01-31,Books,Data Science Guide,1,899,0.0,899.0,Net Banking,4,0
ORD004868,CUST0253,Delhi,2023-01-05,Sports,Running Shoes,2,3499,0.15,5948.3,UPI,5,0
ORD004869,CUST0767,Chennai,2023-12-07,Groceries,Mixed Nuts,3,599,0.1,1617.3,Debit Card,2,0
ORD004870,CUST1243,Mumbai,2024-05-26,Books,Business Strategy,4,599,0.0,2396.0,Cash on Delivery,4,0
ORD004871,CUST1023,Mumbai,2024-10-23,Sports,Running Shoes,2,3499,0.0,6998.0,Net Banking,3,0
ORD004872,CUST0504,Jaipur,2024-11-25,Beauty,Sunscreen SPF50,1,499,0.0,499.0,Credit Card,5,0
ORD004873,CUST1410,Ahmedabad,2023-09-08,Electronics,Webcam,2,2199,0.15,3738.3,Net Banking,4,0
ORD004874,CUST1371,Hyderabad,2023-01-18,Books,Data Science Guide,4,899,0.1,3236.4,Debit Card,3,0
ORD004875,CUST0321,Mumbai,2023-12-12,Clothing,Cotton T-Shirt,4,499,0.0,1996.0,Net Banking,5,0
ORD004876,CUST0066,Pune,2024-10-20,Electronics,Laptop Stand,1,1299,0.05,1234.05,Net Banking,5,0
ORD004877,CUST1123,Chennai,2023-04-21,Electronics,Wireless Earbuds,3,2499,0.15,6372.45,Credit Card,3,0
ORD004878,CUST1241,Hyderabad,2023-11-13,Clothing,Jacket,2,2999,0.0,5998.0,Net Banking,5,0
ORD004879,CUST1453,Bangalore,2023-04-28,Home & Kitchen,Coffee Mug,4,249,0.0,996.0,Credit Card,4,0
ORD004880,CUST1343,Bangalore,2024-12-03,Sports,Resistance Bands,2,499,0.2,798.4,Cash on Delivery,5,0
ORD004881,CUST0924,Pune,2024-01-22,Books,Python Programming,2,699,0.1,1258.2,Cash on Delivery,5,0
ORD004882,CUST0803,Chennai,2023-12-12,Clothing,Cotton T-Shirt,1,499,0.2,399.2,Net Banking,4,0
ORD004883,CUST0051,Chennai,2023-02-13,Electronics,Phone Charger,2,599,0.05,1138.1,Cash on Delivery,5,0
ORD004884,CUST0385,Jaipur,2024-04-19,Clothing,Denim Jeans,2,1299,0.15,2208.3,UPI,4,0
ORD004885,CUST0706,Ahmedabad,2023-10-20,Clothing,Sneakers,1,2499,0.0,2499.0,UPI,5,0
ORD004886,CUST0973,Hyderabad,2023-06-20,Home & Kitchen,Coffee Mug,4,249,0.2,796.8,Debit Card,5,0
ORD004887,CUST0844,Delhi,2023-06-12,Electronics,Laptop Stand,2,1299,0.0,2598.0,Cash on Delivery,5,0
ORD004888,CUST1124,Mumbai,2024-03-07,Beauty,Face Serum,1,999,0.0,999.0,Cash on Delivery,5,0
ORD004889,CUST0424,Mumbai,2024-12-21,Electronics,USB Hub,3,899,0.05,2562.15,Cash on Delivery,4,0
ORD004890,CUST0858,Lucknow,2023-10-05,Sports,Running Shoes,2,3499,0.15,5948.3,Credit Card,4,0
ORD004891,CUST0140,Chennai,2024-12-10,Beauty,Body Lotion,4,349,0.2,1116.8,Net Banking,5,0
ORD004892,CUST0615,Jaipur,2024-12-12,Beauty,Hair Mask,4,399,0.0,1596.0,UPI,5,0
ORD004893,CUST1141,Delhi,2024-04-08,Clothing,Formal Shirt,4,899,0.0,3596.0,UPI,4,0
ORD004894,CUST1060,Hyderabad,2024-03-28,Home & Kitchen,Knife Set,3,1299,0.0,3897.0,Cash on Delivery,1,0
ORD004895,CUST1479,Lucknow,2024-04-24,Groceries,Protein Bar Pack,3,699,0.05,1992.15,Credit Card,4,0
ORD004896,CUST0421,Chennai,2024-06-10,Home & Kitchen,Air Fryer,2,3999,0.1,7198.2,Net Banking,4,0
ORD004897,CUST0759,Pune,2024-02-13,Clothing,Jacket,3,2999,0.0,8997.0,Cash on Delivery,4,0
ORD004898,CUST0491,Kolkata,2024-12-04,Clothing,Jacket,2,2999,0.05,5698.1,Net Banking,5,0
ORD004899,CUST0672,Lucknow,2023-01-02,Groceries,Basmati Rice 5kg,4,499,0.0,1996.0,Net Banking,4,0
ORD004900,CUST1295,Chennai,2023-12-09,Electronics,Webcam,4,2199,0.0,8796.0,Net Banking,4,0
ORD004901,CUST1051,Pune,2023-07-26,Sports,Gym Gloves,1,399,0.2,319.2,Net Banking,2,0
ORD004902,CUST1334,Ahmedabad,2024-08-14,Home & Kitchen,Storage Box,4,299,0.2,956.8,Credit Card,5,0
ORD004903,CUST0309,Pune,2023-06-28,Clothing,Sneakers,2,2499,0.0,4998.0,UPI,5,0
ORD004904,CUST1318,Lucknow,2024-01-18,Clothing,Jacket,3,2999,0.0,8997.0,UPI,5,0
ORD004905,CUST0096,Kolkata,2024-08-13,Electronics,Laptop Stand,1,1299,0.0,1299.0,Cash on Delivery,5,0
ORD004906,CUST1342,Pune,2024-03-26,Sports,Running Shoes,1,3499,0.1,3149.1,Net Banking,1,0
ORD004907,CUST0490,Hyderabad,2023-04-16,Electronics,Webcam,4,2199,0.05,8356.2,Credit Card,4,0
ORD004908,CUST0474,Kolkata,2023-02-26,Home & Kitchen,Knife Set,1,1299,0.15,1104.15,UPI,4,0
ORD004909,CUST0779,Lucknow,2024-03-10,Electronics,USB Hub,2,899,0.0,1798.0,Cash on Delivery,5,0
ORD004910,CUST1420,Bangalore,2024-12-17,Groceries,Protein Bar Pack,4,699,0.05,2656.2,UPI,3,0
ORD004911,CUST0076,Hyderabad,2023-03-10,Home & Kitchen,Air Fryer,1,3999,0.0,3999.0,Cash on Delivery,3,0
ORD004912,CUST0518,Delhi,2023-04-19,Electronics,Wireless Earbuds,4,2499,0.0,9996.0,UPI,4,0
ORD004913,CUST1295,Chennai,2023-02-19,Electronics,Phone Charger,1,599,0.0,599.0,UPI,3,0
ORD004914,CUST0575,Bangalore,2024-10-03,Sports,Water Jug,2,599,0.15,1018.3,Cash on Delivery,4,0
ORD004915,CUST0305,Kolkata,2024-11-21,Clothing,Cotton T-Shirt,1,499,0.0,499.0,Net Banking,3,0
ORD004916,CUST0632,Pune,2024-10-25,Groceries,Green Tea,4,299,0.0,1196.0,UPI,4,0
ORD004917,CUST0555,Chennai,2024-09-01,Books,Data Science Guide,4,899,0.0,3596.0,Net Banking,5,0
ORD004918,CUST1376,Pune,2023-06-21,Books,Business Strategy,3,599,0.2,1437.6,Net Banking,4,0
ORD004919,CUST1152,Kolkata,2024-10-26,Books,Fiction Novel,3,299,0.15,762.45,UPI,3,0
ORD004920,CUST0768,Hyderabad,2023-12-24,Electronics,Laptop Stand,3,1299,0.0,3897.0,Debit Card,5,0
ORD004921,CUST1477,Lucknow,2024-11-27,Home & Kitchen,Storage Box,1,299,0.2,239.2,Credit Card,5,0
ORD004922,CUST0713,Delhi,2024-09-19,Clothing,Denim Jeans,4,1299,0.2,4156.8,Net Banking,5,0
ORD004923,CUST0094,Hyderabad,2024-08-10,Beauty,Lip Balm Pack,4,199,0.15,676.6,Cash on Delivery,5,0
ORD004924,CUST0402,Hyderabad,2024-11-23,Home & Kitchen,Knife Set,1,1299,0.15,1104.15,Credit Card,5,0
ORD004925,CUST0660,Chennai,2024-05-23,Beauty,Body Lotion,3,349,0.0,1047.0,Net Banking,5,0
ORD004926,CUST0246,Delhi,2024-01-07,Groceries,Green Tea,1,299,0.2,239.2,Cash on Delivery,4,0
ORD004927,CUST1428,Ahmedabad,2023-10-07,Books,Self Help,1,449,0.0,449.0,Credit Card,4,0
ORD004928,CUST1158,Jaipur,2023-12-12,Sports,Yoga Mat,2,799,0.2,1278.4,Debit Card,4,0
ORD004929,CUST0409,Kolkata,2023-09-19,Groceries,Basmati Rice 5kg,3,499,0.05,1422.15,Credit Card,4,0
ORD004930,CUST0911,Bangalore,2023-07-07,Sports,Gym Gloves,4,399,0.0,1596.0,Debit Card,4,0
ORD004931,CUST1102,Jaipur,2024-08-28,Groceries,Olive Oil,4,799,0.15,2716.6,Credit Card,3,0
ORD004932,CUST1420,Bangalore,2024-12-10,Electronics,Wireless Earbuds,3,2499,0.2,5997.6,Cash on Delivery,5,0
ORD004933,CUST1332,Kolkata,2024-09-16,Groceries,Protein Bar Pack,4,699,0.1,2516.4,UPI,4,0
ORD004934,CUST0786,Hyderabad,2023-09-06,Sports,Resistance Bands,2,499,0.0,998.0,Cash on Delivery,4,0
ORD004935,CUST1167,Ahmedabad,2024-11-05,Home & Kitchen,Air Fryer,2,3999,0.0,7998.0,Debit Card,4,0
ORD004936,CUST0852,Jaipur,2023-02-10,Books,Business Strategy,1,599,0.2,479.2,Debit Card,5,0
ORD004937,CUST0837,Lucknow,2023-12-21,Books,Self Help,3,449,0.0,1347.0,Net Banking,5,0
ORD004938,CUST0187,Jaipur,2023-12-06,Books,Data Science Guide,1,899,0.0,899.0,Debit Card,4,0
ORD004939,CUST0200,Mumbai,2024-07-15,Beauty,Body Lotion,4,349,0.2,1116.8,Cash on Delivery,5,0
ORD004940,CUST0801,Mumbai,2024-11-30,Clothing,Cotton T-Shirt,3,499,0.05,1422.15,Cash on Delivery,4,0
ORD004941,CUST0409,Kolkata,2023-01-06,Groceries,Protein Bar Pack,3,699,0.05,1992.15,Cash on Delivery,4,0
ORD004942,CUST0036,Delhi,2024-07-14,Clothing,Sneakers,1,2499,0.05,2374.05,Net Banking,5,0
ORD004943,CUST1102,Jaipur,2024-03-16,Beauty,Sunscreen SPF50,1,499,0.0,499.0,UPI,2,1
ORD004944,CUST0053,Pune,2023-05-28,Sports,Yoga Mat,3,799,0.0,2397.0,Debit Card,5,0
ORD004945,CUST0919,Ahmedabad,2024-05-30,Home & Kitchen,Knife Set,4,1299,0.1,4676.4,Cash on Delivery,4,0
ORD004946,CUST0812,Delhi,2023-12-05,Home & Kitchen,Coffee Mug,4,249,0.05,946.2,UPI,4,0
ORD004947,CUST1456,Pune,2023-10-29,Sports,Running Shoes,4,3499,0.2,11196.8,Debit Card,5,0
ORD004948,CUST0738,Delhi,2023-05-20,Groceries,Basmati Rice 5kg,1,499,0.1,449.1,Cash on Delivery,5,0
ORD004949,CUST0105,Lucknow,2024-12-08,Books,Data Science Guide,4,899,0.0,3596.0,Cash on Delivery,4,0
ORD004950,CUST0836,Chennai,2024-11-10,Home & Kitchen,Water Bottle,4,399,0.0,1596.0,Cash on Delivery,5,0
ORD004951,CUST1262,Bangalore,2024-06-12,Clothing,Formal Shirt,4,899,0.0,3596.0,Credit Card,5,0
ORD004952,CUST1496,Lucknow,2023-10-29,Clothing,Formal Shirt,3,899,0.2,2157.6,Debit Card,4,0
ORD004953,CUST0648,Hyderabad,2023-03-13,Home & Kitchen,Storage Box,4,299,0.0,1196.0,Net Banking,5,0
ORD004954,CUST0480,Kolkata,2023-05-16,Sports,Water Jug,2,599,0.15,1018.3,Debit Card,5,0
ORD004955,CUST1364,Chennai,2024-11-04,Beauty,Face Serum,4,999,0.0,3996.0,Cash on Delivery,4,0
ORD004956,CUST0285,Jaipur,2023-11-20,Groceries,Green Tea,1,299,0.2,239.2,Credit Card,5,0
ORD004957,CUST0949,Jaipur,2023-05-14,Home & Kitchen,Air Fryer,2,3999,0.15,6798.3,UPI,4,0
ORD004958,CUST0592,Ahmedabad,2024-03-26,Clothing,Denim Jeans,1,1299,0.0,1299.0,Debit Card,5,0
ORD004959,CUST0070,Hyderabad,2024-02-28,Beauty,Lip Balm Pack,1,199,0.1,179.1,Debit Card,5,0
ORD004960,CUST0513,Mumbai,2023-12-27,Groceries,Mixed Nuts,4,599,0.2,1916.8,Credit Card,4,0
ORD004961,CUST0406,Mumbai,2023-03-20,Beauty,Face Serum,2,999,0.15,1698.3,Credit Card,4,0
ORD004962,CUST1053,Kolkata,2024-05-14,Home & Kitchen,Coffee Mug,2,249,0.1,448.2,Credit Card,4,0
ORD004963,CUST1428,Ahmedabad,2024-12-14,Home & Kitchen,Knife Set,1,1299,0.0,1299.0,UPI,5,0
ORD004964,CUST0409,Kolkata,2024-02-15,Sports,Gym Gloves,3,399,0.1,1077.3,UPI,4,0
ORD004965,CUST1219,Ahmedabad,2024-06-19,Home & Kitchen,Storage Box,3,299,0.0,897.0,Debit Card,5,0
ORD004966,CUST0089,Chennai,2023-05-23,Books,Fiction Novel,2,299,0.0,598.0,Cash on Delivery,2,1
ORD004967,CUST0811,Ahmedabad,2024-08-21,Books,Fiction Novel,4,299,0.05,1136.2,Cash on Delivery,2,0
ORD004968,CUST0116,Delhi,2024-07-03,Groceries,Protein Bar Pack,3,699,0.0,2097.0,Debit Card,4,0
ORD004969,CUST1408,Kolkata,2023-02-06,Books,Fiction Novel,3,299,0.05,852.15,Credit Card,4,0
ORD004970,CUST1158,Jaipur,2024-11-21,Clothing,Cotton T-Shirt,2,499,0.2,798.4,Cash on Delivery,3,0
ORD004971,CUST1016,Pune,2023-06-21,Sports,Gym Gloves,4,399,0.0,1596.0,Debit Card,4,0
ORD004972,CUST1237,Hyderabad,2024-06-19,Electronics,Phone Charger,4,599,0.05,2276.2,UPI,4,0
ORD004973,CUST1005,Ahmedabad,2024-02-03,Clothing,Sneakers,4,2499,0.1,8996.4,Cash on Delivery,3,0
ORD004974,CUST1456,Pune,2023-05-28,Books,Business Strategy,2,599,0.05,1138.1,Net Banking,4,0
ORD004975,CUST1089,Lucknow,2024-06-01,Electronics,Phone Charger,2,599,0.0,1198.0,Net Banking,5,0
ORD004976,CUST1389,Lucknow,2023-10-03,Home & Kitchen,Coffee Mug,2,249,0.2,398.4,Credit Card,4,0
ORD004977,CUST0787,Pune,2024-11-12,Books,Python Programming,4,699,0.0,2796.0,Debit Card,4,0
ORD004978,CUST0192,Delhi,2023-09-06,Groceries,Mixed Nuts,3,599,0.05,1707.15,Net Banking,4,0
ORD004979,CUST0800,Delhi,2024-04-08,Clothing,Denim Jeans,2,1299,0.2,2078.4,Credit Card,4,0
ORD004980,CUST0200,Mumbai,2023-12-14,Electronics,USB Hub,3,899,0.0,2697.0,Cash on Delivery,4,0
ORD004981,CUST0915,Chennai,2024-04-18,Home & Kitchen,Water Bottle,1,399,0.0,399.0,Debit Card,4,0
ORD004982,CUST0736,Jaipur,2024-04-03,Clothing,Jacket,3,2999,0.2,7197.6,Credit Card,5,0
ORD004983,CUST0962,Delhi,2023-06-06,Groceries,Olive Oil,3,799,0.0,2397.0,UPI,4,0
ORD004984,CUST0013,Mumbai,2024-04-05,Groceries,Protein Bar Pack,2,699,0.1,1258.2,Net Banking,5,0
ORD004985,CUST0296,Kolkata,2023-04-17,Books,Python Programming,3,699,0.0,2097.0,Cash on Delivery,4,0
ORD004986,CUST0749,Chennai,2024-08-20,Sports,Yoga Mat,3,799,0.2,1917.6,UPI,4,0
ORD004987,CUST1430,Ahmedabad,2024-02-05,Home & Kitchen,Knife Set,2,1299,0.1,2338.2,UPI,5,0
ORD004988,CUST0553,Ahmedabad,2023-10-13,Home & Kitchen,Coffee Mug,1,249,0.0,249.0,UPI,4,0
ORD004989,CUST0632,Pune,2023-08-22,Books,Self Help,4,449,0.15,1526.6,Debit Card,4,0
ORD004990,CUST1089,Lucknow,2024-07-11,Sports,Yoga Mat,2,799,0.0,1598.0,UPI,5,0
ORD004991,CUST0932,Kolkata,2023-01-11,Sports,Water Jug,4,599,0.0,2396.0,Net Banking,5,0
ORD004992,CUST0452,Kolkata,2024-08-19,Clothing,Denim Jeans,3,1299,0.0,3897.0,UPI,5,0
ORD004993,CUST0610,Kolkata,2024-05-14,Clothing,Sneakers,3,2499,0.0,7497.0,Cash on Delivery,4,0
ORD004994,CUST0337,Bangalore,2023-03-29,Sports,Running Shoes,2,3499,0.0,6998.0,Credit Card,3,0
ORD004995,CUST1452,Hyderabad,2023-05-01,Clothing,Denim Jeans,1,1299,0.15,1104.15,Cash on Delivery,4,0
ORD004996,CUST0208,Jaipur,2024-07-11,Home & Kitchen,Air Fryer,4,3999,0.0,15996.0,UPI,4,0
ORD004997,CUST0536,Jaipur,2024-07-15,Home & Kitchen,Coffee Mug,1,249,0.0,249.0,Credit Card,5,0
ORD004998,CUST0046,Jaipur,2024-01-10,Electronics,Webcam,1,2199,0.0,2199.0,Debit Card,5,0
ORD004999,CUST0345,Chennai,2024-02-18,Home & Kitchen,Storage Box,2,299,0.0,598.0,Debit Card,4,0
ORD005000,CUST1176,Mumbai,2024-06-07,Books,Self Help,4,449,0.0,1796.0,Credit Card,5,0
ORD005001,CUST0306,Lucknow,2024-03-17,Groceries,Protein Bar Pack,3,699,0.1,1887.3,UPI,5,0
ORD005002,CUST0128,Jaipur,2024-05-21,Home & Kitchen,Coffee Mug,3,249,0.0,747.0,UPI,4,0
ORD005003,CUST0724,Pune,2023-01-27,Sports,Gym Gloves,3,399,0.0,1197.0,UPI,5,0
ORD005004,CUST0013,Mumbai,2024-07-30,Books,Data Science Guide,4,899,0.0,3596.0,Credit Card,5,0
ORD005005,CUST0137,Bangalore,2024-01-09,Home & Kitchen,Air Fryer,3,3999,0.1,10797.3,UPI,5,0
ORD005006,CUST1212,Pune,2023-12-20,Electronics,Webcam,2,2199,0.1,3958.2,UPI,5,0
ORD005007,CUST1164,Chennai,2023-03-05,Clothing,Formal Shirt,2,899,0.2,1438.4,Cash on Delivery,5,0
ORD005008,CUST1374,Hyderabad,2023-03-18,Books,Fiction Novel,2,299,0.2,478.4,UPI,4,0
ORD005009,CUST1293,Mumbai,2023-11-03,Electronics,Wireless Earbuds,2,2499,0.0,4998.0,UPI,5,0
ORD005010,CUST1049,Kolkata,2023-06-02,Home & Kitchen,Storage Box,3,299,0.0,897.0,Debit Card,2,1
ORD005011,CUST0087,Pune,2023-07-27,Home & Kitchen,Knife Set,3,1299,0.05,3702.15,Cash on Delivery,1,0
ORD005012,CUST1179,Delhi,2024-01-07,Clothing,Formal Shirt,1,899,0.0,899.0,Debit Card,5,0
ORD005013,CUST1272,Lucknow,2023-10-19,Clothing,Cotton T-Shirt,2,499,0.15,848.3,UPI,5,0
ORD005014,CUST1198,Kolkata,2024-03-22,Electronics,Phone Charger,2,599,0.2,958.4,Credit Card,4,0
ORD005015,CUST0772,Delhi,2023-04-01,Sports,Running Shoes,1,3499,0.0,3499.0,Credit Card,5,0
ORD005016,CUST0365,Kolkata,2024-08-08,Groceries,Olive Oil,3,799,0.05,2277.15,Cash on Delivery,4,0
ORD005017,CUST1272,Lucknow,2024-05-04,Electronics,Wireless Earbuds,3,2499,0.2,5997.6,UPI,5,0
ORD005018,CUST1105,Ahmedabad,2023-11-29,Electronics,Phone Charger,2,599,0.0,1198.0,Credit Card,4,0
ORD005019,CUST1469,Delhi,2023-04-27,Electronics,Webcam,1,2199,0.2,1759.2,UPI,4,0
ORD005020,CUST0246,Delhi,2024-05-29,Books,Data Science Guide,3,899,0.2,2157.6,Net Banking,5,0
ORD005021,CUST0352,Bangalore,2024-12-03,Electronics,Phone Charger,2,599,0.1,1078.2,Debit Card,5,0
ORD005022,CUST0325,Delhi,2023-07-10,Home & Kitchen,Knife Set,4,1299,0.0,5196.0,UPI,4,0
ORD005023,CUST1192,Pune,2023-04-30,Beauty,Sunscreen SPF50,1,499,0.2,399.2,Debit Card,3,0
ORD005024,CUST0279,Mumbai,2023-03-27,Sports,Yoga Mat,2,799,0.1,1438.2,Credit Card,5,0
ORD005025,CUST0113,Ahmedabad,2023-02-05,Electronics,USB Hub,3,899,0.1,2427.3,Cash on Delivery,3,0
ORD005026,CUST1500,Kolkata,2024-01-24,Sports,Yoga Mat,1,799,0.1,719.1,UPI,5,0
ORD005027,CUST0044,Mumbai,2023-04-30,Beauty,Hair Mask,2,399,0.0,798.0,Credit Card,5,0
ORD005028,CUST1249,Hyderabad,2023-06-07,Books,Fiction Novel,1,299,0.1,269.1,UPI,2,1
ORD005029,CUST0532,Bangalore,2024-03-28,Home & Kitchen,Coffee Mug,2,249,0.0,498.0,Debit Card,5,0
ORD005030,CUST1262,Bangalore,2023-02-25,Beauty,Lip Balm Pack,4,199,0.05,756.2,Credit Card,5,0
ORD005031,CUST0840,Lucknow,2024-11-01,Home & Kitchen,Air Fryer,1,3999,0.2,3199.2,Cash on Delivery,4,0
ORD005032,CUST1357,Jaipur,2024-05-05,Sports,Yoga Mat,1,799,0.1,719.1,UPI,4,0
ORD005033,CUST1395,Pune,2023-07-30,Beauty,Face Serum,1,999,0.0,999.0,Credit Card,5,0
ORD005034,CUST0012,Mumbai,2023-09-27,Beauty,Sunscreen SPF50,3,499,0.2,1197.6,Net Banking,4,0
ORD005035,CUST0121,Delhi,2024-06-15,Electronics,Laptop Stand,1,1299,0.0,1299.0,Net Banking,4,0
ORD005036,CUST0390,Chennai,2023-12-22,Groceries,Basmati Rice 5kg,4,499,0.05,1896.2,Debit Card,5,0
ORD005037,CUST1027,Kolkata,2023-03-19,Groceries,Protein Bar Pack,2,699,0.0,1398.0,Debit Card,5,0
ORD005038,CUST1338,Pune,2023-07-20,Electronics,Laptop Stand,1,1299,0.2,1039.2,Cash on Delivery,5,0
ORD005039,CUST0706,Ahmedabad,2024-11-18,Books,Python Programming,1,699,0.15,594.15,Credit Card,5,0
ORD005040,CUST0934,Mumbai,2024-08-10,Groceries,Protein Bar Pack,1,699,0.0,699.0,Debit Card,5,0
ORD005041,CUST0280,Pune,2024-04-17,Electronics,Laptop Stand,4,1299,0.2,4156.8,Cash on Delivery,1,1
ORD005042,CUST1209,Bangalore,2024-12-03,Groceries,Protein Bar Pack,4,699,0.05,2656.2,Debit Card,5,0
ORD005043,CUST1453,Bangalore,2024-04-17,Beauty,Sunscreen SPF50,2,499,0.15,848.3,UPI,2,0
ORD005044,CUST0409,Kolkata,2024-05-22,Sports,Yoga Mat,1,799,0.1,719.1,Credit Card,5,0
ORD005045,CUST0753,Chennai,2023-09-13,Groceries,Basmati Rice 5kg,4,499,0.0,1996.0,UPI,3,0
ORD005046,CUST0140,Chennai,2024-07-01,Clothing,Cotton T-Shirt,4,499,0.0,1996.0,UPI,5,0
ORD005047,CUST0848,Delhi,2024-10-28,Groceries,Green Tea,2,299,0.1,538.2,Net Banking,3,0
ORD005048,CUST0766,Chennai,2024-08-14,Groceries,Green Tea,1,299,0.2,239.2,Debit Card,4,0
ORD005049,CUST0230,Delhi,2024-01-18,Sports,Running Shoes,2,3499,0.15,5948.3,UPI,4,0
ORD005050,CUST0674,Kolkata,2023-04-26,Books,Business Strategy,3,599,0.0,1797.0,Credit Card,4,0
ORD005051,CUST0500,Ahmedabad,2023-11-15,Sports,Water Jug,1,599,0.0,599.0,Debit Card,4,0
ORD005052,CUST0796,Jaipur,2024-07-09,Beauty,Sunscreen SPF50,4,499,0.05,1896.2,Debit Card,4,0
ORD005053,CUST0898,Kolkata,2024-07-30,Sports,Water Jug,2,599,0.05,1138.1,Debit Card,5,0
ORD005054,CUST0012,Mumbai,2023-09-22,Clothing,Denim Jeans,1,1299,0.0,1299.0,Net Banking,5,0
ORD005055,CUST1151,Pune,2023-11-15,Groceries,Protein Bar Pack,3,699,0.1,1887.3,UPI,4,0
ORD005056,CUST1089,Lucknow,2023-09-30,Sports,Water Jug,4,599,0.15,2036.6,Debit Card,3,0
ORD005057,CUST0532,Bangalore,2024-02-14,Home & Kitchen,Air Fryer,2,3999,0.0,7998.0,Net Banking,4,0
ORD005058,CUST0087,Pune,2024-03-28,Groceries,Mixed Nuts,2,599,0.1,1078.2,Credit Card,4,0
ORD005059,CUST1147,Pune,2023-11-06,Electronics,USB Hub,3,899,0.1,2427.3,UPI,1,1
ORD005060,CUST1440,Lucknow,2023-07-02,Groceries,Basmati Rice 5kg,3,499,0.05,1422.15,UPI,4,0
ORD005061,CUST0377,Mumbai,2023-03-16,Books,Data Science Guide,4,899,0.0,3596.0,Net Banking,4,0
ORD005062,CUST0485,Kolkata,2023-02-01,Electronics,Wireless Earbuds,3,2499,0.05,7122.15,Net Banking,5,0
ORD005063,CUST0275,Hyderabad,2023-01-23,Electronics,Wireless Earbuds,2,2499,0.05,4748.1,UPI,5,0
ORD005064,CUST0885,Ahmedabad,2023-09-22,Groceries,Mixed Nuts,4,599,0.0,2396.0,Net Banking,3,0
ORD005065,CUST0243,Chennai,2023-09-19,Sports,Resistance Bands,4,499,0.1,1796.4,Debit Card,5,0
ORD005066,CUST0523,Kolkata,2023-01-28,Home & Kitchen,Knife Set,1,1299,0.0,1299.0,UPI,3,0
ORD005067,CUST1062,Hyderabad,2024-08-03,Books,Business Strategy,3,599,0.0,1797.0,Net Banking,4,0
ORD005068,CUST0848,Delhi,2023-08-25,Beauty,Lip Balm Pack,1,199,0.0,199.0,Credit Card,5,0
ORD005069,CUST0559,Ahmedabad,2023-05-21,Electronics,Webcam,4,2199,0.15,7476.6,Debit Card,3,0
ORD005070,CUST0625,Bangalore,2024-08-24,Clothing,Jacket,4,2999,0.2,9596.8,UPI,4,0
ORD005071,CUST0852,Jaipur,2024-03-31,Books,Data Science Guide,1,899,0.15,764.15,Debit Card,5,0
ORD005072,CUST0009,Delhi,2024-01-12,Home & Kitchen,Coffee Mug,2,249,0.1,448.2,Credit Card,5,0
ORD005073,CUST0127,Chennai,2024-08-22,Sports,Running Shoes,4,3499,0.0,13996.0,Credit Card,3,0
ORD005074,CUST1332,Kolkata,2024-11-30,Beauty,Body Lotion,1,349,0.05,331.55,UPI,5,0
ORD005075,CUST0122,Kolkata,2023-07-13,Electronics,Webcam,1,2199,0.0,2199.0,UPI,4,0
ORD005076,CUST1081,Kolkata,2024-06-24,Beauty,Face Serum,2,999,0.0,1998.0,Cash on Delivery,5,0
ORD005077,CUST1383,Kolkata,2024-04-19,Groceries,Olive Oil,4,799,0.2,2556.8,Debit Card,2,0
ORD005078,CUST0412,Bangalore,2024-11-07,Beauty,Lip Balm Pack,3,199,0.15,507.45,Credit Card,4,0
ORD005079,CUST0535,Mumbai,2023-10-19,Groceries,Olive Oil,3,799,0.0,2397.0,Net Banking,5,0
ORD005080,CUST0869,Lucknow,2023-05-22,Home & Kitchen,Coffee Mug,3,249,0.0,747.0,Net Banking,5,0
ORD005081,CUST1332,Kolkata,2024-05-01,Beauty,Hair Mask,4,399,0.0,1596.0,Cash on Delivery,4,0
ORD005082,CUST1420,Bangalore,2023-03-10,Electronics,Wireless Earbuds,1,2499,0.05,2374.05,Net Banking,5,0
ORD005083,CUST1122,Chennai,2024-08-16,Clothing,Formal Shirt,3,899,0.05,2562.15,UPI,5,0
ORD005084,CUST0140,Chennai,2023-11-17,Books,Business Strategy,2,599,0.0,1198.0,Net Banking,5,0
ORD005085,CUST1027,Kolkata,2023-06-16,Books,Data Science Guide,2,899,0.2,1438.4,Cash on Delivery,4,0
ORD005086,CUST0610,Kolkata,2024-11-30,Sports,Water Jug,1,599,0.15,509.15,Credit Card,5,0
ORD005087,CUST0718,Lucknow,2024-07-23,Electronics,Laptop Stand,1,1299,0.05,1234.05,Credit Card,5,0
ORD005088,CUST0079,Kolkata,2024-11-02,Clothing,Jacket,3,2999,0.15,7647.45,Net Banking,4,0
ORD005089,CUST0285,Jaipur,2023-10-05,Electronics,Phone Charger,1,599,0.2,479.2,Cash on Delivery,5,0
ORD005090,CUST1187,Hyderabad,2024-12-16,Groceries,Green Tea,3,299,0.0,897.0,UPI,5,0
ORD005091,CUST0688,Pune,2023-12-26,Clothing,Denim Jeans,3,1299,0.15,3312.45,Cash on Delivery,5,0
ORD005092,CUST0456,Mumbai,2024-11-21,Clothing,Denim Jeans,4,1299,0.0,5196.0,Net Banking,4,0
ORD005093,CUST0554,Ahmedabad,2024-05-18,Books,Business Strategy,4,599,0.15,2036.6,Cash on Delivery,4,0
ORD005094,CUST1293,Mumbai,2024-02-29,Electronics,Phone Charger,1,599,0.0,599.0,Net Banking,5,0
ORD005095,CUST1139,Chennai,2023-03-26,Groceries,Protein Bar Pack,4,699,0.0,2796.0,Cash on Delivery,4,0
ORD005096,CUST0413,Delhi,2024-11-22,Clothing,Cotton T-Shirt,4,499,0.0,1996.0,Cash on Delivery,5,0
ORD005097,CUST0192,Delhi,2024-08-13,Groceries,Basmati Rice 5kg,1,499,0.05,474.05,Net Banking,3,0
ORD005098,CUST0391,Pune,2023-09-21,Electronics,Wireless Earbuds,3,2499,0.05,7122.15,Credit Card,4,0
ORD005099,CUST1383,Kolkata,2024-08-13,Electronics,Webcam,2,2199,0.0,4398.0,UPI,4,0
ORD005100,CUST0893,Ahmedabad,2024-11-17,Clothing,Formal Shirt,4,899,0.0,3596.0,Cash on Delivery,4,0
ORD005101,CUST0807,Pune,2024-05-23,Beauty,Hair Mask,2,399,0.0,798.0,Net Banking,5,0
ORD005102,CUST0921,Ahmedabad,2023-01-05,Groceries,Green Tea,4,299,0.05,1136.2,Credit Card,2,0
ORD005103,CUST0532,Bangalore,2023-06-26,Books,Data Science Guide,3,899,0.0,2697.0,Credit Card,4,0
ORD005104,CUST1210,Kolkata,2023-06-17,Clothing,Cotton T-Shirt,1,499,0.1,449.1,Net Banking,5,0
ORD005105,CUST0796,Jaipur,2024-02-23,Home & Kitchen,Coffee Mug,1,249,0.1,224.1,Net Banking,5,0
ORD005106,CUST0192,Delhi,2024-03-16,Books,Python Programming,2,699,0.1,1258.2,Debit Card,4,0
ORD005107,CUST0204,Delhi,2023-03-06,Sports,Resistance Bands,3,499,0.05,1422.15,Net Banking,4,0
ORD005108,CUST0811,Ahmedabad,2023-01-02,Beauty,Body Lotion,2,349,0.0,698.0,Debit Card,5,0
ORD005109,CUST1410,Ahmedabad,2024-08-30,Books,Self Help,1,449,0.2,359.2,Credit Card,5,0
ORD005110,CUST0468,Delhi,2024-06-16,Home & Kitchen,Air Fryer,2,3999,0.05,7598.1,Cash on Delivery,5,0
ORD005111,CUST1313,Lucknow,2024-12-22,Books,Fiction Novel,4,299,0.15,1016.6,Cash on Delivery,5,0
ORD005112,CUST1154,Hyderabad,2024-12-24,Clothing,Denim Jeans,1,1299,0.05,1234.05,Cash on Delivery,2,0
ORD005113,CUST0386,Bangalore,2023-06-08,Clothing,Formal Shirt,3,899,0.1,2427.3,Net Banking,5,0
ORD005114,CUST0056,Delhi,2024-02-24,Home & Kitchen,Storage Box,4,299,0.2,956.8,Debit Card,5,0
ORD005115,CUST0164,Hyderabad,2024-05-01,Sports,Water Jug,3,599,0.0,1797.0,UPI,5,0
ORD005116,CUST1105,Ahmedabad,2024-03-28,Beauty,Hair Mask,4,399,0.0,1596.0,Net Banking,3,0
ORD005117,CUST0305,Kolkata,2024-09-04,Home & Kitchen,Storage Box,3,299,0.0,897.0,Cash on Delivery,4,0
ORD005118,CUST0536,Jaipur,2024-05-03,Electronics,Laptop Stand,3,1299,0.05,3702.15,Credit Card,4,0
ORD005119,CUST0764,Ahmedabad,2023-12-08,Beauty,Face Serum,2,999,0.0,1998.0,Debit Card,5,0
ORD005120,CUST1104,Delhi,2024-02-11,Electronics,Phone Charger,4,599,0.0,2396.0,Debit Card,5,0
ORD005121,CUST0184,Kolkata,2024-02-03,Electronics,Phone Charger,2,599,0.2,958.4,UPI,5,0
ORD005122,CUST0595,Chennai,2023-08-17,Groceries,Olive Oil,3,799,0.05,2277.15,Cash on Delivery,4,0
ORD005123,CUST0738,Delhi,2023-09-22,Books,Python Programming,4,699,0.2,2236.8,Credit Card,5,0
ORD005124,CUST0814,Kolkata,2023-03-30,Books,Self Help,2,449,0.0,898.0,UPI,4,0
ORD005125,CUST1229,Pune,2024-02-14,Clothing,Denim Jeans,3,1299,0.05,3702.15,UPI,5,0
ORD005126,CUST0262,Bangalore,2024-07-25,Electronics,Phone Charger,3,599,0.15,1527.45,Cash on Delivery,4,0
ORD005127,CUST1212,Pune,2024-01-02,Sports,Yoga Mat,1,799,0.15,679.15,Debit Card,5,0
ORD005128,CUST1059,Delhi,2023-05-20,Home & Kitchen,Knife Set,2,1299,0.0,2598.0,Debit Card,4,0
ORD005129,CUST0842,Mumbai,2024-06-29,Clothing,Formal Shirt,2,899,0.0,1798.0,Net Banking,5,0
ORD005130,CUST1066,Delhi,2023-05-24,Clothing,Jacket,2,2999,0.05,5698.1,Debit Card,5,0
ORD005131,CUST0612,Ahmedabad,2024-08-16,Home & Kitchen,Water Bottle,2,399,0.0,798.0,Credit Card,4,0
ORD005132,CUST0221,Hyderabad,2024-12-16,Clothing,Denim Jeans,4,1299,0.2,4156.8,Credit Card,5,0
ORD005133,CUST1024,Pune,2024-11-01,Electronics,Webcam,3,2199,0.0,6597.0,Credit Card,4,0
ORD005134,CUST0797,Chennai,2023-07-22,Clothing,Sneakers,1,2499,0.0,2499.0,Debit Card,3,0
ORD005135,CUST0994,Delhi,2023-10-15,Books,Python Programming,2,699,0.1,1258.2,Credit Card,4,0
ORD005136,CUST0504,Jaipur,2024-10-02,Clothing,Formal Shirt,4,899,0.1,3236.4,UPI,5,0
ORD005137,CUST1364,Chennai,2024-08-29,Home & Kitchen,Water Bottle,4,399,0.0,1596.0,UPI,4,0
ORD005138,CUST0906,Lucknow,2024-08-08,Beauty,Face Serum,4,999,0.05,3796.2,Cash on Delivery,5,0
ORD005139,CUST0138,Ahmedabad,2024-12-23,Electronics,Laptop Stand,3,1299,0.0,3897.0,UPI,4,0
ORD005140,CUST0681,Lucknow,2024-05-16,Books,Data Science Guide,1,899,0.0,899.0,Cash on Delivery,5,0
ORD005141,CUST1148,Bangalore,2024-11-15,Beauty,Sunscreen SPF50,4,499,0.1,1796.4,UPI,3,0
ORD005142,CUST1196,Ahmedabad,2023-05-29,Electronics,USB Hub,2,899,0.15,1528.3,Net Banking,5,0
ORD005143,CUST0752,Hyderabad,2024-06-26,Clothing,Jacket,4,2999,0.1,10796.4,Debit Card,4,0
ORD005144,CUST1349,Kolkata,2024-08-08,Groceries,Olive Oil,2,799,0.15,1358.3,Cash on Delivery,2,0
ORD005145,CUST0409,Kolkata,2023-08-05,Sports,Water Jug,2,599,0.15,1018.3,UPI,3,0
ORD005146,CUST0610,Kolkata,2024-08-31,Electronics,Phone Charger,2,599,0.0,1198.0,Cash on Delivery,4,0
ORD005147,CUST1354,Mumbai,2024-01-07,Beauty,Lip Balm Pack,3,199,0.2,477.6,Credit Card,5,0
ORD005148,CUST1351,Pune,2024-03-22,Clothing,Formal Shirt,1,899,0.05,854.05,Cash on Delivery,4,0
ORD005149,CUST1053,Kolkata,2024-04-13,Home & Kitchen,Air Fryer,4,3999,0.15,13596.6,UPI,4,0
ORD005150,CUST1302,Delhi,2023-11-01,Home & Kitchen,Knife Set,4,1299,0.0,5196.0,Cash on Delivery,5,0
ORD005151,CUST0141,Jaipur,2023-05-26,Books,Fiction Novel,4,299,0.0,1196.0,UPI,4,0
ORD005152,CUST1308,Lucknow,2023-01-01,Books,Fiction Novel,1,299,0.15,254.15,UPI,4,0
ORD005153,CUST0481,Bangalore,2024-04-25,Clothing,Formal Shirt,2,899,0.2,1438.4,Debit Card,4,0
ORD005154,CUST0271,Ahmedabad,2024-02-15,Electronics,USB Hub,3,899,0.1,2427.3,Net Banking,4,0
ORD005155,CUST0374,Jaipur,2024-09-02,Groceries,Olive Oil,4,799,0.0,3196.0,Cash on Delivery,5,0
ORD005156,CUST0619,Lucknow,2023-07-25,Groceries,Green Tea,3,299,0.0,897.0,UPI,4,0
ORD005157,CUST0390,Chennai,2024-03-21,Groceries,Mixed Nuts,4,599,0.0,2396.0,UPI,5,0
ORD005158,CUST0481,Bangalore,2024-06-09,Clothing,Cotton T-Shirt,4,499,0.0,1996.0,Credit Card,4,0
ORD005159,CUST0218,Hyderabad,2024-11-09,Electronics,Phone Charger,1,599,0.0,599.0,Net Banking,3,0
ORD005160,CUST0448,Kolkata,2024-11-30,Clothing,Sneakers,4,2499,0.0,9996.0,Debit Card,5,0
ORD005161,CUST0870,Hyderabad,2024-12-22,Groceries,Protein Bar Pack,4,699,0.0,2796.0,Debit Card,5,0
ORD005162,CUST0674,Kolkata,2024-04-07,Books,Data Science Guide,3,899,0.1,2427.3,Debit Card,4,0
ORD005163,CUST0511,Hyderabad,2024-02-05,Sports,Yoga Mat,4,799,0.15,2716.6,Credit Card,1,1
ORD005164,CUST1135,Pune,2024-07-15,Electronics,Webcam,1,2199,0.0,2199.0,Net Banking,4,0
ORD005165,CUST1349,Kolkata,2023-06-07,Books,Python Programming,4,699,0.0,2796.0,UPI,4,0
ORD005166,CUST1148,Bangalore,2024-04-25,Beauty,Lip Balm Pack,2,199,0.15,338.3,Cash on Delivery,4,0
ORD005167,CUST0499,Jaipur,2024-03-17,Groceries,Mixed Nuts,1,599,0.05,569.05,Cash on Delivery,5,0
ORD005168,CUST1129,Mumbai,2023-04-10,Books,Python Programming,2,699,0.05,1328.1,UPI,5,0
ORD005169,CUST0242,Bangalore,2023-10-20,Beauty,Hair Mask,1,399,0.0,399.0,Net Banking,4,0
ORD005170,CUST0208,Jaipur,2024-03-21,Beauty,Sunscreen SPF50,3,499,0.05,1422.15,UPI,5,0
ORD005171,CUST0510,Hyderabad,2023-08-28,Groceries,Protein Bar Pack,2,699,0.15,1188.3,Cash on Delivery,4,0
ORD005172,CUST1212,Pune,2024-08-09,Electronics,USB Hub,2,899,0.1,1618.2,Net Banking,1,1
ORD005173,CUST0385,Jaipur,2024-07-09,Groceries,Basmati Rice 5kg,2,499,0.05,948.1,UPI,5,0
ORD005174,CUST0105,Lucknow,2024-08-30,Books,Self Help,4,449,0.0,1796.0,Cash on Delivery,4,0
ORD005175,CUST0212,Hyderabad,2023-09-09,Sports,Resistance Bands,4,499,0.0,1996.0,UPI,5,0
ORD005176,CUST1300,Kolkata,2023-11-23,Electronics,Webcam,4,2199,0.1,7916.4,Cash on Delivery,5,0
ORD005177,CUST0987,Jaipur,2023-11-28,Electronics,Laptop Stand,2,1299,0.15,2208.3,Cash on Delivery,2,1
ORD005178,CUST0391,Pune,2024-02-07,Beauty,Body Lotion,4,349,0.0,1396.0,Debit Card,5,0
ORD005179,CUST0840,Lucknow,2023-08-26,Groceries,Olive Oil,3,799,0.2,1917.6,Cash on Delivery,4,0
ORD005180,CUST0800,Delhi,2023-04-25,Home & Kitchen,Coffee Mug,3,249,0.0,747.0,Credit Card,3,0
ORD005181,CUST1013,Jaipur,2023-08-29,Books,Business Strategy,4,599,0.0,2396.0,Credit Card,4,0
ORD005182,CUST0365,Kolkata,2023-12-05,Electronics,Webcam,1,2199,0.0,2199.0,Net Banking,5,0
ORD005183,CUST1307,Pune,2023-01-01,Sports,Running Shoes,4,3499,0.05,13296.2,Cash on Delivery,5,0
ORD005184,CUST0470,Jaipur,2024-02-17,Beauty,Face Serum,2,999,0.05,1898.1,UPI,4,0
ORD005185,CUST1061,Chennai,2023-03-25,Home & Kitchen,Knife Set,1,1299,0.15,1104.15,Debit Card,4,0
ORD005186,CUST0031,Pune,2023-09-01,Clothing,Cotton T-Shirt,3,499,0.0,1497.0,Net Banking,5,0
ORD005187,CUST0537,Hyderabad,2024-02-23,Books,Business Strategy,3,599,0.1,1617.3,Credit Card,5,0
ORD005188,CUST0518,Delhi,2023-11-06,Books,Fiction Novel,1,299,0.0,299.0,Cash on Delivery,3,0
ORD005189,CUST0815,Ahmedabad,2024-01-17,Sports,Resistance Bands,2,499,0.0,998.0,Cash on Delivery,3,0
ORD005190,CUST0119,Kolkata,2023-08-17,Home & Kitchen,Knife Set,1,1299,0.0,1299.0,UPI,4,0
ORD005191,CUST1186,Delhi,2024-08-23,Books,Python Programming,1,699,0.0,699.0,Net Banking,4,0
ORD005192,CUST0337,Bangalore,2023-02-01,Clothing,Jacket,1,2999,0.0,2999.0,UPI,2,0
ORD005193,CUST1041,Bangalore,2023-04-05,Beauty,Lip Balm Pack,1,199,0.1,179.1,Cash on Delivery,5,0
ORD005194,CUST1206,Delhi,2023-10-30,Electronics,Laptop Stand,1,1299,0.1,1169.1,Cash on Delivery,5,0
ORD005195,CUST0852,Jaipur,2024-01-18,Electronics,Phone Charger,4,599,0.15,2036.6,Credit Card,2,1
ORD005196,CUST1123,Chennai,2024-08-13,Sports,Yoga Mat,2,799,0.2,1278.4,Net Banking,4,0
ORD005197,CUST1021,Hyderabad,2024-11-07,Electronics,Webcam,4,2199,0.2,7036.8,Net Banking,4,0
ORD005198,CUST0523,Kolkata,2023-11-15,Electronics,Webcam,1,2199,0.15,1869.15,Debit Card,5,0
ORD005199,CUST1214,Kolkata,2024-07-25,Sports,Resistance Bands,2,499,0.2,798.4,UPI,5,0
ORD005200,CUST0447,Pune,2024-03-08,Electronics,Laptop Stand,1,1299,0.1,1169.1,Cash on Delivery,3,0
ORD005201,CUST0870,Hyderabad,2023-07-19,Clothing,Denim Jeans,2,1299,0.0,2598.0,UPI,4,0
ORD005202,CUST1131,Ahmedabad,2023-09-29,Clothing,Denim Jeans,1,1299,0.1,1169.1,Debit Card,2,1
ORD005203,CUST0548,Jaipur,2024-01-07,Home & Kitchen,Air Fryer,4,3999,0.05,15196.2,UPI,4,0
ORD005204,CUST0462,Pune,2024-07-07,Home & Kitchen,Water Bottle,4,399,0.0,1596.0,Credit Card,1,1
ORD005205,CUST0706,Ahmedabad,2023-05-15,Books,Data Science Guide,4,899,0.2,2876.8,Debit Card,5,0
ORD005206,CUST1229,Pune,2024-03-15,Electronics,Laptop Stand,3,1299,0.0,3897.0,Credit Card,4,0
ORD005207,CUST1404,Mumbai,2024-03-17,Clothing,Cotton T-Shirt,1,499,0.1,449.1,Cash on Delivery,2,0
ORD005208,CUST0821,Lucknow,2024-11-15,Electronics,Wireless Earbuds,2,2499,0.2,3998.4,Debit Card,5,0
ORD005209,CUST1019,Lucknow,2023-03-02,Beauty,Body Lotion,2,349,0.0,698.0,UPI,3,0
ORD005210,CUST1360,Kolkata,2023-05-19,Sports,Gym Gloves,4,399,0.1,1436.4,Debit Card,2,0
ORD005211,CUST0158,Mumbai,2024-03-16,Electronics,USB Hub,3,899,0.1,2427.3,Cash on Delivery,4,0
ORD005212,CUST0363,Mumbai,2023-01-21,Books,Fiction Novel,1,299,0.2,239.2,Net Banking,5,0
ORD005213,CUST1084,Bangalore,2024-07-14,Books,Python Programming,4,699,0.2,2236.8,Credit Card,2,1
ORD005214,CUST1237,Hyderabad,2023-05-25,Groceries,Olive Oil,1,799,0.0,799.0,Debit Card,5,0
ORD005215,CUST1296,Ahmedabad,2023-05-06,Beauty,Lip Balm Pack,1,199,0.1,179.1,UPI,4,0
ORD005216,CUST0616,Mumbai,2023-09-19,Beauty,Face Serum,1,999,0.0,999.0,Net Banking,5,0
ORD005217,CUST0141,Jaipur,2024-09-17,Beauty,Face Serum,1,999,0.15,849.15,Credit Card,4,0
ORD005218,CUST0662,Bangalore,2024-03-11,Groceries,Basmati Rice 5kg,2,499,0.0,998.0,UPI,4,0
ORD005219,CUST0360,Jaipur,2024-02-18,Groceries,Green Tea,3,299,0.0,897.0,UPI,1,0
ORD005220,CUST0445,Kolkata,2023-05-15,Beauty,Body Lotion,1,349,0.05,331.55,Net Banking,5,0
ORD005221,CUST1166,Delhi,2024-08-31,Groceries,Mixed Nuts,4,599,0.05,2276.2,Cash on Delivery,4,0
ORD005222,CUST0121,Delhi,2024-10-31,Books,Fiction Novel,3,299,0.1,807.3,Cash on Delivery,2,1
ORD005223,CUST1241,Hyderabad,2024-11-12,Groceries,Basmati Rice 5kg,3,499,0.0,1497.0,Credit Card,5,0
ORD005224,CUST0646,Mumbai,2024-10-28,Groceries,Green Tea,3,299,0.05,852.15,Net Banking,4,0
ORD005225,CUST0919,Ahmedabad,2024-10-04,Clothing,Formal Shirt,2,899,0.15,1528.3,Net Banking,4,0
ORD005226,CUST0141,Jaipur,2023-12-20,Home & Kitchen,Knife Set,1,1299,0.1,1169.1,Credit Card,3,0
ORD005227,CUST0502,Delhi,2024-06-21,Home & Kitchen,Storage Box,4,299,0.0,1196.0,Net Banking,5,0
ORD005228,CUST0141,Jaipur,2024-12-30,Electronics,Laptop Stand,3,1299,0.15,3312.45,Cash on Delivery,4,0
ORD005229,CUST1448,Mumbai,2024-12-03,Groceries,Green Tea,1,299,0.0,299.0,Cash on Delivery,4,0
ORD005230,CUST1210,Kolkata,2023-05-04,Beauty,Lip Balm Pack,4,199,0.0,796.0,Net Banking,5,0
ORD005231,CUST0706,Ahmedabad,2023-01-09,Clothing,Jacket,4,2999,0.05,11396.2,UPI,5,0
ORD005232,CUST0350,Delhi,2024-02-14,Sports,Gym Gloves,2,399,0.0,798.0,Cash on Delivery,5,0
ORD005233,CUST1407,Hyderabad,2023-02-17,Books,Self Help,4,449,0.15,1526.6,UPI,3,0
ORD005234,CUST0509,Chennai,2024-05-17,Home & Kitchen,Water Bottle,4,399,0.15,1356.6,UPI,5,0
ORD005235,CUST0249,Delhi,2024-05-24,Electronics,Phone Charger,1,599,0.0,599.0,Debit Card,5,0
ORD005236,CUST0854,Bangalore,2023-10-08,Electronics,Phone Charger,3,599,0.0,1797.0,Debit Card,3,0
ORD005237,CUST1425,Chennai,2024-02-04,Groceries,Olive Oil,3,799,0.2,1917.6,Credit Card,5,0
ORD005238,CUST0004,Hyderabad,2024-02-04,Sports,Running Shoes,3,3499,0.1,9447.3,Net Banking,5,0
ORD005239,CUST0368,Mumbai,2023-02-27,Clothing,Cotton T-Shirt,3,499,0.2,1197.6,Debit Card,4,0
ORD005240,CUST1416,Lucknow,2023-07-23,Electronics,USB Hub,2,899,0.0,1798.0,Debit Card,5,0
ORD005241,CUST0262,Bangalore,2024-02-28,Books,Python Programming,3,699,0.0,2097.0,Cash on Delivery,1,0
ORD005242,CUST0184,Kolkata,2023-06-03,Clothing,Formal Shirt,2,899,0.0,1798.0,Credit Card,3,0
ORD005243,CUST0869,Lucknow,2024-08-15,Electronics,Webcam,1,2199,0.0,2199.0,UPI,4,0
ORD005244,CUST1305,Delhi,2023-10-11,Books,Data Science Guide,1,899,0.2,719.2,Credit Card,5,0
ORD005245,CUST0726,Ahmedabad,2023-08-16,Groceries,Basmati Rice 5kg,4,499,0.1,1796.4,Debit Card,4,0
ORD005246,CUST1488,Lucknow,2024-07-11,Books,Self Help,4,449,0.1,1616.4,UPI,3,0
ORD005247,CUST1044,Delhi,2024-03-13,Electronics,Phone Charger,1,599,0.0,599.0,Debit Card,5,0
ORD005248,CUST0119,Kolkata,2024-09-29,Clothing,Cotton T-Shirt,2,499,0.05,948.1,Cash on Delivery,5,0
ORD005249,CUST1483,Delhi,2023-01-16,Electronics,Webcam,1,2199,0.15,1869.15,Cash on Delivery,5,0
ORD005250,CUST0596,Kolkata,2024-02-23,Home & Kitchen,Water Bottle,3,399,0.0,1197.0,Net Banking,4,0
ORD005251,CUST0439,Bangalore,2023-08-11,Sports,Gym Gloves,4,399,0.2,1276.8,UPI,5,0
ORD005252,CUST0844,Delhi,2023-12-22,Sports,Water Jug,4,599,0.0,2396.0,Net Banking,5,0
ORD005253,CUST0464,Delhi,2024-05-20,Clothing,Formal Shirt,2,899,0.0,1798.0,Debit Card,5,0
ORD005254,CUST0140,Chennai,2023-07-10,Groceries,Mixed Nuts,3,599,0.15,1527.45,UPI,3,0
ORD005255,CUST0002,Mumbai,2024-04-22,Clothing,Formal Shirt,1,899,0.0,899.0,Cash on Delivery,5,0
ORD005256,CUST0681,Lucknow,2023-02-17,Beauty,Sunscreen SPF50,1,499,0.0,499.0,UPI,5,0
ORD005257,CUST1250,Delhi,2024-06-23,Groceries,Mixed Nuts,2,599,0.1,1078.2,Net Banking,3,0
ORD005258,CUST0870,Hyderabad,2024-02-11,Clothing,Cotton T-Shirt,3,499,0.05,1422.15,Net Banking,4,0
ORD005259,CUST1500,Kolkata,2024-07-13,Home & Kitchen,Air Fryer,2,3999,0.1,7198.2,UPI,5,0
ORD005260,CUST0438,Chennai,2024-11-12,Groceries,Green Tea,4,299,0.0,1196.0,Net Banking,3,0
ORD005261,CUST0426,Kolkata,2023-08-09,Groceries,Olive Oil,1,799,0.15,679.15,Net Banking,5,0
ORD005262,CUST0249,Delhi,2024-01-16,Sports,Running Shoes,2,3499,0.0,6998.0,Debit Card,5,0
ORD005263,CUST0253,Delhi,2024-11-01,Home & Kitchen,Water Bottle,1,399,0.15,339.15,Credit Card,2,0
ORD005264,CUST0436,Mumbai,2024-10-12,Groceries,Mixed Nuts,2,599,0.0,1198.0,Credit Card,5,0
ORD005265,CUST1192,Pune,2023-10-21,Beauty,Lip Balm Pack,1,199,0.0,199.0,Cash on Delivery,4,0
ORD005266,CUST1363,Mumbai,2023-12-27,Beauty,Body Lotion,4,349,0.0,1396.0,UPI,5,0
ORD005267,CUST1464,Jaipur,2024-09-01,Groceries,Olive Oil,2,799,0.0,1598.0,Net Banking,5,0
ORD005268,CUST0364,Delhi,2023-08-21,Electronics,Wireless Earbuds,3,2499,0.0,7497.0,UPI,5,0
ORD005269,CUST1332,Kolkata,2024-09-29,Beauty,Body Lotion,4,349,0.0,1396.0,Cash on Delivery,4,0
ORD005270,CUST0490,Hyderabad,2023-02-16,Home & Kitchen,Air Fryer,1,3999,0.0,3999.0,UPI,5,0
ORD005271,CUST0184,Kolkata,2024-09-06,Clothing,Formal Shirt,3,899,0.1,2427.3,Cash on Delivery,4,0
ORD005272,CUST1314,Lucknow,2023-03-12,Books,Business Strategy,4,599,0.15,2036.6,Cash on Delivery,5,0
ORD005273,CUST0990,Hyderabad,2024-02-18,Sports,Yoga Mat,4,799,0.1,2876.4,Debit Card,2,0
ORD005274,CUST0253,Delhi,2024-09-13,Electronics,USB Hub,2,899,0.05,1708.1,Net Banking,4,0
ORD005275,CUST0647,Mumbai,2023-10-23,Home & Kitchen,Water Bottle,2,399,0.05,758.1,Credit Card,4,0
ORD005276,CUST0439,Bangalore,2023-06-21,Clothing,Denim Jeans,1,1299,0.0,1299.0,Cash on Delivery,3,0
ORD005277,CUST1121,Lucknow,2023-01-15,Groceries,Mixed Nuts,1,599,0.05,569.05,Debit Card,4,0
ORD005278,CUST0687,Kolkata,2024-06-21,Books,Python Programming,3,699,0.15,1782.45,Net Banking,4,0
ORD005279,CUST1478,Kolkata,2024-04-27,Sports,Water Jug,3,599,0.05,1707.15,Net Banking,5,0
ORD005280,CUST0089,Chennai,2023-08-15,Groceries,Basmati Rice 5kg,4,499,0.0,1996.0,Net Banking,4,0
ORD005281,CUST0521,Lucknow,2023-01-04,Beauty,Hair Mask,4,399,0.0,1596.0,Net Banking,5,0
ORD005282,CUST0736,Jaipur,2024-07-16,Home & Kitchen,Water Bottle,2,399,0.2,638.4,Credit Card,5,0
ORD005283,CUST0767,Chennai,2024-08-17,Beauty,Sunscreen SPF50,2,499,0.0,998.0,Debit Card,5,0
ORD005284,CUST0476,Jaipur,2024-07-04,Beauty,Body Lotion,4,349,0.2,1116.8,Cash on Delivery,3,0
ORD005285,CUST1108,Chennai,2024-03-12,Beauty,Hair Mask,4,399,0.0,1596.0,Debit Card,4,0
ORD005286,CUST1323,Lucknow,2023-01-12,Sports,Resistance Bands,2,499,0.2,798.4,UPI,5,0
ORD005287,CUST1416,Lucknow,2023-06-20,Books,Fiction Novel,4,299,0.1,1076.4,Credit Card,5,0
ORD005288,CUST1210,Kolkata,2023-10-07,Home & Kitchen,Knife Set,4,1299,0.0,5196.0,Debit Card,4,0
ORD005289,CUST1278,Bangalore,2024-10-31,Electronics,Phone Charger,2,599,0.0,1198.0,Debit Card,5,0
ORD005290,CUST0830,Lucknow,2024-07-29,Groceries,Green Tea,3,299,0.1,807.3,Cash on Delivery,3,0
ORD005291,CUST1239,Ahmedabad,2023-04-11,Books,Business Strategy,4,599,0.0,2396.0,UPI,3,0
ORD005292,CUST0463,Kolkata,2024-02-03,Clothing,Cotton T-Shirt,1,499,0.2,399.2,Net Banking,5,0
ORD005293,CUST0576,Hyderabad,2024-12-25,Sports,Yoga Mat,4,799,0.2,2556.8,Debit Card,1,0
ORD005294,CUST0476,Jaipur,2024-06-25,Beauty,Lip Balm Pack,3,199,0.15,507.45,Net Banking,3,0
ORD005295,CUST0716,Hyderabad,2024-07-19,Books,Business Strategy,3,599,0.0,1797.0,UPI,5,0
ORD005296,CUST0438,Chennai,2024-09-29,Sports,Running Shoes,2,3499,0.0,6998.0,Cash on Delivery,4,0
ORD005297,CUST1448,Mumbai,2024-02-24,Beauty,Sunscreen SPF50,1,499,0.0,499.0,Net Banking,3,0
ORD005298,CUST0472,Kolkata,2024-05-15,Groceries,Green Tea,4,299,0.0,1196.0,Net Banking,4,0
ORD005299,CUST0158,Mumbai,2024-01-10,Sports,Water Jug,4,599,0.05,2276.2,UPI,4,0
ORD005300,CUST0800,Delhi,2023-08-02,Beauty,Body Lotion,4,349,0.0,1396.0,UPI,5,0
ORD005301,CUST0093,Pune,2023-03-16,Electronics,Laptop Stand,3,1299,0.1,3507.3,Debit Card,4,0
ORD005302,CUST0183,Chennai,2024-10-30,Beauty,Body Lotion,1,349,0.1,314.1,UPI,4,0
ORD005303,CUST0338,Ahmedabad,2023-05-14,Clothing,Sneakers,4,2499,0.2,7996.8,Cash on Delivery,3,0
ORD005304,CUST0711,Pune,2024-02-20,Sports,Yoga Mat,4,799,0.2,2556.8,Credit Card,3,0
ORD005305,CUST0653,Hyderabad,2023-08-18,Electronics,Wireless Earbuds,1,2499,0.0,2499.0,UPI,5,0
ORD005306,CUST1198,Kolkata,2023-10-17,Groceries,Green Tea,1,299,0.0,299.0,Debit Card,3,0
ORD005307,CUST1122,Chennai,2023-06-10,Home & Kitchen,Storage Box,4,299,0.1,1076.4,UPI,5,0
ORD005308,CUST0637,Chennai,2023-01-03,Sports,Gym Gloves,1,399,0.0,399.0,Cash on Delivery,5,0
ORD005309,CUST0499,Jaipur,2023-09-14,Home & Kitchen,Air Fryer,4,3999,0.2,12796.8,Cash on Delivery,5,0
ORD005310,CUST0476,Jaipur,2024-05-07,Electronics,USB Hub,1,899,0.0,899.0,Credit Card,4,0
ORD005311,CUST1167,Ahmedabad,2024-11-13,Home & Kitchen,Knife Set,4,1299,0.05,4936.2,Net Banking,4,0
ORD005312,CUST0087,Pune,2023-02-16,Clothing,Cotton T-Shirt,4,499,0.0,1996.0,Debit Card,5,0
ORD005313,CUST0024,Hyderabad,2023-08-18,Home & Kitchen,Water Bottle,4,399,0.0,1596.0,Credit Card,5,0
ORD005314,CUST1197,Chennai,2024-08-02,Groceries,Green Tea,4,299,0.1,1076.4,Debit Card,4,0
ORD005315,CUST0726,Ahmedabad,2024-11-11,Groceries,Mixed Nuts,4,599,0.0,2396.0,UPI,5,0
ORD005316,CUST0208,Jaipur,2024-05-15,Groceries,Protein Bar Pack,2,699,0.0,1398.0,Credit Card,4,0
ORD005317,CUST0367,Mumbai,2024-09-25,Electronics,USB Hub,3,899,0.15,2292.45,Net Banking,3,0
ORD005318,CUST1407,Hyderabad,2023-07-07,Books,Self Help,2,449,0.15,763.3,Net Banking,5,0
ORD005319,CUST1302,Delhi,2023-12-15,Electronics,Webcam,4,2199,0.1,7916.4,Cash on Delivery,4,0
ORD005320,CUST1084,Bangalore,2023-03-06,Books,Fiction Novel,4,299,0.2,956.8,UPI,2,0
ORD005321,CUST0736,Jaipur,2023-12-22,Books,Fiction Novel,4,299,0.0,1196.0,Net Banking,4,0
ORD005322,CUST0792,Bangalore,2023-08-06,Beauty,Body Lotion,3,349,0.2,837.6,Debit Card,5,0
ORD005323,CUST1465,Hyderabad,2024-05-23,Beauty,Lip Balm Pack,3,199,0.0,597.0,Debit Card,2,1
ORD005324,CUST1451,Chennai,2024-03-10,Home & Kitchen,Knife Set,4,1299,0.15,4416.6,UPI,5,0
ORD005325,CUST0327,Jaipur,2023-12-09,Sports,Water Jug,3,599,0.15,1527.45,Net Banking,4,0
ORD005326,CUST1219,Ahmedabad,2024-08-20,Home & Kitchen,Coffee Mug,3,249,0.2,597.6,Net Banking,5,0
ORD005327,CUST0302,Mumbai,2024-10-05,Books,Python Programming,3,699,0.0,2097.0,Debit Card,5,0
ORD005328,CUST0325,Delhi,2023-11-24,Groceries,Protein Bar Pack,3,699,0.2,1677.6,Debit Card,5,0
ORD005329,CUST1038,Jaipur,2024-03-29,Groceries,Basmati Rice 5kg,3,499,0.0,1497.0,Cash on Delivery,4,0
ORD005330,CUST0586,Kolkata,2024-06-20,Books,Python Programming,3,699,0.15,1782.45,UPI,5,0
ORD005331,CUST1405,Delhi,2023-01-28,Clothing,Jacket,3,2999,0.0,8997.0,UPI,4,0
ORD005332,CUST0141,Jaipur,2024-05-08,Groceries,Green Tea,1,299,0.2,239.2,UPI,4,0
ORD005333,CUST0779,Lucknow,2024-06-30,Clothing,Jacket,2,2999,0.0,5998.0,Net Banking,4,0
ORD005334,CUST1382,Hyderabad,2024-09-13,Sports,Resistance Bands,2,499,0.15,848.3,Net Banking,3,0
ORD005335,CUST1361,Pune,2024-06-21,Sports,Water Jug,3,599,0.15,1527.45,Credit Card,2,0
ORD005336,CUST0246,Delhi,2023-02-26,Home & Kitchen,Water Bottle,4,399,0.0,1596.0,UPI,5,0
ORD005337,CUST0533,Jaipur,2024-01-31,Electronics,USB Hub,1,899,0.15,764.15,UPI,4,0
ORD005338,CUST0954,Mumbai,2023-02-16,Beauty,Face Serum,3,999,0.0,2997.0,Debit Card,5,0
ORD005339,CUST0248,Jaipur,2024-06-29,Home & Kitchen,Storage Box,2,299,0.2,478.4,Cash on Delivery,4,0
ORD005340,CUST1453,Bangalore,2024-02-09,Home & Kitchen,Water Bottle,2,399,0.0,798.0,Net Banking,4,0
ORD005341,CUST1373,Ahmedabad,2023-02-08,Groceries,Protein Bar Pack,4,699,0.15,2376.6,Debit Card,4,0
ORD005342,CUST0257,Ahmedabad,2023-04-25,Home & Kitchen,Water Bottle,4,399,0.0,1596.0,Debit Card,4,0
ORD005343,CUST0196,Jaipur,2023-03-13,Beauty,Face Serum,3,999,0.2,2397.6,Debit Card,2,1
ORD005344,CUST0138,Ahmedabad,2024-05-09,Books,Self Help,4,449,0.0,1796.0,Credit Card,5,0
ORD005345,CUST1368,Delhi,2024-02-06,Books,Fiction Novel,3,299,0.0,897.0,Cash on Delivery,4,0
ORD005346,CUST0293,Lucknow,2024-08-02,Groceries,Green Tea,4,299,0.05,1136.2,Debit Card,5,0
ORD005347,CUST0616,Mumbai,2023-01-23,Sports,Resistance Bands,2,499,0.2,798.4,UPI,4,0
ORD005348,CUST0681,Lucknow,2024-11-02,Groceries,Olive Oil,3,799,0.05,2277.15,Net Banking,4,0
ORD005349,CUST0923,Kolkata,2023-12-16,Sports,Gym Gloves,2,399,0.2,638.4,UPI,1,0
ORD005350,CUST0117,Bangalore,2023-07-10,Books,Data Science Guide,4,899,0.0,3596.0,Credit Card,5,0
ORD005351,CUST0353,Chennai,2024-03-19,Books,Self Help,4,449,0.0,1796.0,Credit Card,5,0
ORD005352,CUST1405,Delhi,2024-09-06,Home & Kitchen,Air Fryer,1,3999,0.0,3999.0,Net Banking,3,0
ORD005353,CUST1367,Pune,2023-07-12,Electronics,Phone Charger,1,599,0.0,599.0,UPI,4,0
ORD005354,CUST1177,Chennai,2023-04-15,Groceries,Green Tea,3,299,0.15,762.45,Debit Card,5,0
ORD005355,CUST0035,Pune,2024-04-01,Clothing,Sneakers,4,2499,0.1,8996.4,Cash on Delivery,1,0
ORD005356,CUST0489,Chennai,2023-03-09,Beauty,Face Serum,4,999,0.1,3596.4,Net Banking,5,0
ORD005357,CUST0972,Delhi,2024-03-13,Beauty,Hair Mask,1,399,0.0,399.0,Net Banking,4,0
ORD005358,CUST0419,Ahmedabad,2024-07-04,Electronics,Laptop Stand,2,1299,0.2,2078.4,UPI,5,0
ORD005359,CUST1368,Delhi,2023-07-20,Home & Kitchen,Coffee Mug,3,249,0.1,672.3,Debit Card,5,0
ORD005360,CUST0987,Jaipur,2023-08-07,Groceries,Green Tea,3,299,0.05,852.15,UPI,4,0
ORD005361,CUST0117,Bangalore,2023-10-26,Books,Business Strategy,1,599,0.2,479.2,Cash on Delivery,5,0
ORD005362,CUST1367,Pune,2023-03-01,Clothing,Sneakers,2,2499,0.1,4498.2,Debit Card,5,0
ORD005363,CUST1443,Chennai,2024-11-10,Electronics,Laptop Stand,2,1299,0.2,2078.4,UPI,5,0
ORD005364,CUST0122,Kolkata,2024-06-15,Clothing,Cotton T-Shirt,4,499,0.05,1896.2,Cash on Delivery,4,0
ORD005365,CUST0807,Pune,2023-02-12,Sports,Running Shoes,3,3499,0.0,10497.0,Cash on Delivery,4,0
ORD005366,CUST0463,Kolkata,2023-07-24,Groceries,Green Tea,2,299,0.0,598.0,Credit Card,5,0
ORD005367,CUST0571,Bangalore,2024-12-31,Home & Kitchen,Storage Box,4,299,0.0,1196.0,Debit Card,5,0
ORD005368,CUST0272,Bangalore,2024-01-06,Home & Kitchen,Coffee Mug,1,249,0.0,249.0,Credit Card,3,0
ORD005369,CUST0887,Ahmedabad,2023-07-20,Clothing,Jacket,4,2999,0.05,11396.2,Cash on Delivery,4,0
ORD005370,CUST1443,Chennai,2024-02-14,Beauty,Sunscreen SPF50,2,499,0.0,998.0,Credit Card,4,0
ORD005371,CUST0767,Chennai,2024-10-20,Clothing,Cotton T-Shirt,4,499,0.1,1796.4,UPI,4,0
ORD005372,CUST0135,Chennai,2024-04-19,Groceries,Basmati Rice 5kg,2,499,0.15,848.3,Debit Card,4,0
ORD005373,CUST0954,Mumbai,2024-10-05,Electronics,Wireless Earbuds,2,2499,0.2,3998.4,Debit Card,5,0
ORD005374,CUST0507,Delhi,2023-01-23,Electronics,Webcam,3,2199,0.0,6597.0,Debit Card,4,0
ORD005375,CUST1295,Chennai,2023-02-09,Electronics,Webcam,2,2199,0.15,3738.3,Net Banking,5,0
ORD005376,CUST0655,Ahmedabad,2024-06-25,Sports,Resistance Bands,1,499,0.0,499.0,Credit Card,5,0
ORD005377,CUST0290,Delhi,2023-11-01,Sports,Resistance Bands,1,499,0.0,499.0,Net Banking,4,0
ORD005378,CUST0285,Jaipur,2024-05-12,Clothing,Jacket,3,2999,0.05,8547.15,Debit Card,5,0
ORD005379,CUST1159,Jaipur,2023-12-04,Sports,Gym Gloves,2,399,0.0,798.0,UPI,5,0
ORD005380,CUST0406,Mumbai,2023-03-28,Clothing,Jacket,1,2999,0.0,2999.0,Net Banking,4,0
ORD005381,CUST1158,Jaipur,2023-10-09,Clothing,Denim Jeans,2,1299,0.05,2468.1,Cash on Delivery,5,0
ORD005382,CUST0314,Chennai,2024-01-07,Groceries,Basmati Rice 5kg,3,499,0.0,1497.0,Net Banking,4,0
ORD005383,CUST0482,Lucknow,2023-12-13,Books,Self Help,1,449,0.0,449.0,Debit Card,4,0
ORD005384,CUST0714,Chennai,2024-03-09,Electronics,Webcam,1,2199,0.1,1979.1,Cash on Delivery,5,0
ORD005385,CUST1425,Chennai,2024-05-28,Groceries,Mixed Nuts,3,599,0.15,1527.45,Credit Card,4,0
ORD005386,CUST1406,Jaipur,2024-12-26,Books,Business Strategy,1,599,0.2,479.2,Cash on Delivery,5,0
ORD005387,CUST0315,Kolkata,2023-11-30,Sports,Running Shoes,1,3499,0.15,2974.15,Cash on Delivery,5,0
ORD005388,CUST0524,Ahmedabad,2024-02-21,Sports,Resistance Bands,3,499,0.0,1497.0,Credit Card,5,0
ORD005389,CUST0241,Kolkata,2024-02-27,Clothing,Formal Shirt,1,899,0.05,854.05,UPI,4,0
ORD005390,CUST0775,Hyderabad,2023-12-07,Groceries,Mixed Nuts,2,599,0.0,1198.0,Credit Card,4,0
ORD005391,CUST0706,Ahmedabad,2023-06-06,Beauty,Face Serum,2,999,0.15,1698.3,UPI,4,0
ORD005392,CUST1356,Jaipur,2024-05-23,Groceries,Protein Bar Pack,4,699,0.15,2376.6,UPI,5,0
ORD005393,CUST1404,Mumbai,2023-10-18,Groceries,Green Tea,2,299,0.0,598.0,Credit Card,5,0
ORD005394,CUST0553,Ahmedabad,2023-10-23,Clothing,Denim Jeans,4,1299,0.0,5196.0,Debit Card,5,0
ORD005395,CUST0749,Chennai,2023-02-09,Home & Kitchen,Coffee Mug,4,249,0.1,896.4,UPI,1,1
ORD005396,CUST1351,Pune,2023-10-19,Beauty,Hair Mask,3,399,0.1,1077.3,UPI,4,0
ORD005397,CUST1210,Kolkata,2023-04-19,Sports,Water Jug,4,599,0.0,2396.0,Debit Card,4,0
ORD005398,CUST0004,Hyderabad,2024-03-07,Clothing,Jacket,3,2999,0.2,7197.6,Net Banking,5,0
ORD005399,CUST0480,Kolkata,2024-08-23,Electronics,Phone Charger,3,599,0.0,1797.0,Credit Card,4,0
ORD005400,CUST0628,Kolkata,2023-09-27,Clothing,Sneakers,4,2499,0.05,9496.2,Credit Card,5,0
ORD005401,CUST0359,Chennai,2023-06-08,Home & Kitchen,Storage Box,1,299,0.2,239.2,Debit Card,5,0
ORD005402,CUST0305,Kolkata,2024-01-05,Home & Kitchen,Water Bottle,4,399,0.05,1516.2,Credit Card,3,0
ORD005403,CUST0063,Kolkata,2024-10-04,Groceries,Mixed Nuts,1,599,0.15,509.15,Credit Card,4,0
ORD005404,CUST0999,Chennai,2023-10-17,Home & Kitchen,Air Fryer,1,3999,0.0,3999.0,UPI,5,0
ORD005405,CUST0402,Hyderabad,2023-12-31,Sports,Resistance Bands,3,499,0.0,1497.0,UPI,5,0
ORD005406,CUST0087,Pune,2023-07-11,Beauty,Hair Mask,4,399,0.2,1276.8,Net Banking,5,0
ORD005407,CUST0361,Ahmedabad,2024-11-04,Sports,Resistance Bands,2,499,0.0,998.0,Net Banking,4,0
ORD005408,CUST1201,Mumbai,2024-09-19,Home & Kitchen,Coffee Mug,1,249,0.1,224.1,Credit Card,4,0
ORD005409,CUST1281,Delhi,2024-05-29,Groceries,Green Tea,1,299,0.0,299.0,Credit Card,4,0
ORD005410,CUST0736,Jaipur,2023-04-01,Groceries,Olive Oil,1,799,0.05,759.05,UPI,4,0
ORD005411,CUST0616,Mumbai,2023-06-12,Books,Self Help,3,449,0.2,1077.6,Cash on Delivery,3,0
ORD005412,CUST1467,Jaipur,2024-02-05,Home & Kitchen,Coffee Mug,2,249,0.0,498.0,Credit Card,4,0
ORD005413,CUST0306,Lucknow,2023-03-12,Beauty,Body Lotion,2,349,0.2,558.4,Net Banking,5,0
ORD005414,CUST0328,Hyderabad,2024-11-26,Electronics,Webcam,3,2199,0.15,5607.45,UPI,1,1
ORD005415,CUST0445,Kolkata,2023-03-22,Groceries,Green Tea,2,299,0.1,538.2,UPI,3,0
ORD005416,CUST0265,Kolkata,2023-06-15,Beauty,Sunscreen SPF50,2,499,0.0,998.0,Credit Card,4,0
ORD005417,CUST0548,Jaipur,2024-11-25,Electronics,Webcam,2,2199,0.15,3738.3,Debit Card,5,0
ORD005418,CUST1368,Delhi,2024-08-24,Sports,Water Jug,2,599,0.05,1138.1,Debit Card,2,0
ORD005419,CUST0949,Jaipur,2023-06-23,Sports,Gym Gloves,4,399,0.1,1436.4,Credit Card,5,0
ORD005420,CUST0612,Ahmedabad,2023-11-01,Sports,Gym Gloves,2,399,0.1,718.2,Net Banking,4,0
ORD005421,CUST1408,Kolkata,2024-04-08,Sports,Yoga Mat,4,799,0.2,2556.8,Debit Card,4,0
ORD005422,CUST0077,Bangalore,2023-01-09,Books,Business Strategy,2,599,0.15,1018.3,UPI,4,0
ORD005423,CUST0322,Ahmedabad,2023-07-10,Sports,Yoga Mat,2,799,0.0,1598.0,Net Banking,5,0
ORD005424,CUST0861,Mumbai,2023-06-02,Home & Kitchen,Storage Box,4,299,0.0,1196.0,Net Banking,5,0
ORD005425,CUST0949,Jaipur,2024-04-19,Groceries,Mixed Nuts,1,599,0.0,599.0,Debit Card,5,0
ORD005426,CUST0066,Pune,2024-03-20,Beauty,Sunscreen SPF50,4,499,0.1,1796.4,Net Banking,4,0
ORD005427,CUST0582,Ahmedabad,2024-12-10,Sports,Running Shoes,1,3499,0.15,2974.15,Net Banking,4,0
ORD005428,CUST1006,Bangalore,2024-08-03,Beauty,Hair Mask,3,399,0.1,1077.3,Net Banking,3,0
ORD005429,CUST1063,Delhi,2023-09-21,Sports,Water Jug,1,599,0.0,599.0,Cash on Delivery,4,0
ORD005430,CUST0992,Jaipur,2023-04-05,Clothing,Jacket,3,2999,0.0,8997.0,UPI,5,0
ORD005431,CUST0481,Bangalore,2024-10-31,Beauty,Lip Balm Pack,4,199,0.0,796.0,Cash on Delivery,3,0
ORD005432,CUST0151,Bangalore,2024-01-23,Groceries,Basmati Rice 5kg,2,499,0.15,848.3,Cash on Delivery,5,0
ORD005433,CUST0640,Mumbai,2024-08-26,Beauty,Face Serum,4,999,0.0,3996.0,Net Banking,4,0
ORD005434,CUST0204,Delhi,2024-11-08,Books,Fiction Novel,1,299,0.0,299.0,Debit Card,5,0
ORD005435,CUST1428,Ahmedabad,2024-11-11,Beauty,Sunscreen SPF50,2,499,0.0,998.0,Debit Card,5,0
ORD005436,CUST0724,Pune,2023-07-10,Groceries,Protein Bar Pack,4,699,0.0,2796.0,Debit Card,5,0
ORD005437,CUST0476,Jaipur,2024-12-24,Home & Kitchen,Water Bottle,2,399,0.05,758.1,UPI,4,0
ORD005438,CUST1158,Jaipur,2024-06-11,Electronics,Laptop Stand,1,1299,0.0,1299.0,UPI,4,0
ORD005439,CUST0758,Jaipur,2024-05-28,Books,Fiction Novel,3,299,0.05,852.15,UPI,4,0
ORD005440,CUST0470,Jaipur,2024-01-30,Beauty,Hair Mask,3,399,0.1,1077.3,UPI,5,0
ORD005441,CUST1221,Kolkata,2024-11-13,Books,Self Help,4,449,0.15,1526.6,UPI,5,0
ORD005442,CUST1310,Delhi,2024-11-24,Beauty,Lip Balm Pack,4,199,0.1,716.4,UPI,1,0
ORD005443,CUST1030,Mumbai,2024-05-05,Electronics,Phone Charger,4,599,0.15,2036.6,UPI,5,0
ORD005444,CUST0076,Hyderabad,2024-02-29,Books,Business Strategy,3,599,0.0,1797.0,Debit Card,5,0
ORD005445,CUST0861,Mumbai,2023-04-20,Home & Kitchen,Air Fryer,3,3999,0.05,11397.15,Net Banking,4,0
ORD005446,CUST1153,Bangalore,2023-09-17,Groceries,Olive Oil,3,799,0.2,1917.6,Credit Card,3,0
ORD005447,CUST0220,Kolkata,2024-06-06,Groceries,Olive Oil,1,799,0.15,679.15,UPI,4,0
ORD005448,CUST0359,Chennai,2023-02-21,Home & Kitchen,Air Fryer,3,3999,0.0,11997.0,Credit Card,4,0
ORD005449,CUST1334,Ahmedabad,2024-06-24,Books,Fiction Novel,1,299,0.1,269.1,Credit Card,4,0
ORD005450,CUST0035,Pune,2024-10-04,Beauty,Hair Mask,4,399,0.0,1596.0,Debit Card,3,0
ORD005451,CUST1144,Ahmedabad,2024-07-10,Groceries,Green Tea,3,299,0.0,897.0,UPI,3,0
ORD005452,CUST0721,Pune,2024-07-30,Clothing,Denim Jeans,2,1299,0.15,2208.3,Net Banking,4,0
ORD005453,CUST0679,Delhi,2024-05-16,Home & Kitchen,Knife Set,2,1299,0.0,2598.0,Credit Card,5,0
ORD005454,CUST0010,Lucknow,2023-07-29,Beauty,Hair Mask,2,399,0.0,798.0,Credit Card,4,0
ORD005455,CUST1229,Pune,2024-05-17,Home & Kitchen,Air Fryer,1,3999,0.15,3399.15,Debit Card,2,1
ORD005456,CUST0525,Kolkata,2024-04-15,Sports,Yoga Mat,3,799,0.0,2397.0,UPI,5,0
ORD005457,CUST0814,Kolkata,2024-09-04,Sports,Water Jug,3,599,0.1,1617.3,Net Banking,1,0
ORD005458,CUST1042,Kolkata,2024-09-27,Electronics,Phone Charger,3,599,0.1,1617.3,Credit Card,4,0
ORD005459,CUST1075,Pune,2024-05-30,Beauty,Hair Mask,2,399,0.0,798.0,Credit Card,5,0
ORD005460,CUST1441,Ahmedabad,2024-01-11,Groceries,Basmati Rice 5kg,4,499,0.05,1896.2,Credit Card,3,0
ORD005461,CUST0806,Ahmedabad,2023-06-06,Home & Kitchen,Air Fryer,1,3999,0.1,3599.1,Debit Card,5,0
ORD005462,CUST0578,Kolkata,2023-12-14,Electronics,Laptop Stand,4,1299,0.0,5196.0,Debit Card,5,0
ORD005463,CUST1438,Delhi,2024-04-02,Beauty,Lip Balm Pack,1,199,0.0,199.0,Debit Card,4,0
ORD005464,CUST0999,Chennai,2024-09-16,Electronics,USB Hub,2,899,0.0,1798.0,UPI,3,0
ORD005465,CUST0451,Delhi,2024-03-11,Clothing,Cotton T-Shirt,2,499,0.05,948.1,Net Banking,4,0
ORD005466,CUST0200,Mumbai,2023-07-26,Beauty,Face Serum,2,999,0.0,1998.0,Net Banking,4,0
ORD005467,CUST1264,Chennai,2023-05-30,Groceries,Mixed Nuts,1,599,0.05,569.05,UPI,4,0
ORD005468,CUST0530,Kolkata,2024-04-12,Groceries,Mixed Nuts,2,599,0.05,1138.1,Credit Card,5,0
ORD005469,CUST1019,Lucknow,2024-04-29,Books,Data Science Guide,4,899,0.15,3056.6,Debit Card,5,0
ORD005470,CUST0718,Lucknow,2023-01-08,Home & Kitchen,Storage Box,1,299,0.0,299.0,UPI,5,0
ORD005471,CUST0305,Kolkata,2024-03-12,Books,Self Help,4,449,0.0,1796.0,UPI,4,0
ORD005472,CUST0928,Pune,2023-03-27,Home & Kitchen,Air Fryer,1,3999,0.0,3999.0,Credit Card,5,0
ORD005473,CUST0098,Bangalore,2024-12-05,Beauty,Lip Balm Pack,4,199,0.2,636.8,Debit Card,4,0
ORD005474,CUST0615,Jaipur,2023-08-24,Clothing,Formal Shirt,2,899,0.1,1618.2,Debit Card,5,0
ORD005475,CUST0824,Hyderabad,2023-10-16,Electronics,USB Hub,3,899,0.1,2427.3,UPI,5,0
ORD005476,CUST0660,Chennai,2023-02-27,Electronics,Laptop Stand,3,1299,0.05,3702.15,Cash on Delivery,5,0
ORD005477,CUST1138,Lucknow,2023-04-21,Groceries,Olive Oil,2,799,0.2,1278.4,Debit Card,5,0
ORD005478,CUST1241,Hyderabad,2024-02-10,Electronics,Phone Charger,3,599,0.0,1797.0,Net Banking,5,0
ORD005479,CUST1164,Chennai,2024-12-01,Books,Fiction Novel,3,299,0.15,762.45,Credit Card,4,0
ORD005480,CUST0063,Kolkata,2023-02-05,Sports,Yoga Mat,2,799,0.15,1358.3,Credit Card,4,0
ORD005481,CUST0293,Lucknow,2023-11-20,Groceries,Mixed Nuts,1,599,0.2,479.2,Cash on Delivery,3,0
ORD005482,CUST0811,Ahmedabad,2024-01-09,Clothing,Denim Jeans,3,1299,0.05,3702.15,Debit Card,5,0
ORD005483,CUST1408,Kolkata,2023-11-20,Home & Kitchen,Water Bottle,2,399,0.0,798.0,UPI,4,0
ORD005484,CUST1249,Hyderabad,2024-12-18,Books,Business Strategy,2,599,0.05,1138.1,Credit Card,5,0
ORD005485,CUST1264,Chennai,2024-02-20,Sports,Gym Gloves,3,399,0.0,1197.0,UPI,5,0
ORD005486,CUST0463,Kolkata,2024-10-17,Clothing,Sneakers,4,2499,0.0,9996.0,Credit Card,5,0
ORD005487,CUST0647,Mumbai,2023-10-04,Beauty,Lip Balm Pack,1,199,0.2,159.2,Credit Card,4,0
ORD005488,CUST0718,Lucknow,2024-12-17,Beauty,Sunscreen SPF50,3,499,0.15,1272.45,Debit Card,5,0
ORD005489,CUST0247,Ahmedabad,2024-08-01,Sports,Resistance Bands,2,499,0.15,848.3,Credit Card,5,0
ORD005490,CUST0053,Pune,2024-06-25,Home & Kitchen,Coffee Mug,3,249,0.05,709.65,Net Banking,3,0
ORD005491,CUST1428,Ahmedabad,2023-12-30,Sports,Water Jug,3,599,0.0,1797.0,Net Banking,5,0
ORD005492,CUST0377,Mumbai,2024-12-19,Books,Data Science Guide,2,899,0.0,1798.0,UPI,2,1
ORD005493,CUST0377,Mumbai,2024-01-23,Books,Business Strategy,1,599,0.2,479.2,Cash on Delivery,5,0
ORD005494,CUST0135,Chennai,2024-08-25,Clothing,Denim Jeans,1,1299,0.05,1234.05,Net Banking,4,0
ORD005495,CUST1399,Bangalore,2024-09-08,Groceries,Protein Bar Pack,1,699,0.1,629.1,UPI,5,0
ORD005496,CUST0891,Jaipur,2023-12-25,Books,Business Strategy,1,599,0.05,569.05,UPI,5,0
ORD005497,CUST1025,Ahmedabad,2023-12-09,Beauty,Hair Mask,2,399,0.15,678.3,UPI,4,0
ORD005498,CUST1371,Hyderabad,2024-01-27,Home & Kitchen,Air Fryer,4,3999,0.2,12796.8,Credit Card,5,0
ORD005499,CUST0510,Hyderabad,2023-01-13,Sports,Running Shoes,4,3499,0.0,13996.0,UPI,4,0
ORD005500,CUST0960,Ahmedabad,2023-04-24,Home & Kitchen,Water Bottle,2,399,0.05,758.1,Debit Card,4,0
ORD005501,CUST0063,Kolkata,2024-10-08,Home & Kitchen,Air Fryer,2,3999,0.2,6398.4,Credit Card,5,0
ORD005502,CUST0279,Mumbai,2023-01-21,Electronics,Webcam,4,2199,0.1,7916.4,Credit Card,5,0
ORD005503,CUST1244,Mumbai,2023-01-04,Sports,Resistance Bands,4,499,0.2,1596.8,Credit Card,4,0
ORD005504,CUST1158,Jaipur,2024-07-23,Sports,Running Shoes,1,3499,0.2,2799.2,Credit Card,2,0
ORD005505,CUST0514,Mumbai,2024-12-07,Beauty,Sunscreen SPF50,2,499,0.05,948.1,Debit Card,4,0
ORD005506,CUST0542,Jaipur,2024-11-15,Sports,Yoga Mat,3,799,0.2,1917.6,Cash on Delivery,5,0
ORD005507,CUST0807,Pune,2024-05-22,Home & Kitchen,Knife Set,4,1299,0.2,4156.8,Credit Card,5,0
ORD005508,CUST0002,Mumbai,2024-12-15,Groceries,Green Tea,4,299,0.0,1196.0,Debit Card,4,0
ORD005509,CUST0377,Mumbai,2024-10-25,Electronics,Wireless Earbuds,3,2499,0.05,7122.15,Cash on Delivery,5,0
ORD005510,CUST0316,Bangalore,2024-05-17,Home & Kitchen,Storage Box,4,299,0.0,1196.0,UPI,4,0
ORD005511,CUST0390,Chennai,2024-07-30,Sports,Running Shoes,4,3499,0.15,11896.6,Cash on Delivery,5,0
ORD005512,CUST1210,Kolkata,2023-12-29,Beauty,Sunscreen SPF50,2,499,0.0,998.0,Credit Card,5,0
ORD005513,CUST0424,Mumbai,2024-08-05,Clothing,Formal Shirt,4,899,0.0,3596.0,Net Banking,5,0
ORD005514,CUST0285,Jaipur,2023-02-15,Beauty,Hair Mask,2,399,0.0,798.0,Net Banking,2,1
ORD005515,CUST0768,Hyderabad,2024-04-29,Home & Kitchen,Storage Box,4,299,0.15,1016.6,Cash on Delivery,3,0
ORD005516,CUST1308,Lucknow,2023-04-26,Electronics,Webcam,2,2199,0.15,3738.3,Net Banking,4,0
ORD005517,CUST0377,Mumbai,2024-05-26,Groceries,Green Tea,4,299,0.0,1196.0,Debit Card,4,0
ORD005518,CUST0127,Chennai,2024-07-17,Groceries,Green Tea,3,299,0.15,762.45,Cash on Delivery,4,0
ORD005519,CUST0523,Kolkata,2024-08-15,Clothing,Formal Shirt,4,899,0.1,3236.4,Credit Card,4,0
ORD005520,CUST1137,Hyderabad,2023-02-06,Clothing,Formal Shirt,2,899,0.2,1438.4,Cash on Delivery,5,0
ORD005521,CUST0830,Lucknow,2024-03-12,Clothing,Cotton T-Shirt,4,499,0.0,1996.0,Credit Card,5,0
ORD005522,CUST1226,Ahmedabad,2024-08-14,Clothing,Sneakers,4,2499,0.0,9996.0,Net Banking,3,0
ORD005523,CUST1445,Hyderabad,2024-01-14,Sports,Gym Gloves,2,399,0.0,798.0,Credit Card,4,0
ORD005524,CUST1192,Pune,2024-07-22,Clothing,Cotton T-Shirt,2,499,0.2,798.4,Debit Card,4,0
ORD005525,CUST0932,Kolkata,2023-05-16,Electronics,USB Hub,4,899,0.1,3236.4,Net Banking,4,0
ORD005526,CUST0752,Hyderabad,2023-12-06,Groceries,Olive Oil,2,799,0.0,1598.0,Debit Card,3,0
ORD005527,CUST0068,Pune,2024-07-16,Electronics,Phone Charger,3,599,0.2,1437.6,UPI,5,0
ORD005528,CUST1472,Kolkata,2023-07-10,Home & Kitchen,Coffee Mug,1,249,0.0,249.0,Net Banking,4,0
ORD005529,CUST0553,Ahmedabad,2024-01-13,Sports,Gym Gloves,2,399,0.0,798.0,Debit Card,3,0
ORD005530,CUST0242,Bangalore,2024-08-15,Sports,Resistance Bands,2,499,0.0,998.0,Net Banking,4,0
ORD005531,CUST1024,Pune,2023-01-09,Books,Self Help,4,449,0.0,1796.0,Cash on Delivery,5,0
ORD005532,CUST0433,Kolkata,2024-10-21,Books,Business Strategy,4,599,0.0,2396.0,UPI,5,0
ORD005533,CUST0898,Kolkata,2024-05-09,Groceries,Protein Bar Pack,4,699,0.15,2376.6,Cash on Delivery,5,0
ORD005534,CUST0905,Lucknow,2023-03-17,Electronics,Laptop Stand,3,1299,0.0,3897.0,UPI,5,0
ORD005535,CUST0679,Delhi,2023-12-25,Clothing,Formal Shirt,3,899,0.0,2697.0,Credit Card,4,0
ORD005536,CUST1249,Hyderabad,2023-02-02,Electronics,USB Hub,4,899,0.0,3596.0,Debit Card,5,0
ORD005537,CUST0404,Bangalore,2023-10-06,Home & Kitchen,Water Bottle,1,399,0.1,359.1,Debit Card,4,0
ORD005538,CUST0681,Lucknow,2024-10-21,Home & Kitchen,Coffee Mug,3,249,0.05,709.65,Net Banking,4,0
ORD005539,CUST0811,Ahmedabad,2023-07-24,Clothing,Jacket,3,2999,0.0,8997.0,Net Banking,4,0
ORD005540,CUST1023,Mumbai,2024-06-17,Sports,Water Jug,4,599,0.0,2396.0,UPI,4,0
ORD005541,CUST1181,Pune,2024-08-16,Electronics,Laptop Stand,3,1299,0.0,3897.0,UPI,5,0
ORD005542,CUST0574,Kolkata,2023-03-11,Groceries,Basmati Rice 5kg,1,499,0.2,399.2,Net Banking,1,1
ORD005543,CUST1004,Lucknow,2024-09-29,Beauty,Body Lotion,4,349,0.0,1396.0,UPI,3,0
ORD005544,CUST0241,Kolkata,2023-01-02,Beauty,Body Lotion,2,349,0.0,698.0,Cash on Delivery,3,0
ORD005545,CUST1407,Hyderabad,2024-09-29,Beauty,Face Serum,4,999,0.1,3596.4,Debit Card,5,0
ORD005546,CUST0552,Bangalore,2024-04-04,Clothing,Jacket,2,2999,0.0,5998.0,UPI,5,0
ORD005547,CUST1108,Chennai,2024-05-29,Clothing,Jacket,3,2999,0.2,7197.6,Credit Card,5,0
ORD005548,CUST0035,Pune,2024-05-26,Electronics,Wireless Earbuds,3,2499,0.15,6372.45,Net Banking,2,1
ORD005549,CUST0314,Chennai,2023-04-05,Groceries,Protein Bar Pack,1,699,0.15,594.15,Net Banking,5,0
ORD005550,CUST0743,Hyderabad,2023-11-06,Groceries,Olive Oil,4,799,0.0,3196.0,UPI,5,0
ORD005551,CUST1328,Hyderabad,2023-01-04,Groceries,Mixed Nuts,4,599,0.0,2396.0,Credit Card,5,0
ORD005552,CUST0800,Delhi,2023-09-14,Beauty,Sunscreen SPF50,3,499,0.15,1272.45,Cash on Delivery,5,0
ORD005553,CUST1404,Mumbai,2023-09-13,Books,Data Science Guide,2,899,0.15,1528.3,Credit Card,4,0
ORD005554,CUST0738,Delhi,2024-11-13,Home & Kitchen,Air Fryer,4,3999,0.0,15996.0,UPI,4,0
ORD005555,CUST0749,Chennai,2024-10-01,Home & Kitchen,Knife Set,1,1299,0.2,1039.2,UPI,5,0
ORD005556,CUST0193,Pune,2023-02-21,Home & Kitchen,Air Fryer,1,3999,0.05,3799.05,Debit Card,5,0
ORD005557,CUST1206,Delhi,2024-03-28,Sports,Gym Gloves,1,399,0.0,399.0,UPI,4,0
ORD005558,CUST0385,Jaipur,2023-05-17,Electronics,Laptop Stand,2,1299,0.0,2598.0,Credit Card,2,0
ORD005559,CUST1356,Jaipur,2023-06-19,Books,Data Science Guide,1,899,0.0,899.0,Credit Card,4,0
ORD005560,CUST1368,Delhi,2024-01-28,Home & Kitchen,Storage Box,4,299,0.0,1196.0,Cash on Delivery,4,0
ORD005561,CUST1425,Chennai,2023-03-29,Groceries,Protein Bar Pack,3,699,0.15,1782.45,UPI,4,0
ORD005562,CUST0792,Bangalore,2024-11-21,Groceries,Basmati Rice 5kg,2,499,0.0,998.0,Net Banking,3,0
ORD005563,CUST1041,Bangalore,2023-12-15,Groceries,Basmati Rice 5kg,2,499,0.1,898.2,Cash on Delivery,5,0
ORD005564,CUST1173,Pune,2024-12-14,Beauty,Face Serum,3,999,0.05,2847.15,UPI,5,0
ORD005565,CUST0208,Jaipur,2024-09-19,Sports,Yoga Mat,4,799,0.15,2716.6,UPI,3,0
ORD005566,CUST0924,Pune,2023-03-02,Books,Self Help,2,449,0.1,808.2,Debit Card,5,0
ORD005567,CUST0054,Lucknow,2023-03-29,Books,Business Strategy,2,599,0.0,1198.0,Credit Card,5,0
ORD005568,CUST0758,Jaipur,2024-08-07,Books,Python Programming,3,699,0.0,2097.0,Cash on Delivery,4,0
ORD005569,CUST0243,Chennai,2023-04-23,Groceries,Green Tea,1,299,0.0,299.0,Credit Card,4,0
ORD005570,CUST0274,Chennai,2024-12-21,Clothing,Jacket,3,2999,0.15,7647.45,Cash on Delivery,4,0
ORD005571,CUST0532,Bangalore,2023-06-22,Sports,Resistance Bands,1,499,0.0,499.0,Debit Card,4,0
ORD005572,CUST0652,Bangalore,2024-12-28,Electronics,Wireless Earbuds,2,2499,0.2,3998.4,Credit Card,2,0
ORD005573,CUST0966,Bangalore,2023-11-11,Clothing,Cotton T-Shirt,3,499,0.15,1272.45,Cash on Delivery,4,0
ORD005574,CUST0120,Lucknow,2024-01-08,Sports,Gym Gloves,4,399,0.05,1516.2,Cash on Delivery,5,0
ORD005575,CUST0767,Chennai,2023-07-11,Electronics,Webcam,2,2199,0.05,4178.1,Cash on Delivery,5,0
ORD005576,CUST0274,Chennai,2024-11-15,Electronics,Phone Charger,4,599,0.05,2276.2,Cash on Delivery,4,0
ORD005577,CUST0877,Bangalore,2024-12-11,Electronics,Laptop Stand,3,1299,0.0,3897.0,Credit Card,5,0
ORD005578,CUST0991,Lucknow,2023-04-27,Groceries,Olive Oil,2,799,0.15,1358.3,Credit Card,4,0
ORD005579,CUST0844,Delhi,2024-06-13,Electronics,Wireless Earbuds,2,2499,0.0,4998.0,Debit Card,4,0
ORD005580,CUST1122,Chennai,2024-06-30,Clothing,Cotton T-Shirt,3,499,0.05,1422.15,Debit Card,5,0
ORD005581,CUST0500,Ahmedabad,2023-01-13,Groceries,Olive Oil,3,799,0.15,2037.45,Debit Card,5,0
ORD005582,CUST1156,Jaipur,2024-02-07,Books,Business Strategy,4,599,0.0,2396.0,Credit Card,4,0
ORD005583,CUST0652,Bangalore,2023-05-23,Books,Data Science Guide,2,899,0.0,1798.0,UPI,4,0
ORD005584,CUST0738,Delhi,2023-02-10,Clothing,Denim Jeans,4,1299,0.05,4936.2,Net Banking,5,0
ORD005585,CUST1005,Ahmedabad,2023-05-18,Home & Kitchen,Air Fryer,3,3999,0.2,9597.6,Debit Card,5,0
ORD005586,CUST0035,Pune,2024-12-24,Books,Fiction Novel,4,299,0.15,1016.6,Net Banking,5,0
ORD005587,CUST1012,Jaipur,2023-02-23,Books,Self Help,4,449,0.0,1796.0,Net Banking,5,0
ORD005588,CUST0954,Mumbai,2024-04-04,Home & Kitchen,Water Bottle,1,399,0.0,399.0,Debit Card,5,0
ORD005589,CUST0470,Jaipur,2023-09-04,Beauty,Hair Mask,1,399,0.0,399.0,Credit Card,5,0
ORD005590,CUST0138,Ahmedabad,2024-12-05,Beauty,Hair Mask,1,399,0.0,399.0,Cash on Delivery,5,0
ORD005591,CUST0145,Chennai,2024-04-18,Books,Self Help,2,449,0.0,898.0,Debit Card,5,0
ORD005592,CUST1389,Lucknow,2023-12-21,Groceries,Mixed Nuts,2,599,0.05,1138.1,Credit Card,4,0
ORD005593,CUST1055,Ahmedabad,2023-07-02,Home & Kitchen,Coffee Mug,2,249,0.1,448.2,Net Banking,4,0
ORD005594,CUST0201,Delhi,2023-07-09,Beauty,Sunscreen SPF50,3,499,0.15,1272.45,Credit Card,4,0
ORD005595,CUST0523,Kolkata,2024-06-07,Beauty,Body Lotion,2,349,0.2,558.4,Net Banking,4,0
ORD005596,CUST0915,Chennai,2024-04-15,Books,Data Science Guide,2,899,0.2,1438.4,Net Banking,4,0
ORD005597,CUST1249,Hyderabad,2023-02-10,Sports,Yoga Mat,4,799,0.15,2716.6,Debit Card,4,0
ORD005598,CUST0071,Chennai,2024-06-17,Groceries,Protein Bar Pack,2,699,0.0,1398.0,UPI,5,0
ORD005599,CUST0367,Mumbai,2023-03-24,Sports,Resistance Bands,1,499,0.2,399.2,Cash on Delivery,5,0
ORD005600,CUST1343,Bangalore,2023-07-15,Sports,Resistance Bands,1,499,0.15,424.15,UPI,4,0
ORD005601,CUST0012,Mumbai,2023-01-08,Books,Self Help,1,449,0.0,449.0,Credit Card,5,0
ORD005602,CUST0306,Lucknow,2024-07-25,Home & Kitchen,Knife Set,3,1299,0.0,3897.0,UPI,4,0
ORD005603,CUST1445,Hyderabad,2023-12-21,Sports,Running Shoes,4,3499,0.0,13996.0,Cash on Delivery,4,0
ORD005604,CUST0948,Hyderabad,2023-03-14,Home & Kitchen,Knife Set,2,1299,0.2,2078.4,Credit Card,4,0
ORD005605,CUST0402,Hyderabad,2024-09-17,Beauty,Hair Mask,3,399,0.0,1197.0,UPI,5,0
ORD005606,CUST0113,Ahmedabad,2023-06-25,Sports,Running Shoes,3,3499,0.0,10497.0,UPI,3,0
ORD005607,CUST0051,Chennai,2023-07-20,Sports,Running Shoes,3,3499,0.0,10497.0,Debit Card,5,0
ORD005608,CUST0384,Lucknow,2023-03-10,Books,Python Programming,3,699,0.1,1887.3,Credit Card,4,0
ORD005609,CUST1332,Kolkata,2024-12-06,Sports,Water Jug,2,599,0.15,1018.3,Credit Card,4,0
ORD005610,CUST0616,Mumbai,2023-11-13,Electronics,Webcam,4,2199,0.05,8356.2,Debit Card,4,0
ORD005611,CUST1099,Mumbai,2023-12-31,Beauty,Lip Balm Pack,2,199,0.05,378.1,Credit Card,5,0
ORD005612,CUST1380,Chennai,2023-03-08,Beauty,Hair Mask,1,399,0.0,399.0,Net Banking,4,0
ORD005613,CUST0596,Kolkata,2023-05-18,Clothing,Denim Jeans,2,1299,0.0,2598.0,Net Banking,4,0
ORD005614,CUST0285,Jaipur,2023-02-10,Beauty,Body Lotion,4,349,0.2,1116.8,Debit Card,5,0
ORD005615,CUST0787,Pune,2024-07-12,Beauty,Sunscreen SPF50,2,499,0.15,848.3,Cash on Delivery,3,0
ORD005616,CUST1365,Lucknow,2024-06-22,Electronics,Laptop Stand,1,1299,0.2,1039.2,Cash on Delivery,5,0
ORD005617,CUST1207,Hyderabad,2023-11-11,Beauty,Sunscreen SPF50,3,499,0.2,1197.6,UPI,5,0
ORD005618,CUST0113,Ahmedabad,2024-03-27,Clothing,Cotton T-Shirt,1,499,0.0,499.0,Cash on Delivery,5,0
ORD005619,CUST1058,Lucknow,2023-08-11,Home & Kitchen,Water Bottle,4,399,0.2,1276.8,Debit Card,2,1
ORD005620,CUST0870,Hyderabad,2024-05-30,Clothing,Cotton T-Shirt,1,499,0.1,449.1,Debit Card,4,0
ORD005621,CUST1365,Lucknow,2024-08-18,Electronics,Laptop Stand,3,1299,0.2,3117.6,Credit Card,5,0
ORD005622,CUST0198,Lucknow,2023-01-20,Electronics,Phone Charger,1,599,0.1,539.1,Net Banking,4,0
ORD005623,CUST0807,Pune,2023-04-05,Groceries,Green Tea,3,299,0.15,762.45,Credit Card,5,0
ORD005624,CUST1329,Kolkata,2023-03-19,Clothing,Cotton T-Shirt,2,499,0.0,998.0,Credit Card,5,0
ORD005625,CUST0609,Pune,2023-05-18,Sports,Yoga Mat,4,799,0.0,3196.0,Net Banking,4,0
ORD005626,CUST0736,Jaipur,2024-04-01,Electronics,Laptop Stand,4,1299,0.1,4676.4,Debit Card,5,0
ORD005627,CUST0116,Delhi,2024-09-13,Clothing,Cotton T-Shirt,3,499,0.1,1347.3,Credit Card,4,0
ORD005628,CUST0421,Chennai,2023-07-12,Clothing,Denim Jeans,1,1299,0.0,1299.0,Net Banking,5,0
ORD005629,CUST0486,Jaipur,2023-11-09,Groceries,Olive Oil,2,799,0.0,1598.0,Credit Card,3,0
ORD005630,CUST1426,Ahmedabad,2023-02-16,Home & Kitchen,Storage Box,1,299,0.2,239.2,UPI,5,0
ORD005631,CUST0429,Delhi,2023-01-13,Beauty,Lip Balm Pack,1,199,0.0,199.0,Credit Card,5,0
ORD005632,CUST0707,Ahmedabad,2024-01-11,Clothing,Cotton T-Shirt,2,499,0.0,998.0,Net Banking,4,0
ORD005633,CUST1028,Bangalore,2024-04-28,Sports,Running Shoes,2,3499,0.0,6998.0,Debit Card,5,0
ORD005634,CUST0250,Mumbai,2024-01-01,Books,Data Science Guide,2,899,0.1,1618.2,Net Banking,4,0
ORD005635,CUST0743,Hyderabad,2023-03-20,Clothing,Cotton T-Shirt,4,499,0.05,1896.2,Cash on Delivery,5,0
ORD005636,CUST1122,Chennai,2024-07-21,Beauty,Body Lotion,4,349,0.15,1186.6,Net Banking,5,0
ORD005637,CUST1310,Delhi,2024-03-24,Home & Kitchen,Knife Set,4,1299,0.15,4416.6,Credit Card,5,0
ORD005638,CUST0972,Delhi,2024-11-03,Clothing,Jacket,4,2999,0.05,11396.2,Cash on Delivery,2,0
ORD005639,CUST1026,Kolkata,2024-04-12,Sports,Yoga Mat,2,799,0.1,1438.2,Debit Card,5,0
ORD005640,CUST0200,Mumbai,2023-02-09,Electronics,USB Hub,4,899,0.0,3596.0,Credit Card,4,0
ORD005641,CUST1426,Ahmedabad,2024-05-28,Sports,Running Shoes,3,3499,0.0,10497.0,Cash on Delivery,4,0
ORD005642,CUST0213,Jaipur,2023-08-17,Beauty,Face Serum,4,999,0.2,3196.8,Cash on Delivery,4,0
ORD005643,CUST1167,Ahmedabad,2024-11-04,Sports,Yoga Mat,4,799,0.1,2876.4,UPI,4,0
ORD005644,CUST0404,Bangalore,2024-10-10,Books,Python Programming,2,699,0.15,1188.3,UPI,5,0
ORD005645,CUST1408,Kolkata,2023-07-17,Home & Kitchen,Storage Box,3,299,0.1,807.3,Credit Card,5,0
ORD005646,CUST1099,Mumbai,2024-11-08,Beauty,Body Lotion,3,349,0.0,1047.0,Debit Card,4,0
ORD005647,CUST1146,Lucknow,2023-11-10,Electronics,USB Hub,3,899,0.2,2157.6,Debit Card,5,0
ORD005648,CUST0337,Bangalore,2024-11-21,Sports,Resistance Bands,4,499,0.0,1996.0,UPI,4,0
ORD005649,CUST0676,Delhi,2023-11-18,Electronics,Laptop Stand,2,1299,0.1,2338.2,Net Banking,5,0
ORD005650,CUST0952,Ahmedabad,2024-04-24,Electronics,Phone Charger,1,599,0.15,509.15,Credit Card,5,0
ORD005651,CUST1161,Bangalore,2024-07-26,Beauty,Hair Mask,2,399,0.05,758.1,Debit Card,5,0
ORD005652,CUST0170,Jaipur,2024-10-26,Electronics,USB Hub,3,899,0.15,2292.45,UPI,4,0
ORD005653,CUST1448,Mumbai,2023-10-17,Beauty,Sunscreen SPF50,3,499,0.0,1497.0,Credit Card,5,0
ORD005654,CUST1343,Bangalore,2024-04-24,Home & Kitchen,Coffee Mug,4,249,0.05,946.2,Cash on Delivery,5,0
ORD005655,CUST0412,Bangalore,2023-05-19,Beauty,Body Lotion,2,349,0.15,593.3,Credit Card,5,0
ORD005656,CUST1236,Chennai,2023-05-24,Beauty,Face Serum,1,999,0.05,949.05,Credit Card,5,0
ORD005657,CUST0790,Mumbai,2023-03-11,Groceries,Basmati Rice 5kg,3,499,0.05,1422.15,Debit Card,5,0
ORD005658,CUST0708,Kolkata,2024-03-30,Groceries,Protein Bar Pack,1,699,0.15,594.15,Net Banking,4,0
ORD005659,CUST0474,Kolkata,2023-01-24,Sports,Yoga Mat,3,799,0.0,2397.0,UPI,5,0
ORD005660,CUST0892,Jaipur,2023-03-25,Sports,Water Jug,4,599,0.05,2276.2,UPI,4,0
ORD005661,CUST1108,Chennai,2023-10-27,Groceries,Olive Oil,4,799,0.0,3196.0,Net Banking,4,0
ORD005662,CUST0610,Kolkata,2023-03-26,Electronics,USB Hub,4,899,0.05,3416.2,Credit Card,3,0
ORD005663,CUST0976,Delhi,2023-01-15,Electronics,Webcam,4,2199,0.05,8356.2,Debit Card,4,0
ORD005664,CUST1065,Delhi,2023-10-20,Groceries,Protein Bar Pack,1,699,0.15,594.15,Debit Card,5,0
ORD005665,CUST1085,Bangalore,2023-05-18,Beauty,Face Serum,4,999,0.0,3996.0,Net Banking,4,0
ORD005666,CUST0087,Pune,2023-09-20,Books,Self Help,4,449,0.15,1526.6,Credit Card,5,0
ORD005667,CUST1302,Delhi,2023-08-22,Beauty,Sunscreen SPF50,1,499,0.0,499.0,Credit Card,4,0
ORD005668,CUST0701,Bangalore,2024-09-01,Beauty,Lip Balm Pack,4,199,0.1,716.4,Cash on Delivery,5,0
ORD005669,CUST0402,Hyderabad,2024-02-18,Sports,Gym Gloves,2,399,0.0,798.0,Debit Card,5,0
ORD005670,CUST0379,Delhi,2024-06-24,Groceries,Protein Bar Pack,1,699,0.0,699.0,Debit Card,3,0
ORD005671,CUST0736,Jaipur,2023-10-23,Electronics,Wireless Earbuds,4,2499,0.2,7996.8,Debit Card,4,0
ORD005672,CUST1336,Kolkata,2024-01-24,Electronics,USB Hub,3,899,0.15,2292.45,Credit Card,5,0
ORD005673,CUST0545,Pune,2024-01-12,Sports,Yoga Mat,2,799,0.05,1518.1,Net Banking,4,0
ORD005674,CUST1140,Bangalore,2023-09-05,Electronics,Wireless Earbuds,2,2499,0.0,4998.0,Net Banking,5,0
ORD005675,CUST0157,Ahmedabad,2024-01-26,Groceries,Olive Oil,2,799,0.0,1598.0,Net Banking,5,0
ORD005676,CUST0725,Bangalore,2024-01-25,Groceries,Basmati Rice 5kg,3,499,0.0,1497.0,Credit Card,3,0
ORD005677,CUST1481,Kolkata,2023-03-16,Books,Data Science Guide,2,899,0.0,1798.0,UPI,5,0
ORD005678,CUST1161,Bangalore,2023-01-28,Electronics,Wireless Earbuds,1,2499,0.1,2249.1,Credit Card,5,0
ORD005679,CUST0322,Ahmedabad,2023-09-11,Home & Kitchen,Air Fryer,4,3999,0.0,15996.0,Cash on Delivery,5,0
ORD005680,CUST0764,Ahmedabad,2023-05-12,Clothing,Cotton T-Shirt,1,499,0.0,499.0,UPI,3,0
ORD005681,CUST0365,Kolkata,2024-03-24,Groceries,Olive Oil,4,799,0.2,2556.8,Debit Card,5,0
ORD005682,CUST0606,Ahmedabad,2023-09-29,Books,Business Strategy,2,599,0.1,1078.2,UPI,5,0
ORD005683,CUST1176,Mumbai,2024-02-24,Beauty,Lip Balm Pack,1,199,0.0,199.0,UPI,3,0
ORD005684,CUST1164,Chennai,2023-05-26,Books,Fiction Novel,3,299,0.0,897.0,Credit Card,4,0
ORD005685,CUST0358,Hyderabad,2023-08-03,Sports,Running Shoes,3,3499,0.0,10497.0,UPI,4,0
ORD005686,CUST1387,Jaipur,2023-05-11,Sports,Resistance Bands,4,499,0.1,1796.4,Cash on Delivery,5,0
ORD005687,CUST0915,Chennai,2024-09-18,Groceries,Basmati Rice 5kg,1,499,0.0,499.0,UPI,4,0
ORD005688,CUST0549,Kolkata,2023-07-19,Electronics,Phone Charger,2,599,0.0,1198.0,UPI,4,0
ORD005689,CUST0764,Ahmedabad,2023-02-27,Sports,Resistance Bands,3,499,0.1,1347.3,UPI,5,0
ORD005690,CUST0933,Jaipur,2023-01-29,Books,Data Science Guide,1,899,0.0,899.0,Net Banking,5,0
ORD005691,CUST0848,Delhi,2024-11-12,Groceries,Basmati Rice 5kg,4,499,0.15,1696.6,Cash on Delivery,4,0
ORD005692,CUST0743,Hyderabad,2023-09-23,Books,Self Help,2,449,0.0,898.0,UPI,5,0
ORD005693,CUST0768,Hyderabad,2024-12-21,Clothing,Formal Shirt,2,899,0.0,1798.0,Net Banking,5,0
ORD005694,CUST0268,Chennai,2023-10-08,Home & Kitchen,Knife Set,3,1299,0.0,3897.0,UPI,4,0
ORD005695,CUST1221,Kolkata,2023-11-10,Beauty,Body Lotion,2,349,0.0,698.0,Credit Card,4,0
ORD005696,CUST0814,Kolkata,2024-08-04,Electronics,Laptop Stand,1,1299,0.05,1234.05,Cash on Delivery,4,0
ORD005697,CUST0211,Ahmedabad,2024-03-20,Clothing,Sneakers,3,2499,0.1,6747.3,Net Banking,3,0
ORD005698,CUST1157,Pune,2024-04-18,Groceries,Mixed Nuts,2,599,0.05,1138.1,Cash on Delivery,4,0
ORD005699,CUST1407,Hyderabad,2024-08-19,Groceries,Mixed Nuts,4,599,0.0,2396.0,Credit Card,3,0
ORD005700,CUST1428,Ahmedabad,2023-06-10,Electronics,USB Hub,1,899,0.05,854.05,UPI,5,0
ORD005701,CUST0534,Ahmedabad,2024-03-21,Beauty,Hair Mask,2,399,0.1,718.2,Credit Card,2,0
ORD005702,CUST0218,Hyderabad,2024-10-09,Sports,Gym Gloves,2,399,0.0,798.0,Net Banking,5,0
ORD005703,CUST0790,Mumbai,2023-05-20,Electronics,Laptop Stand,2,1299,0.05,2468.1,Credit Card,4,0
ORD005704,CUST0184,Kolkata,2023-05-08,Books,Self Help,3,449,0.0,1347.0,Credit Card,5,0
ORD005705,CUST1408,Kolkata,2024-10-26,Clothing,Denim Jeans,3,1299,0.0,3897.0,Cash on Delivery,5,0
ORD005706,CUST0274,Chennai,2023-06-08,Groceries,Olive Oil,3,799,0.0,2397.0,Cash on Delivery,4,0
ORD005707,CUST0391,Pune,2023-04-03,Groceries,Olive Oil,2,799,0.05,1518.1,Net Banking,5,0
ORD005708,CUST0595,Chennai,2023-09-26,Sports,Running Shoes,4,3499,0.15,11896.6,UPI,4,0
ORD005709,CUST0552,Bangalore,2024-04-12,Sports,Running Shoes,3,3499,0.2,8397.6,Credit Card,5,0
ORD005710,CUST1196,Ahmedabad,2023-04-22,Clothing,Sneakers,2,2499,0.15,4248.3,UPI,4,0
ORD005711,CUST0696,Kolkata,2023-04-20,Books,Data Science Guide,4,899,0.15,3056.6,Debit Card,4,0
ORD005712,CUST0262,Bangalore,2023-06-15,Beauty,Sunscreen SPF50,3,499,0.0,1497.0,Debit Card,4,0
ORD005713,CUST0409,Kolkata,2023-04-15,Home & Kitchen,Water Bottle,4,399,0.05,1516.2,UPI,4,0
ORD005714,CUST0775,Hyderabad,2023-10-12,Books,Python Programming,3,699,0.0,2097.0,Net Banking,5,0
ORD005715,CUST0236,Hyderabad,2023-06-17,Groceries,Mixed Nuts,1,599,0.0,599.0,Debit Card,4,0
ORD005716,CUST0944,Jaipur,2023-12-25,Sports,Yoga Mat,1,799,0.0,799.0,Debit Card,1,1
ORD005717,CUST0859,Ahmedabad,2024-05-03,Sports,Gym Gloves,2,399,0.0,798.0,UPI,5,0
ORD005718,CUST1089,Lucknow,2024-06-22,Books,Business Strategy,3,599,0.0,1797.0,Debit Card,5,0
ORD005719,CUST1416,Lucknow,2023-10-07,Home & Kitchen,Knife Set,4,1299,0.05,4936.2,Cash on Delivery,3,0
ORD005720,CUST1371,Hyderabad,2023-08-23,Clothing,Formal Shirt,3,899,0.0,2697.0,Net Banking,5,0
ORD005721,CUST1426,Ahmedabad,2023-08-10,Clothing,Denim Jeans,4,1299,0.1,4676.4,Cash on Delivery,5,0
ORD005722,CUST0384,Lucknow,2023-02-12,Clothing,Cotton T-Shirt,3,499,0.0,1497.0,Net Banking,1,1
ORD005723,CUST0211,Ahmedabad,2023-07-18,Home & Kitchen,Water Bottle,1,399,0.0,399.0,UPI,5,0
ORD005724,CUST0462,Pune,2024-11-13,Books,Fiction Novel,4,299,0.1,1076.4,UPI,5,0
ORD005725,CUST1349,Kolkata,2024-01-01,Clothing,Sneakers,1,2499,0.0,2499.0,Credit Card,4,0
ORD005726,CUST1458,Mumbai,2024-07-27,Electronics,USB Hub,2,899,0.0,1798.0,Debit Card,4,0
ORD005727,CUST1302,Delhi,2023-02-01,Electronics,Webcam,4,2199,0.0,8796.0,Cash on Delivery,5,0
ORD005728,CUST0183,Chennai,2023-08-03,Groceries,Basmati Rice 5kg,4,499,0.1,1796.4,Net Banking,5,0
ORD005729,CUST1428,Ahmedabad,2024-09-18,Home & Kitchen,Water Bottle,1,399,0.0,399.0,Debit Card,4,0
ORD005730,CUST0632,Pune,2023-12-15,Groceries,Basmati Rice 5kg,3,499,0.1,1347.3,Debit Card,2,0
ORD005731,CUST0012,Mumbai,2024-10-16,Books,Self Help,3,449,0.1,1212.3,Credit Card,5,0
ORD005732,CUST0675,Hyderabad,2023-01-19,Sports,Resistance Bands,4,499,0.1,1796.4,Debit Card,1,1
ORD005733,CUST0075,Jaipur,2023-06-10,Clothing,Cotton T-Shirt,4,499,0.0,1996.0,Credit Card,5,0
ORD005734,CUST0816,Delhi,2023-07-04,Sports,Gym Gloves,3,399,0.0,1197.0,UPI,4,0
ORD005735,CUST0504,Jaipur,2023-08-29,Sports,Water Jug,1,599,0.0,599.0,UPI,4,0
ORD005736,CUST0721,Pune,2023-04-28,Beauty,Body Lotion,4,349,0.0,1396.0,Net Banking,4,0
ORD005737,CUST0948,Hyderabad,2023-06-21,Beauty,Body Lotion,1,349,0.0,349.0,Cash on Delivery,3,0
ORD005738,CUST1312,Chennai,2024-03-20,Sports,Gym Gloves,1,399,0.2,319.2,Cash on Delivery,5,0
ORD005739,CUST1021,Hyderabad,2023-01-13,Groceries,Basmati Rice 5kg,4,499,0.0,1996.0,UPI,3,0
ORD005740,CUST0654,Bangalore,2024-03-30,Electronics,Phone Charger,1,599,0.0,599.0,Cash on Delivery,4,0
ORD005741,CUST1229,Pune,2024-12-18,Home & Kitchen,Knife Set,3,1299,0.1,3507.3,UPI,5,0
ORD005742,CUST1362,Kolkata,2024-08-24,Groceries,Green Tea,3,299,0.0,897.0,Credit Card,4,0
ORD005743,CUST0193,Pune,2024-09-25,Groceries,Mixed Nuts,1,599,0.0,599.0,Net Banking,5,0
ORD005744,CUST0806,Ahmedabad,2024-09-28,Clothing,Denim Jeans,4,1299,0.05,4936.2,Net Banking,4,0
ORD005745,CUST0433,Kolkata,2024-03-15,Clothing,Sneakers,2,2499,0.1,4498.2,Credit Card,5,0
ORD005746,CUST0076,Hyderabad,2024-12-07,Sports,Yoga Mat,3,799,0.2,1917.6,UPI,3,0
ORD005747,CUST1025,Ahmedabad,2024-11-09,Beauty,Sunscreen SPF50,3,499,0.2,1197.6,Credit Card,4,0
ORD005748,CUST1306,Delhi,2023-04-19,Books,Business Strategy,4,599,0.0,2396.0,Net Banking,4,0
ORD005749,CUST0250,Mumbai,2023-07-26,Groceries,Olive Oil,3,799,0.1,2157.3,UPI,5,0
ORD005750,CUST1221,Kolkata,2023-09-20,Electronics,Laptop Stand,4,1299,0.05,4936.2,Net Banking,5,0
ORD005751,CUST1286,Jaipur,2024-06-07,Sports,Gym Gloves,4,399,0.1,1436.4,UPI,5,0
ORD005752,CUST1373,Ahmedabad,2024-09-27,Sports,Running Shoes,4,3499,0.0,13996.0,Credit Card,2,0
ORD005753,CUST0406,Mumbai,2023-06-04,Home & Kitchen,Knife Set,4,1299,0.15,4416.6,UPI,5,0
ORD005754,CUST1361,Pune,2023-08-30,Electronics,Webcam,4,2199,0.1,7916.4,Net Banking,5,0
ORD005755,CUST0481,Bangalore,2024-04-10,Sports,Gym Gloves,3,399,0.0,1197.0,Credit Card,4,0
ORD005756,CUST0837,Lucknow,2023-04-23,Clothing,Formal Shirt,2,899,0.2,1438.4,UPI,4,0
ORD005757,CUST0081,Jaipur,2023-09-10,Groceries,Green Tea,2,299,0.0,598.0,Net Banking,5,0
ORD005758,CUST0071,Chennai,2023-01-03,Sports,Yoga Mat,3,799,0.05,2277.15,Net Banking,4,0
ORD005759,CUST1099,Mumbai,2023-12-19,Books,Fiction Novel,2,299,0.05,568.1,Net Banking,2,0
ORD005760,CUST0676,Delhi,2024-12-14,Groceries,Protein Bar Pack,2,699,0.05,1328.1,Debit Card,5,0
ORD005761,CUST0396,Delhi,2023-06-12,Beauty,Face Serum,2,999,0.15,1698.3,Debit Card,4,0
ORD005762,CUST0281,Mumbai,2024-01-08,Groceries,Protein Bar Pack,1,699,0.0,699.0,Net Banking,4,0
ORD005763,CUST1027,Kolkata,2023-09-13,Clothing,Cotton T-Shirt,2,499,0.2,798.4,UPI,1,0
ORD005764,CUST0002,Mumbai,2024-08-24,Home & Kitchen,Coffee Mug,3,249,0.2,597.6,Debit Card,3,0
ORD005765,CUST1210,Kolkata,2024-02-02,Clothing,Formal Shirt,2,899,0.0,1798.0,Credit Card,4,0
ORD005766,CUST0127,Chennai,2023-12-08,Sports,Gym Gloves,1,399,0.2,319.2,Cash on Delivery,5,0
ORD005767,CUST0285,Jaipur,2023-07-30,Clothing,Sneakers,1,2499,0.15,2124.15,UPI,2,0
ORD005768,CUST0556,Hyderabad,2024-10-31,Electronics,Phone Charger,4,599,0.0,2396.0,Cash on Delivery,3,0
ORD005769,CUST0738,Delhi,2024-07-02,Sports,Running Shoes,4,3499,0.15,11896.6,Cash on Delivery,4,0
ORD005770,CUST0521,Lucknow,2023-01-29,Beauty,Lip Balm Pack,4,199,0.2,636.8,Credit Card,5,0
ORD005771,CUST0481,Bangalore,2023-10-06,Home & Kitchen,Air Fryer,1,3999,0.05,3799.05,Credit Card,5,0
ORD005772,CUST1449,Mumbai,2024-03-31,Beauty,Hair Mask,2,399,0.0,798.0,UPI,2,1
ORD005773,CUST0999,Chennai,2024-11-07,Books,Fiction Novel,1,299,0.15,254.15,UPI,4,0
ORD005774,CUST0042,Lucknow,2024-03-24,Groceries,Olive Oil,4,799,0.1,2876.4,Net Banking,3,0
ORD005775,CUST0648,Hyderabad,2023-07-10,Clothing,Jacket,4,2999,0.05,11396.2,UPI,5,0
ORD005776,CUST1323,Lucknow,2023-01-07,Home & Kitchen,Knife Set,3,1299,0.2,3117.6,UPI,5,0
ORD005777,CUST0456,Mumbai,2023-05-05,Groceries,Green Tea,4,299,0.05,1136.2,UPI,4,0
ORD005778,CUST0155,Lucknow,2023-03-10,Beauty,Body Lotion,4,349,0.0,1396.0,Net Banking,4,0
ORD005779,CUST1149,Delhi,2023-03-07,Sports,Running Shoes,2,3499,0.15,5948.3,Cash on Delivery,4,0
ORD005780,CUST0933,Jaipur,2024-03-04,Sports,Gym Gloves,4,399,0.0,1596.0,UPI,4,0
ORD005781,CUST0869,Lucknow,2024-10-10,Books,Fiction Novel,2,299,0.0,598.0,Debit Card,3,0
ORD005782,CUST0088,Kolkata,2023-11-18,Books,Data Science Guide,2,899,0.0,1798.0,Credit Card,4,0
ORD005783,CUST0227,Kolkata,2023-05-22,Electronics,Laptop Stand,1,1299,0.0,1299.0,Credit Card,5,0
ORD005784,CUST0962,Delhi,2023-12-26,Groceries,Mixed Nuts,3,599,0.2,1437.6,Net Banking,4,0
ORD005785,CUST0315,Kolkata,2024-04-20,Electronics,USB Hub,3,899,0.0,2697.0,Net Banking,5,0
ORD005786,CUST0767,Chennai,2024-03-03,Home & Kitchen,Air Fryer,3,3999,0.0,11997.0,Debit Card,4,0
ORD005787,CUST0818,Mumbai,2024-12-03,Sports,Yoga Mat,1,799,0.05,759.05,UPI,5,0
ORD005788,CUST0432,Jaipur,2024-11-14,Groceries,Protein Bar Pack,4,699,0.05,2656.2,Net Banking,5,0
ORD005789,CUST1428,Ahmedabad,2024-02-15,Groceries,Protein Bar Pack,4,699,0.05,2656.2,Net Banking,5,0
ORD005790,CUST1263,Jaipur,2023-01-09,Home & Kitchen,Air Fryer,3,3999,0.0,11997.0,UPI,4,0
ORD005791,CUST1102,Jaipur,2023-12-04,Beauty,Sunscreen SPF50,4,499,0.0,1996.0,Debit Card,5,0
ORD005792,CUST0123,Kolkata,2023-10-22,Electronics,Laptop Stand,3,1299,0.0,3897.0,Cash on Delivery,4,0
ORD005793,CUST0175,Bangalore,2024-07-25,Sports,Water Jug,2,599,0.1,1078.2,Debit Card,4,0
ORD005794,CUST0752,Hyderabad,2023-10-10,Home & Kitchen,Storage Box,3,299,0.15,762.45,Credit Card,3,0
ORD005795,CUST0249,Delhi,2023-02-11,Home & Kitchen,Air Fryer,3,3999,0.15,10197.45,Cash on Delivery,4,0
ORD005796,CUST1467,Jaipur,2024-11-26,Clothing,Jacket,4,2999,0.2,9596.8,Cash on Delivery,4,0
ORD005797,CUST0248,Jaipur,2024-01-25,Home & Kitchen,Storage Box,1,299,0.0,299.0,Debit Card,5,0
ORD005798,CUST0744,Ahmedabad,2024-08-21,Groceries,Protein Bar Pack,4,699,0.0,2796.0,Credit Card,2,1
ORD005799,CUST0531,Hyderabad,2023-04-02,Groceries,Olive Oil,1,799,0.0,799.0,Debit Card,4,0
ORD005800,CUST0995,Chennai,2023-01-21,Sports,Resistance Bands,2,499,0.2,798.4,Credit Card,5,0
ORD005801,CUST0204,Delhi,2023-01-22,Electronics,Webcam,3,2199,0.15,5607.45,UPI,4,0
ORD005802,CUST0648,Hyderabad,2024-06-19,Sports,Gym Gloves,3,399,0.0,1197.0,UPI,4,0
ORD005803,CUST0416,Ahmedabad,2024-08-06,Clothing,Formal Shirt,3,899,0.0,2697.0,UPI,4,0
ORD005804,CUST1338,Pune,2024-09-15,Electronics,USB Hub,2,899,0.05,1708.1,UPI,4,0
ORD005805,CUST0068,Pune,2023-03-16,Groceries,Protein Bar Pack,2,699,0.0,1398.0,Cash on Delivery,5,0
ORD005806,CUST1373,Ahmedabad,2023-04-02,Sports,Resistance Bands,4,499,0.15,1696.6,UPI,5,0
ORD005807,CUST1245,Pune,2024-03-18,Groceries,Protein Bar Pack,4,699,0.1,2516.4,Debit Card,5,0
ORD005808,CUST0451,Delhi,2024-07-04,Books,Data Science Guide,3,899,0.15,2292.45,UPI,4,0
ORD005809,CUST1186,Delhi,2024-11-29,Electronics,Laptop Stand,2,1299,0.0,2598.0,Credit Card,4,0
ORD005810,CUST0053,Pune,2024-03-18,Books,Python Programming,1,699,0.2,559.2,Net Banking,3,0
ORD005811,CUST1453,Bangalore,2024-12-21,Sports,Running Shoes,4,3499,0.05,13296.2,Cash on Delivery,5,0
ORD005812,CUST0799,Ahmedabad,2024-03-17,Clothing,Sneakers,3,2499,0.0,7497.0,UPI,4,0
ORD005813,CUST0463,Kolkata,2024-04-13,Beauty,Face Serum,4,999,0.1,3596.4,Net Banking,3,0
ORD005814,CUST0530,Kolkata,2023-01-05,Sports,Gym Gloves,1,399,0.0,399.0,Net Banking,3,0
ORD005815,CUST0113,Ahmedabad,2024-09-27,Beauty,Face Serum,1,999,0.15,849.15,Debit Card,4,0
ORD005816,CUST1478,Kolkata,2024-11-07,Beauty,Face Serum,2,999,0.1,1798.2,Credit Card,4,0
ORD005817,CUST0066,Pune,2023-03-19,Clothing,Cotton T-Shirt,3,499,0.15,1272.45,UPI,4,0
ORD005818,CUST1013,Jaipur,2023-11-09,Groceries,Protein Bar Pack,2,699,0.2,1118.4,UPI,5,0
ORD005819,CUST0676,Delhi,2023-04-07,Home & Kitchen,Water Bottle,2,399,0.0,798.0,Net Banking,4,0
ORD005820,CUST1429,Lucknow,2023-08-06,Home & Kitchen,Water Bottle,2,399,0.1,718.2,UPI,5,0
ORD005821,CUST0384,Lucknow,2023-07-13,Electronics,Webcam,2,2199,0.0,4398.0,Net Banking,5,0
ORD005822,CUST0806,Ahmedabad,2024-07-05,Clothing,Formal Shirt,2,899,0.15,1528.3,UPI,3,0
ORD005823,CUST0736,Jaipur,2024-05-21,Electronics,Phone Charger,1,599,0.15,509.15,Cash on Delivery,4,0
ORD005824,CUST1075,Pune,2024-11-19,Beauty,Body Lotion,3,349,0.0,1047.0,Debit Card,4,0
ORD005825,CUST0114,Delhi,2023-11-01,Electronics,Phone Charger,3,599,0.1,1617.3,UPI,3,0
ORD005826,CUST0293,Lucknow,2023-01-15,Electronics,Laptop Stand,3,1299,0.0,3897.0,Cash on Delivery,5,0
ORD005827,CUST0326,Delhi,2023-02-25,Clothing,Denim Jeans,2,1299,0.1,2338.2,Cash on Delivery,5,0
ORD005828,CUST1122,Chennai,2023-09-29,Sports,Water Jug,1,599,0.0,599.0,UPI,4,0
ORD005829,CUST0281,Mumbai,2024-09-26,Beauty,Sunscreen SPF50,1,499,0.0,499.0,Cash on Delivery,1,0
ORD005830,CUST0873,Jaipur,2024-12-07,Clothing,Denim Jeans,3,1299,0.15,3312.45,Debit Card,4,0
ORD005831,CUST0327,Jaipur,2024-10-20,Beauty,Lip Balm Pack,4,199,0.15,676.6,Net Banking,4,0
ORD005832,CUST1305,Delhi,2024-02-12,Groceries,Mixed Nuts,3,599,0.05,1707.15,UPI,2,1
ORD005833,CUST1422,Lucknow,2023-11-14,Home & Kitchen,Water Bottle,3,399,0.0,1197.0,Credit Card,4,0
ORD005834,CUST0790,Mumbai,2024-02-03,Groceries,Protein Bar Pack,1,699,0.0,699.0,Credit Card,4,0
ORD005835,CUST0519,Ahmedabad,2024-08-13,Groceries,Olive Oil,2,799,0.2,1278.4,Debit Card,5,0
ORD005836,CUST0365,Kolkata,2024-12-25,Sports,Running Shoes,2,3499,0.05,6648.1,Credit Card,2,1
ORD005837,CUST0081,Jaipur,2023-09-18,Groceries,Basmati Rice 5kg,1,499,0.0,499.0,Debit Card,5,0
ORD005838,CUST0409,Kolkata,2023-06-11,Books,Data Science Guide,1,899,0.05,854.05,Cash on Delivery,4,0
ORD005839,CUST1012,Jaipur,2024-04-02,Sports,Running Shoes,2,3499,0.0,6998.0,Debit Card,4,0
ORD005840,CUST0807,Pune,2023-05-15,Books,Fiction Novel,1,299,0.2,239.2,Cash on Delivery,5,0
ORD005841,CUST1425,Chennai,2023-04-25,Beauty,Face Serum,2,999,0.05,1898.1,Credit Card,5,0
ORD005842,CUST0575,Bangalore,2023-09-06,Clothing,Sneakers,3,2499,0.1,6747.3,UPI,4,0
ORD005843,CUST1061,Chennai,2023-07-05,Groceries,Protein Bar Pack,1,699,0.0,699.0,Credit Card,3,0
ORD005844,CUST0746,Ahmedabad,2024-12-24,Home & Kitchen,Water Bottle,2,399,0.0,798.0,UPI,4,0
ORD005845,CUST0780,Jaipur,2023-10-10,Sports,Yoga Mat,1,799,0.0,799.0,Debit Card,5,0
ORD005846,CUST0409,Kolkata,2023-10-01,Home & Kitchen,Storage Box,2,299,0.05,568.1,Debit Card,4,0
ORD005847,CUST0689,Delhi,2023-04-06,Beauty,Sunscreen SPF50,4,499,0.1,1796.4,Debit Card,4,0
ORD005848,CUST0718,Lucknow,2024-10-06,Books,Python Programming,1,699,0.05,664.05,Net Banking,3,0
ORD005849,CUST1080,Jaipur,2023-06-10,Home & Kitchen,Coffee Mug,2,249,0.0,498.0,Credit Card,4,0
ORD005850,CUST1420,Bangalore,2023-11-24,Beauty,Body Lotion,4,349,0.1,1256.4,Credit Card,5,0
ORD005851,CUST0490,Hyderabad,2024-07-07,Electronics,Webcam,2,2199,0.0,4398.0,Debit Card,5,0
ORD005852,CUST0070,Hyderabad,2023-02-14,Electronics,Wireless Earbuds,1,2499,0.1,2249.1,Net Banking,5,0
ORD005853,CUST0756,Ahmedabad,2024-03-10,Clothing,Denim Jeans,3,1299,0.1,3507.3,Net Banking,5,0
ORD005854,CUST0817,Lucknow,2024-01-14,Home & Kitchen,Storage Box,3,299,0.05,852.15,Credit Card,4,0
ORD005855,CUST0258,Ahmedabad,2024-10-31,Home & Kitchen,Water Bottle,3,399,0.05,1137.15,Net Banking,1,1
ORD005856,CUST1151,Pune,2024-12-29,Books,Data Science Guide,2,899,0.0,1798.0,Net Banking,4,0
ORD005857,CUST1473,Mumbai,2023-03-08,Groceries,Protein Bar Pack,3,699,0.2,1677.6,Net Banking,4,0
ORD005858,CUST1426,Ahmedabad,2024-04-21,Books,Data Science Guide,3,899,0.0,2697.0,Debit Card,4,0
ORD005859,CUST0299,Hyderabad,2024-05-26,Groceries,Basmati Rice 5kg,3,499,0.0,1497.0,Net Banking,4,0
ORD005860,CUST1323,Lucknow,2024-02-23,Groceries,Green Tea,3,299,0.1,807.3,Net Banking,4,0
ORD005861,CUST1078,Bangalore,2023-08-13,Electronics,Wireless Earbuds,2,2499,0.15,4248.3,UPI,4,0
ORD005862,CUST0687,Kolkata,2023-10-06,Clothing,Denim Jeans,4,1299,0.15,4416.6,Debit Card,4,0
ORD005863,CUST0814,Kolkata,2023-05-11,Electronics,Wireless Earbuds,2,2499,0.0,4998.0,UPI,4,0
ORD005864,CUST1278,Bangalore,2024-10-11,Groceries,Mixed Nuts,4,599,0.1,2156.4,Debit Card,4,0
ORD005865,CUST0732,Lucknow,2024-02-11,Home & Kitchen,Water Bottle,2,399,0.05,758.1,UPI,4,0
ORD005866,CUST0537,Hyderabad,2023-11-11,Electronics,USB Hub,2,899,0.05,1708.1,Debit Card,4,0
ORD005867,CUST0752,Hyderabad,2023-03-21,Sports,Water Jug,1,599,0.1,539.1,Net Banking,4,0
ORD005868,CUST0891,Jaipur,2023-01-17,Clothing,Denim Jeans,2,1299,0.0,2598.0,Debit Card,5,0
ORD005869,CUST0281,Mumbai,2023-07-14,Groceries,Olive Oil,3,799,0.15,2037.45,Debit Card,5,0
ORD005870,CUST1356,Jaipur,2024-11-20,Sports,Running Shoes,1,3499,0.0,3499.0,UPI,5,0
ORD005871,CUST1032,Jaipur,2023-09-24,Sports,Water Jug,2,599,0.1,1078.2,Cash on Delivery,1,0
ORD005872,CUST0985,Hyderabad,2023-02-25,Beauty,Hair Mask,2,399,0.1,718.2,Net Banking,5,0
ORD005873,CUST0160,Pune,2024-05-25,Sports,Resistance Bands,3,499,0.2,1197.6,Cash on Delivery,4,0
ORD005874,CUST0932,Kolkata,2023-06-09,Electronics,Wireless Earbuds,4,2499,0.1,8996.4,Net Banking,4,0
ORD005875,CUST0195,Lucknow,2023-11-13,Home & Kitchen,Knife Set,4,1299,0.1,4676.4,Debit Card,5,0
ORD005876,CUST0127,Chennai,2024-06-14,Home & Kitchen,Air Fryer,3,3999,0.0,11997.0,Debit Card,4,0
ORD005877,CUST0800,Delhi,2023-12-01,Books,Business Strategy,1,599,0.1,539.1,Debit Card,4,0
ORD005878,CUST0582,Ahmedabad,2024-05-03,Groceries,Protein Bar Pack,2,699,0.1,1258.2,Net Banking,5,0
ORD005879,CUST0907,Mumbai,2023-05-27,Home & Kitchen,Coffee Mug,2,249,0.0,498.0,Debit Card,4,0
ORD005880,CUST0141,Jaipur,2024-02-27,Home & Kitchen,Water Bottle,3,399,0.15,1017.45,Cash on Delivery,5,0
ORD005881,CUST0649,Hyderabad,2024-11-29,Books,Data Science Guide,4,899,0.0,3596.0,Debit Card,4,0
ORD005882,CUST0266,Chennai,2023-09-15,Clothing,Denim Jeans,3,1299,0.15,3312.45,Net Banking,5,0
ORD005883,CUST1476,Pune,2023-12-28,Home & Kitchen,Knife Set,1,1299,0.0,1299.0,UPI,3,0
ORD005884,CUST0849,Bangalore,2023-02-19,Sports,Water Jug,1,599,0.1,539.1,Cash on Delivery,5,0
ORD005885,CUST1053,Kolkata,2024-06-16,Home & Kitchen,Water Bottle,4,399,0.2,1276.8,Net Banking,5,0
ORD005886,CUST0486,Jaipur,2024-09-10,Sports,Resistance Bands,3,499,0.0,1497.0,UPI,5,0
ORD005887,CUST0155,Lucknow,2024-06-16,Electronics,Phone Charger,3,599,0.0,1797.0,Cash on Delivery,5,0
ORD005888,CUST1465,Hyderabad,2023-03-30,Books,Business Strategy,4,599,0.2,1916.8,UPI,4,0
ORD005889,CUST0438,Chennai,2024-11-02,Groceries,Basmati Rice 5kg,2,499,0.15,848.3,Credit Card,4,0
ORD005890,CUST0632,Pune,2024-02-09,Sports,Resistance Bands,1,499,0.0,499.0,Debit Card,4,0
ORD005891,CUST1007,Ahmedabad,2023-03-11,Groceries,Protein Bar Pack,4,699,0.1,2516.4,Debit Card,5,0
ORD005892,CUST0044,Mumbai,2024-09-16,Home & Kitchen,Knife Set,2,1299,0.15,2208.3,Credit Card,4,0
ORD005893,CUST1218,Delhi,2023-01-29,Electronics,Phone Charger,2,599,0.2,958.4,Cash on Delivery,2,1
ORD005894,CUST0811,Ahmedabad,2023-01-07,Beauty,Hair Mask,2,399,0.0,798.0,Debit Card,5,0
ORD005895,CUST0421,Chennai,2023-08-10,Sports,Yoga Mat,3,799,0.0,2397.0,Net Banking,2,1
ORD005896,CUST0102,Jaipur,2023-01-05,Books,Data Science Guide,1,899,0.0,899.0,Debit Card,4,0
ORD005897,CUST0250,Mumbai,2023-07-07,Electronics,Phone Charger,4,599,0.0,2396.0,Cash on Delivery,4,0
ORD005898,CUST1349,Kolkata,2023-02-05,Sports,Water Jug,4,599,0.0,2396.0,Debit Card,5,0
ORD005899,CUST1053,Kolkata,2023-09-08,Sports,Running Shoes,1,3499,0.2,2799.2,Net Banking,3,0
ORD005900,CUST0389,Mumbai,2024-12-15,Home & Kitchen,Storage Box,4,299,0.1,1076.4,Credit Card,5,0
ORD005901,CUST0111,Bangalore,2024-08-18,Books,Python Programming,1,699,0.15,594.15,Credit Card,5,0
ORD005902,CUST1055,Ahmedabad,2023-08-06,Home & Kitchen,Knife Set,3,1299,0.2,3117.6,Debit Card,5,0
ORD005903,CUST0870,Hyderabad,2023-08-12,Groceries,Mixed Nuts,2,599,0.0,1198.0,Cash on Delivery,5,0
ORD005904,CUST0585,Hyderabad,2023-03-16,Beauty,Lip Balm Pack,1,199,0.0,199.0,Net Banking,4,0
ORD005905,CUST0531,Hyderabad,2024-04-21,Groceries,Protein Bar Pack,1,699,0.0,699.0,Credit Card,5,0
ORD005906,CUST0332,Pune,2023-05-17,Books,Fiction Novel,4,299,0.0,1196.0,Cash on Delivery,4,0
ORD005907,CUST1027,Kolkata,2023-02-17,Clothing,Cotton T-Shirt,3,499,0.0,1497.0,Cash on Delivery,5,0
ORD005908,CUST1456,Pune,2024-10-04,Electronics,Webcam,2,2199,0.0,4398.0,Credit Card,5,0
ORD005909,CUST0267,Ahmedabad,2024-01-25,Clothing,Denim Jeans,2,1299,0.0,2598.0,Credit Card,5,0
ORD005910,CUST0921,Ahmedabad,2023-09-29,Electronics,USB Hub,2,899,0.0,1798.0,Cash on Delivery,5,0
ORD005911,CUST0632,Pune,2024-12-29,Clothing,Denim Jeans,3,1299,0.0,3897.0,Debit Card,4,0
ORD005912,CUST0679,Delhi,2023-04-01,Groceries,Olive Oil,1,799,0.0,799.0,Credit Card,4,0
ORD005913,CUST0394,Hyderabad,2023-10-25,Home & Kitchen,Knife Set,3,1299,0.15,3312.45,Debit Card,3,0
ORD005914,CUST1239,Ahmedabad,2023-01-28,Clothing,Sneakers,4,2499,0.15,8496.6,Credit Card,3,0
ORD005915,CUST0739,Hyderabad,2024-03-19,Home & Kitchen,Knife Set,1,1299,0.0,1299.0,Net Banking,5,0
ORD005916,CUST0815,Ahmedabad,2023-05-19,Beauty,Body Lotion,4,349,0.15,1186.6,Credit Card,5,0
ORD005917,CUST0465,Pune,2023-07-13,Clothing,Formal Shirt,1,899,0.0,899.0,UPI,4,0
ORD005918,CUST0273,Hyderabad,2023-08-28,Beauty,Sunscreen SPF50,4,499,0.05,1896.2,Debit Card,5,0
ORD005919,CUST0139,Mumbai,2024-05-09,Clothing,Cotton T-Shirt,3,499,0.0,1497.0,UPI,5,0
ORD005920,CUST1089,Lucknow,2023-01-13,Clothing,Cotton T-Shirt,3,499,0.15,1272.45,Debit Card,4,0
ORD005921,CUST0297,Delhi,2023-03-18,Electronics,Webcam,3,2199,0.2,5277.6,Net Banking,2,1
ORD005922,CUST1055,Ahmedabad,2023-09-23,Groceries,Mixed Nuts,1,599,0.1,539.1,Debit Card,4,0
ORD005923,CUST0568,Pune,2024-04-02,Sports,Running Shoes,4,3499,0.05,13296.2,Cash on Delivery,2,0
ORD005924,CUST0616,Mumbai,2024-05-18,Groceries,Protein Bar Pack,4,699,0.1,2516.4,Debit Card,2,1
ORD005925,CUST0717,Ahmedabad,2024-11-06,Electronics,Laptop Stand,4,1299,0.0,5196.0,Credit Card,4,0
ORD005926,CUST0533,Jaipur,2023-12-02,Groceries,Green Tea,2,299,0.0,598.0,Credit Card,5,0
ORD005927,CUST0162,Hyderabad,2023-06-21,Electronics,Laptop Stand,2,1299,0.05,2468.1,Cash on Delivery,4,0
ORD005928,CUST0470,Jaipur,2023-07-11,Home & Kitchen,Water Bottle,2,399,0.1,718.2,Credit Card,4,0
ORD005929,CUST1023,Mumbai,2023-01-12,Beauty,Body Lotion,2,349,0.0,698.0,Credit Card,4,0
ORD005930,CUST1024,Pune,2023-07-17,Beauty,Sunscreen SPF50,1,499,0.2,399.2,Net Banking,4,0
ORD005931,CUST0438,Chennai,2024-09-24,Clothing,Sneakers,1,2499,0.0,2499.0,UPI,4,0
ORD005932,CUST0706,Ahmedabad,2024-02-15,Electronics,Phone Charger,3,599,0.0,1797.0,Credit Card,4,0
ORD005933,CUST0293,Lucknow,2024-05-01,Books,Self Help,3,449,0.2,1077.6,Credit Card,5,0
ORD005934,CUST0322,Ahmedabad,2024-07-07,Home & Kitchen,Air Fryer,4,3999,0.0,15996.0,Net Banking,4,0
ORD005935,CUST0040,Pune,2024-10-07,Sports,Water Jug,4,599,0.0,2396.0,Debit Card,5,0
ORD005936,CUST1351,Pune,2024-11-07,Beauty,Hair Mask,1,399,0.05,379.05,UPI,5,0
ORD005937,CUST0322,Ahmedabad,2024-07-09,Books,Business Strategy,1,599,0.0,599.0,Cash on Delivery,5,0
ORD005938,CUST0356,Hyderabad,2023-04-13,Electronics,Webcam,1,2199,0.0,2199.0,UPI,5,0
ORD005939,CUST0424,Mumbai,2024-12-12,Beauty,Hair Mask,4,399,0.05,1516.2,Net Banking,4,0
ORD005940,CUST0201,Delhi,2023-10-02,Home & Kitchen,Air Fryer,3,3999,0.0,11997.0,Credit Card,4,0
ORD005941,CUST0994,Delhi,2023-06-06,Electronics,Laptop Stand,1,1299,0.1,1169.1,Net Banking,5,0
ORD005942,CUST0121,Delhi,2024-05-09,Home & Kitchen,Storage Box,3,299,0.0,897.0,Net Banking,5,0
ORD005943,CUST0215,Lucknow,2024-11-12,Beauty,Face Serum,2,999,0.0,1998.0,Credit Card,4,0
ORD005944,CUST1003,Lucknow,2024-04-07,Groceries,Mixed Nuts,2,599,0.0,1198.0,Debit Card,4,0
ORD005945,CUST0505,Lucknow,2023-07-14,Home & Kitchen,Knife Set,2,1299,0.0,2598.0,Credit Card,5,0
ORD005946,CUST1081,Kolkata,2023-10-02,Sports,Running Shoes,2,3499,0.1,6298.2,Cash on Delivery,4,0
ORD005947,CUST0844,Delhi,2024-05-29,Home & Kitchen,Water Bottle,3,399,0.15,1017.45,Net Banking,4,0
ORD005948,CUST0396,Delhi,2024-10-05,Clothing,Jacket,2,2999,0.0,5998.0,Net Banking,5,0
ORD005949,CUST1008,Jaipur,2023-09-19,Books,Python Programming,2,699,0.15,1188.3,Debit Card,2,0
ORD005950,CUST0189,Delhi,2024-03-09,Sports,Gym Gloves,4,399,0.15,1356.6,Cash on Delivery,3,0
ORD005951,CUST0811,Ahmedabad,2024-01-29,Beauty,Body Lotion,3,349,0.2,837.6,UPI,4,0
ORD005952,CUST0662,Bangalore,2024-08-22,Groceries,Olive Oil,4,799,0.0,3196.0,UPI,4,0
ORD005953,CUST0409,Kolkata,2024-12-28,Books,Self Help,3,449,0.0,1347.0,Credit Card,4,0
ORD005954,CUST0932,Kolkata,2024-04-09,Sports,Gym Gloves,4,399,0.15,1356.6,Debit Card,4,0
ORD005955,CUST1314,Lucknow,2023-08-20,Home & Kitchen,Water Bottle,3,399,0.2,957.6,UPI,5,0
ORD005956,CUST1500,Kolkata,2023-04-17,Electronics,Laptop Stand,2,1299,0.0,2598.0,Debit Card,4,0
ORD005957,CUST0938,Chennai,2023-09-26,Clothing,Formal Shirt,1,899,0.0,899.0,Debit Card,5,0
ORD005958,CUST0585,Hyderabad,2023-07-20,Electronics,USB Hub,4,899,0.15,3056.6,UPI,4,0
ORD005959,CUST0352,Bangalore,2023-06-25,Clothing,Sneakers,2,2499,0.05,4748.1,Cash on Delivery,5,0
ORD005960,CUST0396,Delhi,2023-07-19,Sports,Water Jug,2,599,0.0,1198.0,Credit Card,4,0
ORD005961,CUST0732,Lucknow,2024-01-07,Groceries,Mixed Nuts,3,599,0.0,1797.0,Credit Card,5,0
ORD005962,CUST0533,Jaipur,2023-10-25,Books,Business Strategy,2,599,0.0,1198.0,Credit Card,5,0
ORD005963,CUST1373,Ahmedabad,2023-09-29,Electronics,Wireless Earbuds,4,2499,0.0,9996.0,UPI,5,0
ORD005964,CUST0533,Jaipur,2024-10-18,Groceries,Green Tea,3,299,0.05,852.15,Credit Card,4,0
ORD005965,CUST0537,Hyderabad,2024-10-02,Books,Fiction Novel,3,299,0.0,897.0,Net Banking,5,0
ORD005966,CUST0553,Ahmedabad,2023-03-18,Clothing,Jacket,1,2999,0.0,2999.0,Credit Card,3,0
ORD005967,CUST1250,Delhi,2024-05-17,Electronics,Laptop Stand,3,1299,0.2,3117.6,Debit Card,5,0
ORD005968,CUST1008,Jaipur,2024-08-23,Groceries,Protein Bar Pack,3,699,0.0,2097.0,Cash on Delivery,4,0
ORD005969,CUST0948,Hyderabad,2023-07-29,Home & Kitchen,Water Bottle,3,399,0.05,1137.15,Cash on Delivery,4,0
ORD005970,CUST0500,Ahmedabad,2024-10-22,Sports,Gym Gloves,4,399,0.0,1596.0,Credit Card,4,0
ORD005971,CUST1229,Pune,2024-04-20,Groceries,Olive Oil,1,799,0.0,799.0,Credit Card,4,0
ORD005972,CUST0063,Kolkata,2024-06-25,Groceries,Mixed Nuts,1,599,0.2,479.2,UPI,4,0
ORD005973,CUST1314,Lucknow,2023-08-29,Home & Kitchen,Coffee Mug,2,249,0.15,423.3,Cash on Delivery,2,0
ORD005974,CUST0780,Jaipur,2023-07-21,Clothing,Formal Shirt,3,899,0.15,2292.45,Credit Card,5,0
ORD005975,CUST0576,Hyderabad,2023-09-15,Books,Fiction Novel,1,299,0.0,299.0,UPI,4,0
ORD005976,CUST0757,Jaipur,2023-11-12,Clothing,Sneakers,4,2499,0.0,9996.0,Credit Card,4,0
ORD005977,CUST1025,Ahmedabad,2024-03-01,Beauty,Face Serum,3,999,0.15,2547.45,Cash on Delivery,1,0
ORD005978,CUST0024,Hyderabad,2024-09-01,Home & Kitchen,Air Fryer,1,3999,0.05,3799.05,Debit Card,5,0
ORD005979,CUST1315,Jaipur,2023-04-15,Books,Self Help,3,449,0.1,1212.3,Debit Card,5,0
ORD005980,CUST0679,Delhi,2024-12-17,Beauty,Face Serum,4,999,0.1,3596.4,Net Banking,5,0
ORD005981,CUST0508,Hyderabad,2023-09-30,Groceries,Basmati Rice 5kg,4,499,0.0,1996.0,UPI,4,0
ORD005982,CUST0221,Hyderabad,2023-06-18,Sports,Yoga Mat,1,799,0.0,799.0,Debit Card,4,0
ORD005983,CUST0663,Lucknow,2023-02-15,Books,Data Science Guide,1,899,0.05,854.05,Credit Card,1,1
ORD005984,CUST0756,Ahmedabad,2024-09-27,Clothing,Sneakers,2,2499,0.1,4498.2,Cash on Delivery,4,0
ORD005985,CUST0582,Ahmedabad,2023-03-03,Clothing,Denim Jeans,1,1299,0.0,1299.0,Credit Card,4,0
ORD005986,CUST1043,Bangalore,2024-01-16,Groceries,Green Tea,3,299,0.0,897.0,Net Banking,2,0
ORD005987,CUST0627,Chennai,2023-09-25,Beauty,Lip Balm Pack,4,199,0.1,716.4,Credit Card,3,0
ORD005988,CUST1448,Mumbai,2023-10-12,Books,Python Programming,3,699,0.0,2097.0,Debit Card,5,0
ORD005989,CUST0923,Kolkata,2024-05-02,Groceries,Protein Bar Pack,1,699,0.15,594.15,Net Banking,4,0
ORD005990,CUST1211,Ahmedabad,2023-12-29,Clothing,Denim Jeans,4,1299,0.0,5196.0,Debit Card,4,0
ORD005991,CUST0179,Kolkata,2023-11-28,Sports,Running Shoes,3,3499,0.05,9972.15,Net Banking,5,0
ORD005992,CUST0576,Hyderabad,2023-08-24,Clothing,Sneakers,2,2499,0.1,4498.2,Net Banking,1,1
ORD005993,CUST0501,Bangalore,2024-03-30,Sports,Water Jug,2,599,0.05,1138.1,Net Banking,4,0
ORD005994,CUST0869,Lucknow,2024-08-23,Groceries,Basmati Rice 5kg,1,499,0.0,499.0,UPI,4,0
ORD005995,CUST1304,Ahmedabad,2023-01-05,Books,Fiction Novel,1,299,0.0,299.0,Debit Card,5,0
ORD005996,CUST0126,Jaipur,2024-03-20,Sports,Yoga Mat,2,799,0.0,1598.0,Debit Card,5,0
ORD005997,CUST0117,Bangalore,2024-10-09,Sports,Running Shoes,4,3499,0.1,12596.4,Net Banking,5,0
ORD005998,CUST1278,Bangalore,2024-01-01,Books,Python Programming,4,699,0.0,2796.0,Net Banking,4,0
ORD005999,CUST0325,Delhi,2023-03-25,Home & Kitchen,Air Fryer,4,3999,0.0,15996.0,Credit Card,5,0
ORD006000,CUST1025,Ahmedabad,2024-02-03,Electronics,Wireless Earbuds,3,2499,0.0,7497.0,Debit Card,3,0
ORD006001,CUST0815,Ahmedabad,2024-06-23,Home & Kitchen,Storage Box,3,299,0.0,897.0,UPI,1,0
ORD006002,CUST1245,Pune,2024-05-28,Groceries,Green Tea,3,299,0.0,897.0,Cash on Delivery,4,0
ORD006003,CUST0199,Hyderabad,2024-01-18,Books,Data Science Guide,3,899,0.05,2562.15,Debit Card,4,0
ORD006004,CUST0205,Mumbai,2024-04-09,Beauty,Hair Mask,2,399,0.05,758.1,Cash on Delivery,5,0
ORD006005,CUST0844,Delhi,2024-03-03,Groceries,Basmati Rice 5kg,4,499,0.15,1696.6,UPI,5,0
ORD006006,CUST1426,Ahmedabad,2024-05-12,Beauty,Hair Mask,4,399,0.0,1596.0,UPI,5,0
ORD006007,CUST0616,Mumbai,2023-03-19,Sports,Running Shoes,2,3499,0.0,6998.0,UPI,3,0
ORD006008,CUST0489,Chennai,2024-04-13,Beauty,Body Lotion,3,349,0.05,994.65,Credit Card,5,0
ORD006009,CUST0934,Mumbai,2023-06-23,Electronics,Laptop Stand,3,1299,0.2,3117.6,Net Banking,5,0
ORD006010,CUST1404,Mumbai,2024-12-03,Sports,Resistance Bands,3,499,0.1,1347.3,Net Banking,5,0
ORD006011,CUST1250,Delhi,2024-10-01,Groceries,Olive Oil,2,799,0.2,1278.4,UPI,4,0
ORD006012,CUST1492,Kolkata,2023-03-03,Books,Fiction Novel,1,299,0.0,299.0,Cash on Delivery,5,0
ORD006013,CUST0039,Delhi,2023-01-01,Groceries,Mixed Nuts,1,599,0.05,569.05,Credit Card,2,1
ORD006014,CUST0184,Kolkata,2023-10-17,Groceries,Green Tea,1,299,0.0,299.0,Cash on Delivery,3,0
ORD006015,CUST0940,Delhi,2023-08-15,Books,Business Strategy,4,599,0.0,2396.0,Cash on Delivery,5,0
ORD006016,CUST1231,Pune,2024-09-14,Groceries,Basmati Rice 5kg,2,499,0.15,848.3,Net Banking,5,0
ORD006017,CUST0436,Mumbai,2024-09-21,Books,Data Science Guide,3,899,0.0,2697.0,Credit Card,4,0
ORD006018,CUST0374,Jaipur,2023-06-21,Groceries,Olive Oil,4,799,0.15,2716.6,UPI,1,1
ORD006019,CUST1184,Kolkata,2023-09-09,Clothing,Cotton T-Shirt,4,499,0.2,1596.8,Net Banking,4,0
ORD006020,CUST0092,Lucknow,2024-05-22,Electronics,Wireless Earbuds,4,2499,0.1,8996.4,Debit Card,3,0
ORD006021,CUST0535,Mumbai,2024-09-09,Sports,Resistance Bands,4,499,0.0,1996.0,Debit Card,5,0
ORD006022,CUST0769,Delhi,2023-04-15,Books,Data Science Guide,1,899,0.0,899.0,Cash on Delivery,5,0
ORD006023,CUST0848,Delhi,2024-01-29,Electronics,Laptop Stand,1,1299,0.2,1039.2,Debit Card,2,1
ORD006024,CUST1105,Ahmedabad,2023-10-16,Electronics,Webcam,3,2199,0.0,6597.0,UPI,3,0
ORD006025,CUST0521,Lucknow,2024-11-11,Clothing,Sneakers,4,2499,0.0,9996.0,Credit Card,3,0
ORD006026,CUST0948,Hyderabad,2023-08-16,Books,Fiction Novel,2,299,0.0,598.0,Cash on Delivery,4,0
ORD006027,CUST0898,Kolkata,2023-03-10,Sports,Yoga Mat,2,799,0.15,1358.3,Net Banking,2,1
ORD006028,CUST0826,Jaipur,2024-04-19,Home & Kitchen,Knife Set,4,1299,0.05,4936.2,Net Banking,4,0
ORD006029,CUST0997,Pune,2024-01-01,Groceries,Protein Bar Pack,4,699,0.0,2796.0,UPI,4,0
ORD006030,CUST0399,Kolkata,2024-05-31,Sports,Yoga Mat,2,799,0.0,1598.0,UPI,3,0
ORD006031,CUST0137,Bangalore,2023-04-24,Beauty,Hair Mask,2,399,0.0,798.0,Credit Card,3,0
ORD006032,CUST0193,Pune,2023-11-19,Clothing,Sneakers,2,2499,0.1,4498.2,Debit Card,4,0
ORD006033,CUST0351,Jaipur,2024-12-08,Beauty,Face Serum,2,999,0.0,1998.0,Credit Card,4,0
ORD006034,CUST0760,Kolkata,2024-11-01,Clothing,Formal Shirt,1,899,0.0,899.0,UPI,4,0
ORD006035,CUST1260,Chennai,2023-05-27,Books,Python Programming,4,699,0.0,2796.0,Credit Card,4,0
ORD006036,CUST1075,Pune,2024-01-30,Home & Kitchen,Water Bottle,4,399,0.0,1596.0,Credit Card,4,0
ORD006037,CUST1186,Delhi,2024-06-03,Groceries,Basmati Rice 5kg,3,499,0.0,1497.0,Debit Card,4,0
ORD006038,CUST0518,Delhi,2023-09-08,Electronics,Laptop Stand,3,1299,0.1,3507.3,UPI,5,0
ORD006039,CUST0585,Hyderabad,2024-08-15,Books,Data Science Guide,4,899,0.15,3056.6,Credit Card,4,0
ORD006040,CUST0572,Bangalore,2024-03-23,Clothing,Jacket,3,2999,0.0,8997.0,Net Banking,4,0
ORD006041,CUST0287,Bangalore,2023-02-04,Clothing,Formal Shirt,2,899,0.15,1528.3,UPI,3,0
ORD006042,CUST0102,Jaipur,2024-04-18,Sports,Gym Gloves,2,399,0.05,758.1,Debit Card,5,0
ORD006043,CUST0911,Bangalore,2023-09-28,Groceries,Green Tea,2,299,0.1,538.2,Cash on Delivery,4,0
ORD006044,CUST1478,Kolkata,2024-09-09,Sports,Yoga Mat,3,799,0.2,1917.6,Credit Card,4,0
ORD006045,CUST0257,Ahmedabad,2024-12-24,Home & Kitchen,Storage Box,1,299,0.15,254.15,UPI,5,0
ORD006046,CUST0075,Jaipur,2024-03-18,Groceries,Protein Bar Pack,3,699,0.0,2097.0,UPI,4,0
ORD006047,CUST1175,Kolkata,2023-09-22,Clothing,Denim Jeans,1,1299,0.0,1299.0,UPI,2,1
ORD006048,CUST0391,Pune,2024-07-05,Beauty,Sunscreen SPF50,4,499,0.05,1896.2,UPI,4,0
ORD006049,CUST1242,Lucknow,2024-08-25,Home & Kitchen,Air Fryer,1,3999,0.1,3599.1,Net Banking,4,0
ORD006050,CUST1078,Bangalore,2024-12-02,Sports,Running Shoes,1,3499,0.0,3499.0,Net Banking,4,0
ORD006051,CUST1426,Ahmedabad,2024-05-16,Electronics,Webcam,2,2199,0.05,4178.1,UPI,3,0
ORD006052,CUST0597,Kolkata,2024-12-08,Electronics,Phone Charger,1,599,0.0,599.0,Credit Card,4,0
ORD006053,CUST1021,Hyderabad,2024-10-12,Home & Kitchen,Knife Set,1,1299,0.2,1039.2,UPI,4,0
ORD006054,CUST0712,Hyderabad,2023-09-12,Books,Self Help,1,449,0.15,381.65,Credit Card,3,0
ORD006055,CUST0980,Jaipur,2024-05-14,Clothing,Formal Shirt,1,899,0.15,764.15,Debit Card,4,0
ORD006056,CUST0681,Lucknow,2023-12-25,Beauty,Face Serum,4,999,0.0,3996.0,Debit Card,4,0
ORD006057,CUST0280,Pune,2023-07-03,Home & Kitchen,Storage Box,3,299,0.15,762.45,Debit Card,5,0
ORD006058,CUST0772,Delhi,2024-12-04,Beauty,Sunscreen SPF50,4,499,0.05,1896.2,UPI,5,0
ORD006059,CUST0800,Delhi,2024-02-05,Electronics,USB Hub,1,899,0.05,854.05,Cash on Delivery,4,0
ORD006060,CUST1218,Delhi,2024-04-24,Electronics,USB Hub,3,899,0.15,2292.45,UPI,3,0
ORD006061,CUST1118,Kolkata,2024-03-07,Groceries,Protein Bar Pack,4,699,0.0,2796.0,Cash on Delivery,4,0
ORD006062,CUST1023,Mumbai,2023-09-02,Groceries,Basmati Rice 5kg,2,499,0.05,948.1,Net Banking,4,0
ORD006063,CUST0186,Ahmedabad,2024-01-15,Books,Python Programming,3,699,0.1,1887.3,Net Banking,4,0
ORD006064,CUST1100,Ahmedabad,2024-08-24,Electronics,Wireless Earbuds,2,2499,0.0,4998.0,Debit Card,4,0
ORD006065,CUST0760,Kolkata,2023-03-18,Clothing,Denim Jeans,3,1299,0.0,3897.0,UPI,4,0
ORD006066,CUST1349,Kolkata,2024-08-30,Home & Kitchen,Coffee Mug,4,249,0.0,996.0,Debit Card,3,0
ORD006067,CUST1383,Kolkata,2023-11-16,Books,Self Help,4,449,0.2,1436.8,Net Banking,4,0
ORD006068,CUST0089,Chennai,2024-05-08,Sports,Water Jug,3,599,0.1,1617.3,Cash on Delivery,4,0
ORD006069,CUST1231,Pune,2023-07-22,Books,Fiction Novel,4,299,0.15,1016.6,Net Banking,3,0
ORD006070,CUST0063,Kolkata,2024-05-21,Clothing,Cotton T-Shirt,3,499,0.0,1497.0,UPI,5,0
ORD006071,CUST0533,Jaipur,2023-07-07,Books,Data Science Guide,4,899,0.1,3236.4,UPI,3,0
ORD006072,CUST0815,Ahmedabad,2023-09-14,Beauty,Body Lotion,1,349,0.05,331.55,Credit Card,3,0
ORD006073,CUST0236,Hyderabad,2024-02-20,Electronics,Phone Charger,4,599,0.0,2396.0,Credit Card,4,0
ORD006074,CUST1135,Pune,2023-04-21,Electronics,Laptop Stand,4,1299,0.0,5196.0,Credit Card,5,0
ORD006075,CUST0012,Mumbai,2024-04-22,Sports,Gym Gloves,4,399,0.0,1596.0,Credit Card,5,0
ORD006076,CUST0258,Ahmedabad,2023-12-21,Beauty,Body Lotion,3,349,0.15,889.95,Net Banking,4,0
ORD006077,CUST0892,Jaipur,2023-07-17,Electronics,Laptop Stand,2,1299,0.0,2598.0,Net Banking,1,1
ORD006078,CUST1089,Lucknow,2024-04-10,Home & Kitchen,Water Bottle,3,399,0.05,1137.15,Cash on Delivery,4,0
ORD006079,CUST1376,Pune,2024-09-14,Books,Business Strategy,2,599,0.2,958.4,Credit Card,4,0
ORD006080,CUST1080,Jaipur,2024-12-27,Electronics,USB Hub,1,899,0.2,719.2,Debit Card,2,0
ORD006081,CUST1028,Bangalore,2023-05-11,Home & Kitchen,Water Bottle,1,399,0.0,399.0,Cash on Delivery,4,0
ORD006082,CUST0573,Hyderabad,2024-12-12,Clothing,Sneakers,3,2499,0.2,5997.6,Debit Card,5,0
ORD006083,CUST0002,Mumbai,2023-08-23,Books,Business Strategy,2,599,0.15,1018.3,Net Banking,5,0
ORD006084,CUST0193,Pune,2023-09-06,Electronics,Wireless Earbuds,2,2499,0.0,4998.0,Cash on Delivery,5,0
ORD006085,CUST0808,Bangalore,2024-11-13,Electronics,Laptop Stand,3,1299,0.1,3507.3,Debit Card,5,0
ORD006086,CUST1036,Ahmedabad,2024-10-27,Books,Python Programming,3,699,0.0,2097.0,Credit Card,5,0
ORD006087,CUST0619,Lucknow,2023-06-17,Books,Python Programming,1,699,0.15,594.15,Credit Card,4,0
ORD006088,CUST1109,Kolkata,2023-08-03,Home & Kitchen,Knife Set,1,1299,0.2,1039.2,Net Banking,5,0
ORD006089,CUST0796,Jaipur,2024-10-28,Home & Kitchen,Knife Set,2,1299,0.05,2468.1,Cash on Delivery,5,0
ORD006090,CUST0119,Kolkata,2023-03-17,Groceries,Protein Bar Pack,2,699,0.1,1258.2,Debit Card,5,0
ORD006091,CUST0288,Mumbai,2023-01-11,Home & Kitchen,Storage Box,3,299,0.0,897.0,Net Banking,3,0
ORD006092,CUST1258,Lucknow,2024-11-10,Sports,Yoga Mat,2,799,0.15,1358.3,Credit Card,5,0
ORD006093,CUST1104,Delhi,2023-08-12,Beauty,Sunscreen SPF50,4,499,0.0,1996.0,Debit Card,4,0
ORD006094,CUST1349,Kolkata,2024-12-28,Books,Python Programming,2,699,0.0,1398.0,UPI,4,0
ORD006095,CUST0192,Delhi,2024-04-07,Clothing,Sneakers,3,2499,0.05,7122.15,Cash on Delivery,5,0
ORD006096,CUST1479,Lucknow,2023-09-13,Books,Business Strategy,1,599,0.2,479.2,Net Banking,2,0
ORD006097,CUST0321,Mumbai,2023-03-10,Sports,Yoga Mat,4,799,0.2,2556.8,Net Banking,3,0
ORD006098,CUST0020,Jaipur,2024-09-29,Groceries,Olive Oil,3,799,0.2,1917.6,Cash on Delivery,4,0
ORD006099,CUST1497,Kolkata,2024-09-05,Sports,Yoga Mat,3,799,0.0,2397.0,Debit Card,5,0
ORD006100,CUST0428,Chennai,2024-12-31,Sports,Gym Gloves,2,399,0.0,798.0,Cash on Delivery,2,1
ORD006101,CUST1025,Ahmedabad,2023-10-02,Home & Kitchen,Knife Set,4,1299,0.05,4936.2,Debit Card,4,0
ORD006102,CUST0268,Chennai,2023-12-27,Home & Kitchen,Air Fryer,4,3999,0.2,12796.8,UPI,4,0
ORD006103,CUST0892,Jaipur,2024-12-21,Clothing,Jacket,2,2999,0.0,5998.0,Net Banking,5,0
ORD006104,CUST1361,Pune,2023-10-03,Electronics,Webcam,3,2199,0.15,5607.45,Cash on Delivery,5,0
ORD006105,CUST0480,Kolkata,2023-11-09,Books,Python Programming,2,699,0.1,1258.2,UPI,4,0
ORD006106,CUST1027,Kolkata,2023-09-20,Sports,Running Shoes,2,3499,0.15,5948.3,UPI,5,0
ORD006107,CUST0280,Pune,2024-02-09,Home & Kitchen,Knife Set,4,1299,0.2,4156.8,Cash on Delivery,2,0
ORD006108,CUST0969,Mumbai,2023-12-15,Sports,Water Jug,3,599,0.15,1527.45,Credit Card,1,0
ORD006109,CUST0501,Bangalore,2024-01-12,Books,Fiction Novel,1,299,0.15,254.15,Net Banking,4,0
ORD006110,CUST0323,Lucknow,2023-08-02,Books,Self Help,2,449,0.0,898.0,UPI,4,0
ORD006111,CUST0474,Kolkata,2023-01-16,Beauty,Body Lotion,2,349,0.05,663.1,Cash on Delivery,5,0
ORD006112,CUST0271,Ahmedabad,2024-10-14,Beauty,Hair Mask,1,399,0.0,399.0,Net Banking,4,0
ORD006113,CUST1357,Jaipur,2023-08-24,Home & Kitchen,Air Fryer,3,3999,0.15,10197.45,Cash on Delivery,4,0
ORD006114,CUST0576,Hyderabad,2023-05-20,Home & Kitchen,Coffee Mug,1,249,0.05,236.55,Debit Card,1,1
ORD006115,CUST0384,Lucknow,2023-06-11,Books,Data Science Guide,1,899,0.0,899.0,Cash on Delivery,1,0
ORD006116,CUST0680,Chennai,2023-08-14,Home & Kitchen,Knife Set,4,1299,0.05,4936.2,Credit Card,4,0
ORD006117,CUST0481,Bangalore,2023-09-14,Clothing,Sneakers,2,2499,0.0,4998.0,Net Banking,4,0
ORD006118,CUST1129,Mumbai,2024-04-16,Groceries,Protein Bar Pack,4,699,0.0,2796.0,Cash on Delivery,5,0
ORD006119,CUST1457,Delhi,2024-11-06,Books,Python Programming,3,699,0.05,1992.15,Net Banking,5,0
ORD006120,CUST0662,Bangalore,2024-02-22,Beauty,Hair Mask,2,399,0.1,718.2,Credit Card,4,0
ORD006121,CUST1304,Ahmedabad,2024-04-06,Groceries,Mixed Nuts,4,599,0.2,1916.8,Debit Card,4,0
ORD006122,CUST0861,Mumbai,2024-09-03,Electronics,Laptop Stand,3,1299,0.15,3312.45,UPI,1,0
ORD006123,CUST0247,Ahmedabad,2023-09-04,Groceries,Protein Bar Pack,4,699,0.15,2376.6,Credit Card,5,0
ORD006124,CUST1055,Ahmedabad,2023-05-08,Beauty,Hair Mask,4,399,0.1,1436.4,Debit Card,2,1
ORD006125,CUST0781,Lucknow,2024-03-05,Electronics,Phone Charger,2,599,0.05,1138.1,UPI,3,0
ORD006126,CUST1008,Jaipur,2023-02-03,Home & Kitchen,Coffee Mug,1,249,0.15,211.65,Cash on Delivery,4,0
ORD006127,CUST1343,Bangalore,2023-04-03,Electronics,USB Hub,1,899,0.2,719.2,Net Banking,5,0
ORD006128,CUST0672,Lucknow,2023-01-14,Electronics,USB Hub,4,899,0.2,2876.8,Cash on Delivery,2,1
ORD006129,CUST1357,Jaipur,2023-08-03,Books,Python Programming,1,699,0.05,664.05,UPI,4,0
ORD006130,CUST1141,Delhi,2024-12-27,Groceries,Protein Bar Pack,4,699,0.2,2236.8,UPI,4,0
ORD006131,CUST0746,Ahmedabad,2024-02-16,Books,Self Help,3,449,0.0,1347.0,Debit Card,5,0
ORD006132,CUST0932,Kolkata,2024-09-10,Beauty,Body Lotion,1,349,0.1,314.1,Debit Card,4,0
ORD006133,CUST0488,Chennai,2024-01-23,Electronics,Webcam,3,2199,0.1,5937.3,Cash on Delivery,4,0
ORD006134,CUST1472,Kolkata,2023-01-14,Clothing,Denim Jeans,1,1299,0.0,1299.0,Debit Card,4,0
ORD006135,CUST1025,Ahmedabad,2024-12-27,Books,Fiction Novel,3,299,0.15,762.45,Credit Card,3,0
ORD006136,CUST0071,Chennai,2023-12-28,Electronics,Wireless Earbuds,1,2499,0.0,2499.0,Credit Card,5,0
ORD006137,CUST0489,Chennai,2024-08-14,Sports,Running Shoes,2,3499,0.15,5948.3,Debit Card,4,0
ORD006138,CUST0967,Chennai,2024-10-01,Groceries,Green Tea,4,299,0.1,1076.4,Cash on Delivery,5,0
ORD006139,CUST0092,Lucknow,2024-07-25,Electronics,Phone Charger,2,599,0.0,1198.0,Net Banking,4,0
ORD006140,CUST0044,Mumbai,2024-03-16,Books,Self Help,4,449,0.05,1706.2,Debit Card,2,0
ORD006141,CUST0682,Delhi,2023-03-14,Beauty,Body Lotion,3,349,0.2,837.6,UPI,5,0
ORD006142,CUST0499,Jaipur,2023-08-12,Electronics,Phone Charger,4,599,0.1,2156.4,UPI,4,0
ORD006143,CUST0662,Bangalore,2023-04-13,Groceries,Olive Oil,1,799,0.1,719.1,Net Banking,4,0
ORD006144,CUST0402,Hyderabad,2024-09-30,Clothing,Denim Jeans,2,1299,0.15,2208.3,Net Banking,5,0
ORD006145,CUST0253,Delhi,2024-01-27,Books,Python Programming,2,699,0.05,1328.1,Debit Card,4,0
ORD006146,CUST1055,Ahmedabad,2023-11-13,Electronics,Laptop Stand,1,1299,0.0,1299.0,Cash on Delivery,4,0
ORD006147,CUST0782,Chennai,2023-04-18,Groceries,Basmati Rice 5kg,2,499,0.0,998.0,Net Banking,2,0
ORD006148,CUST0306,Lucknow,2024-04-04,Electronics,USB Hub,4,899,0.2,2876.8,Net Banking,4,0
ORD006149,CUST0479,Kolkata,2024-11-11,Home & Kitchen,Air Fryer,2,3999,0.15,6798.3,Cash on Delivery,4,0
ORD006150,CUST0913,Jaipur,2023-06-09,Clothing,Cotton T-Shirt,2,499,0.0,998.0,Net Banking,4,0
ORD006151,CUST0117,Bangalore,2024-01-02,Groceries,Protein Bar Pack,3,699,0.0,2097.0,Debit Card,4,0
ORD006152,CUST0236,Hyderabad,2023-01-14,Clothing,Cotton T-Shirt,2,499,0.05,948.1,Net Banking,4,0
ORD006153,CUST0119,Kolkata,2024-10-20,Sports,Water Jug,1,599,0.1,539.1,Cash on Delivery,3,0
ORD006154,CUST1221,Kolkata,2023-12-16,Home & Kitchen,Water Bottle,4,399,0.0,1596.0,Net Banking,5,0
ORD006155,CUST1143,Chennai,2024-08-13,Electronics,Phone Charger,4,599,0.0,2396.0,Net Banking,5,0
ORD006156,CUST1146,Lucknow,2023-11-13,Groceries,Mixed Nuts,1,599,0.15,509.15,Net Banking,4,0
ORD006157,CUST1091,Ahmedabad,2023-11-04,Groceries,Olive Oil,3,799,0.05,2277.15,UPI,5,0
ORD006158,CUST1027,Kolkata,2023-11-27,Books,Fiction Novel,2,299,0.2,478.4,Net Banking,3,0
ORD006159,CUST0726,Ahmedabad,2023-04-26,Books,Fiction Novel,1,299,0.15,254.15,UPI,5,0
ORD006160,CUST0999,Chennai,2024-03-19,Electronics,Wireless Earbuds,1,2499,0.0,2499.0,Debit Card,4,0
ORD006161,CUST0063,Kolkata,2023-11-24,Beauty,Sunscreen SPF50,3,499,0.0,1497.0,UPI,4,0
ORD006162,CUST0960,Ahmedabad,2024-10-26,Books,Self Help,4,449,0.0,1796.0,Net Banking,4,0
ORD006163,CUST1172,Jaipur,2024-07-11,Beauty,Body Lotion,1,349,0.1,314.1,Debit Card,4,0
ORD006164,CUST0760,Kolkata,2024-03-20,Electronics,Webcam,2,2199,0.0,4398.0,Credit Card,4,0
ORD006165,CUST0523,Kolkata,2024-03-14,Clothing,Sneakers,3,2499,0.1,6747.3,UPI,2,0
ORD006166,CUST0421,Chennai,2024-12-05,Books,Business Strategy,4,599,0.0,2396.0,Debit Card,4,0
ORD006167,CUST0999,Chennai,2023-11-04,Beauty,Body Lotion,2,349,0.0,698.0,UPI,5,0
ORD006168,CUST1059,Delhi,2023-02-24,Clothing,Formal Shirt,3,899,0.05,2562.15,UPI,4,0
ORD006169,CUST1314,Lucknow,2024-06-27,Beauty,Hair Mask,4,399,0.2,1276.8,Debit Card,5,0
ORD006170,CUST0508,Hyderabad,2024-10-17,Home & Kitchen,Water Bottle,1,399,0.2,319.2,Debit Card,4,0
ORD006171,CUST1161,Bangalore,2024-01-22,Groceries,Olive Oil,4,799,0.0,3196.0,Cash on Delivery,3,0
ORD006172,CUST0850,Hyderabad,2024-12-05,Books,Self Help,2,449,0.15,763.3,Net Banking,4,0
ORD006173,CUST1334,Ahmedabad,2024-03-03,Sports,Water Jug,3,599,0.05,1707.15,Debit Card,5,0
ORD006174,CUST0800,Delhi,2024-12-01,Clothing,Sneakers,1,2499,0.0,2499.0,UPI,4,0
ORD006175,CUST0789,Chennai,2024-12-12,Home & Kitchen,Coffee Mug,4,249,0.2,796.8,Cash on Delivery,3,0
ORD006176,CUST0885,Ahmedabad,2024-09-17,Electronics,Webcam,2,2199,0.0,4398.0,Cash on Delivery,3,0
ORD006177,CUST1139,Chennai,2023-08-17,Groceries,Basmati Rice 5kg,2,499,0.15,848.3,Credit Card,3,0
ORD006178,CUST1450,Hyderabad,2023-09-04,Beauty,Lip Balm Pack,2,199,0.0,398.0,UPI,5,0
ORD006179,CUST0119,Kolkata,2023-12-16,Beauty,Face Serum,3,999,0.0,2997.0,Credit Card,4,0
ORD006180,CUST0088,Kolkata,2024-07-05,Beauty,Body Lotion,2,349,0.0,698.0,Debit Card,5,0
ORD006181,CUST1415,Pune,2023-08-26,Electronics,USB Hub,1,899,0.0,899.0,Debit Card,4,0
ORD006182,CUST0803,Chennai,2023-06-04,Electronics,Phone Charger,2,599,0.1,1078.2,Debit Card,4,0
ORD006183,CUST0949,Jaipur,2024-04-02,Groceries,Mixed Nuts,1,599,0.0,599.0,Cash on Delivery,4,0
ORD006184,CUST0736,Jaipur,2024-03-12,Home & Kitchen,Storage Box,4,299,0.0,1196.0,Cash on Delivery,5,0
ORD006185,CUST0151,Bangalore,2023-07-19,Sports,Water Jug,2,599,0.0,1198.0,UPI,3,0
ORD006186,CUST1159,Jaipur,2024-07-06,Electronics,Webcam,4,2199,0.0,8796.0,Cash on Delivery,4,0
ORD006187,CUST1137,Hyderabad,2023-08-04,Groceries,Protein Bar Pack,3,699,0.15,1782.45,Net Banking,4,0
ORD006188,CUST0472,Kolkata,2023-01-21,Electronics,Webcam,2,2199,0.0,4398.0,UPI,4,0
ORD006189,CUST0465,Pune,2024-09-04,Sports,Water Jug,2,599,0.1,1078.2,UPI,5,0
ORD006190,CUST1251,Jaipur,2023-08-03,Home & Kitchen,Knife Set,2,1299,0.05,2468.1,Credit Card,2,1
ORD006191,CUST0117,Bangalore,2023-02-12,Beauty,Body Lotion,3,349,0.05,994.65,Debit Card,3,0
ORD006192,CUST1331,Hyderabad,2023-01-15,Books,Self Help,2,449,0.1,808.2,Debit Card,4,0
ORD006193,CUST0396,Delhi,2023-02-20,Books,Self Help,3,449,0.1,1212.3,UPI,4,0
ORD006194,CUST0917,Lucknow,2023-03-24,Beauty,Lip Balm Pack,3,199,0.1,537.3,Net Banking,5,0
ORD006195,CUST1410,Ahmedabad,2024-10-29,Beauty,Sunscreen SPF50,3,499,0.2,1197.6,Credit Card,5,0
ORD006196,CUST1042,Kolkata,2024-12-07,Clothing,Cotton T-Shirt,1,499,0.15,424.15,Net Banking,3,0
ORD006197,CUST0615,Jaipur,2023-05-28,Clothing,Sneakers,4,2499,0.0,9996.0,UPI,4,0
ORD006198,CUST1055,Ahmedabad,2023-10-25,Beauty,Hair Mask,3,399,0.0,1197.0,Cash on Delivery,5,0
ORD006199,CUST0509,Chennai,2024-01-23,Books,Business Strategy,4,599,0.1,2156.4,Cash on Delivery,3,0
ORD006200,CUST0421,Chennai,2023-01-02,Groceries,Basmati Rice 5kg,1,499,0.15,424.15,Cash on Delivery,4,0
ORD006201,CUST1496,Lucknow,2024-02-29,Home & Kitchen,Air Fryer,1,3999,0.05,3799.05,Credit Card,5,0
ORD006202,CUST1141,Delhi,2024-03-04,Clothing,Sneakers,1,2499,0.0,2499.0,Credit Card,4,0
ORD006203,CUST1003,Lucknow,2024-06-07,Home & Kitchen,Storage Box,3,299,0.0,897.0,Cash on Delivery,5,0
ORD006204,CUST0522,Hyderabad,2023-10-12,Electronics,Laptop Stand,2,1299,0.0,2598.0,Net Banking,2,1
ORD006205,CUST0079,Kolkata,2024-04-26,Books,Self Help,3,449,0.0,1347.0,Debit Card,5,0
ORD006206,CUST0053,Pune,2023-12-24,Beauty,Sunscreen SPF50,1,499,0.05,474.05,UPI,2,1
ORD006207,CUST0839,Chennai,2023-09-30,Clothing,Denim Jeans,2,1299,0.0,2598.0,Credit Card,5,0
ORD006208,CUST1152,Kolkata,2023-01-16,Home & Kitchen,Air Fryer,1,3999,0.15,3399.15,Debit Card,5,0
ORD006209,CUST0811,Ahmedabad,2023-06-22,Sports,Gym Gloves,3,399,0.0,1197.0,Credit Card,4,0
ORD006210,CUST1260,Chennai,2024-03-31,Groceries,Basmati Rice 5kg,4,499,0.05,1896.2,Cash on Delivery,3,0
ORD006211,CUST0054,Lucknow,2023-07-23,Groceries,Olive Oil,2,799,0.15,1358.3,Net Banking,5,0
ORD006212,CUST0533,Jaipur,2024-08-11,Beauty,Face Serum,3,999,0.05,2847.15,UPI,5,0
ORD006213,CUST0368,Mumbai,2024-07-19,Groceries,Basmati Rice 5kg,2,499,0.1,898.2,UPI,5,0
ORD006214,CUST0680,Chennai,2023-01-06,Beauty,Body Lotion,2,349,0.0,698.0,Debit Card,5,0
ORD006215,CUST0117,Bangalore,2024-10-31,Sports,Gym Gloves,1,399,0.0,399.0,Cash on Delivery,3,0
ORD006216,CUST1438,Delhi,2024-03-27,Sports,Running Shoes,2,3499,0.0,6998.0,Cash on Delivery,5,0
ORD006217,CUST0347,Bangalore,2024-09-13,Electronics,Wireless Earbuds,2,2499,0.05,4748.1,UPI,4,0
ORD006218,CUST1387,Jaipur,2023-08-22,Electronics,USB Hub,1,899,0.05,854.05,Debit Card,5,0
ORD006219,CUST0634,Kolkata,2024-09-07,Groceries,Green Tea,1,299,0.0,299.0,Credit Card,4,0
ORD006220,CUST1473,Mumbai,2023-06-22,Clothing,Denim Jeans,3,1299,0.0,3897.0,Cash on Delivery,4,0
ORD006221,CUST0839,Chennai,2023-08-24,Home & Kitchen,Water Bottle,2,399,0.1,718.2,UPI,4,0
ORD006222,CUST1405,Delhi,2024-10-19,Groceries,Basmati Rice 5kg,2,499,0.05,948.1,UPI,4,0
ORD006223,CUST0008,Jaipur,2024-07-29,Clothing,Jacket,3,2999,0.0,8997.0,Cash on Delivery,5,0
ORD006224,CUST1137,Hyderabad,2024-06-19,Electronics,Phone Charger,2,599,0.0,1198.0,UPI,4,0
ORD006225,CUST1359,Delhi,2024-02-26,Beauty,Face Serum,3,999,0.1,2697.3,Debit Card,5,0
ORD006226,CUST0227,Kolkata,2023-01-21,Sports,Yoga Mat,3,799,0.2,1917.6,Credit Card,4,0
ORD006227,CUST0155,Lucknow,2023-04-19,Beauty,Hair Mask,4,399,0.15,1356.6,Credit Card,4,0
ORD006228,CUST0632,Pune,2023-05-09,Beauty,Hair Mask,1,399,0.1,359.1,Net Banking,5,0
ORD006229,CUST1408,Kolkata,2024-09-21,Home & Kitchen,Water Bottle,1,399,0.0,399.0,UPI,2,1
ORD006230,CUST0815,Ahmedabad,2023-04-20,Home & Kitchen,Coffee Mug,2,249,0.1,448.2,Net Banking,5,0
ORD006231,CUST0800,Delhi,2023-01-11,Electronics,Laptop Stand,3,1299,0.2,3117.6,UPI,1,0
ORD006232,CUST0227,Kolkata,2024-02-10,Home & Kitchen,Coffee Mug,3,249,0.1,672.3,Net Banking,4,0
ORD006233,CUST0002,Mumbai,2023-10-12,Beauty,Sunscreen SPF50,4,499,0.0,1996.0,Net Banking,4,0
ORD006234,CUST1216,Bangalore,2023-08-13,Home & Kitchen,Air Fryer,4,3999,0.0,15996.0,Credit Card,4,0
ORD006235,CUST0140,Chennai,2023-04-17,Beauty,Hair Mask,4,399,0.0,1596.0,Cash on Delivery,3,0
ORD006236,CUST0987,Jaipur,2024-03-22,Electronics,Webcam,1,2199,0.0,2199.0,Debit Card,4,0
ORD006237,CUST1373,Ahmedabad,2023-05-16,Sports,Resistance Bands,3,499,0.2,1197.6,Cash on Delivery,5,0
ORD006238,CUST0316,Bangalore,2023-08-10,Books,Business Strategy,1,599,0.0,599.0,UPI,4,0
ORD006239,CUST1024,Pune,2024-02-10,Electronics,Laptop Stand,1,1299,0.0,1299.0,UPI,5,0
ORD006240,CUST0127,Chennai,2024-12-07,Home & Kitchen,Knife Set,3,1299,0.0,3897.0,Net Banking,5,0
ORD006241,CUST0932,Kolkata,2024-11-13,Sports,Running Shoes,1,3499,0.0,3499.0,Net Banking,5,0
ORD006242,CUST0253,Delhi,2023-03-13,Clothing,Sneakers,4,2499,0.1,8996.4,Debit Card,4,0
ORD006243,CUST1118,Kolkata,2023-12-13,Groceries,Green Tea,1,299,0.0,299.0,Net Banking,4,0
ORD006244,CUST0454,Hyderabad,2024-09-19,Groceries,Olive Oil,2,799,0.2,1278.4,Debit Card,4,0
ORD006245,CUST0711,Pune,2024-01-11,Sports,Running Shoes,2,3499,0.1,6298.2,Net Banking,3,0
ORD006246,CUST0923,Kolkata,2023-07-05,Electronics,Webcam,3,2199,0.0,6597.0,Cash on Delivery,5,0
ORD006247,CUST0262,Bangalore,2024-12-22,Beauty,Lip Balm Pack,2,199,0.0,398.0,Credit Card,5,0
ORD006248,CUST1124,Mumbai,2023-11-08,Electronics,USB Hub,4,899,0.2,2876.8,UPI,4,0
ORD006249,CUST0462,Pune,2024-10-31,Groceries,Protein Bar Pack,2,699,0.15,1188.3,Net Banking,4,0
ORD006250,CUST1021,Hyderabad,2024-03-03,Electronics,USB Hub,1,899,0.1,809.1,Credit Card,4,0
ORD006251,CUST0248,Jaipur,2024-02-03,Sports,Running Shoes,3,3499,0.2,8397.6,UPI,5,0
ORD006252,CUST1054,Pune,2024-09-16,Sports,Water Jug,4,599,0.0,2396.0,Credit Card,4,0
ORD006253,CUST0204,Delhi,2023-12-18,Books,Data Science Guide,3,899,0.0,2697.0,Net Banking,4,0
ORD006254,CUST0633,Pune,2024-06-15,Sports,Gym Gloves,1,399,0.0,399.0,Credit Card,5,0
ORD006255,CUST0385,Jaipur,2024-03-15,Groceries,Basmati Rice 5kg,4,499,0.0,1996.0,UPI,5,0
ORD006256,CUST1137,Hyderabad,2024-12-31,Clothing,Cotton T-Shirt,4,499,0.2,1596.8,Credit Card,5,0
ORD006257,CUST0402,Hyderabad,2024-04-09,Books,Fiction Novel,4,299,0.15,1016.6,Net Banking,5,0
ORD006258,CUST1332,Kolkata,2023-11-24,Sports,Gym Gloves,1,399,0.05,379.05,Debit Card,4,0
ORD006259,CUST1345,Delhi,2023-03-13,Clothing,Sneakers,2,2499,0.0,4998.0,UPI,3,0
ORD006260,CUST0298,Lucknow,2024-03-05,Sports,Running Shoes,4,3499,0.1,12596.4,Credit Card,4,0
ORD006261,CUST0948,Hyderabad,2024-05-03,Clothing,Sneakers,3,2499,0.2,5997.6,Cash on Delivery,5,0
ORD006262,CUST0140,Chennai,2024-08-23,Beauty,Face Serum,2,999,0.2,1598.4,Debit Card,5,0
ORD006263,CUST0569,Jaipur,2023-06-18,Beauty,Lip Balm Pack,3,199,0.15,507.45,Cash on Delivery,4,0
ORD006264,CUST1089,Lucknow,2024-10-15,Electronics,Webcam,4,2199,0.0,8796.0,Credit Card,4,0
ORD006265,CUST1018,Hyderabad,2023-07-17,Books,Business Strategy,3,599,0.0,1797.0,Debit Card,4,0
ORD006266,CUST0969,Mumbai,2024-03-02,Electronics,USB Hub,2,899,0.05,1708.1,Cash on Delivery,4,0
ORD006267,CUST0429,Delhi,2023-01-23,Groceries,Mixed Nuts,4,599,0.05,2276.2,Credit Card,4,0
ORD006268,CUST0544,Lucknow,2024-07-14,Home & Kitchen,Coffee Mug,3,249,0.0,747.0,Credit Card,5,0
ORD006269,CUST0166,Delhi,2023-03-02,Groceries,Mixed Nuts,1,599,0.0,599.0,UPI,5,0
ORD006270,CUST1094,Hyderabad,2023-02-16,Electronics,Laptop Stand,3,1299,0.05,3702.15,Credit Card,3,0
ORD006271,CUST0767,Chennai,2023-02-11,Electronics,Laptop Stand,3,1299,0.2,3117.6,Cash on Delivery,4,0
ORD006272,CUST1084,Bangalore,2023-06-15,Home & Kitchen,Water Bottle,4,399,0.1,1436.4,Cash on Delivery,3,0
ORD006273,CUST0389,Mumbai,2024-04-09,Sports,Running Shoes,3,3499,0.0,10497.0,UPI,5,0
ORD006274,CUST0486,Jaipur,2024-09-05,Groceries,Green Tea,4,299,0.1,1076.4,UPI,3,0
ORD006275,CUST0500,Ahmedabad,2023-07-19,Electronics,Webcam,4,2199,0.15,7476.6,Net Banking,5,0
ORD006276,CUST0046,Jaipur,2024-01-11,Books,Business Strategy,3,599,0.05,1707.15,Net Banking,4,0
ORD006277,CUST0507,Delhi,2024-05-10,Beauty,Body Lotion,2,349,0.15,593.3,Credit Card,5,0
ORD006278,CUST1206,Delhi,2024-12-13,Beauty,Hair Mask,2,399,0.1,718.2,Cash on Delivery,3,0
ORD006279,CUST1352,Bangalore,2023-05-04,Electronics,Laptop Stand,4,1299,0.05,4936.2,Debit Card,4,0
ORD006280,CUST0790,Mumbai,2024-10-12,Books,Self Help,1,449,0.2,359.2,UPI,3,0
ORD006281,CUST0692,Mumbai,2023-06-11,Clothing,Cotton T-Shirt,3,499,0.0,1497.0,Credit Card,4,0
ORD006282,CUST0053,Pune,2023-04-12,Electronics,USB Hub,1,899,0.0,899.0,Net Banking,4,0
ORD006283,CUST1328,Hyderabad,2023-06-01,Beauty,Lip Balm Pack,4,199,0.0,796.0,Credit Card,4,0
ORD006284,CUST0025,Ahmedabad,2024-08-12,Home & Kitchen,Air Fryer,2,3999,0.05,7598.1,Net Banking,5,0
ORD006285,CUST1426,Ahmedabad,2023-11-30,Electronics,Laptop Stand,4,1299,0.0,5196.0,UPI,1,0
ORD006286,CUST0746,Ahmedabad,2024-09-14,Clothing,Sneakers,2,2499,0.1,4498.2,UPI,5,0
ORD006287,CUST0508,Hyderabad,2024-02-21,Clothing,Jacket,1,2999,0.05,2849.05,Debit Card,4,0
ORD006288,CUST1389,Lucknow,2023-05-28,Beauty,Sunscreen SPF50,4,499,0.0,1996.0,UPI,5,0
ORD006289,CUST0044,Mumbai,2023-08-26,Clothing,Cotton T-Shirt,4,499,0.15,1696.6,UPI,4,0
ORD006290,CUST0892,Jaipur,2024-05-09,Sports,Running Shoes,4,3499,0.0,13996.0,Net Banking,3,0
ORD006291,CUST0826,Jaipur,2024-04-23,Electronics,USB Hub,4,899,0.2,2876.8,Cash on Delivery,5,0
ORD006292,CUST0338,Ahmedabad,2024-09-27,Clothing,Cotton T-Shirt,2,499,0.05,948.1,Credit Card,1,0
ORD006293,CUST0646,Mumbai,2023-07-09,Groceries,Mixed Nuts,1,599,0.15,509.15,Credit Card,4,0
ORD006294,CUST1012,Jaipur,2024-09-30,Clothing,Formal Shirt,1,899,0.15,764.15,Net Banking,5,0
ORD006295,CUST1105,Ahmedabad,2024-11-19,Clothing,Cotton T-Shirt,2,499,0.0,998.0,Net Banking,2,0
ORD006296,CUST0002,Mumbai,2023-11-27,Home & Kitchen,Knife Set,4,1299,0.05,4936.2,Credit Card,4,0
ORD006297,CUST1410,Ahmedabad,2023-06-10,Groceries,Olive Oil,2,799,0.0,1598.0,Credit Card,5,0
ORD006298,CUST0253,Delhi,2023-12-09,Books,Self Help,3,449,0.0,1347.0,Debit Card,4,0
ORD006299,CUST0365,Kolkata,2024-07-17,Sports,Water Jug,1,599,0.05,569.05,UPI,5,0
ORD006300,CUST0403,Bangalore,2023-02-02,Sports,Yoga Mat,2,799,0.1,1438.2,Net Banking,5,0
ORD006301,CUST0063,Kolkata,2024-01-23,Clothing,Denim Jeans,1,1299,0.0,1299.0,Net Banking,5,0
ORD006302,CUST0198,Lucknow,2024-01-01,Beauty,Body Lotion,4,349,0.0,1396.0,UPI,4,0
ORD006303,CUST1475,Delhi,2023-05-03,Clothing,Sneakers,1,2499,0.0,2499.0,UPI,2,1
ORD006304,CUST0476,Jaipur,2024-01-08,Books,Business Strategy,4,599,0.0,2396.0,Debit Card,5,0
ORD006305,CUST0187,Jaipur,2024-02-13,Sports,Running Shoes,1,3499,0.1,3149.1,UPI,4,0
ORD006306,CUST0177,Jaipur,2023-07-15,Groceries,Basmati Rice 5kg,2,499,0.2,798.4,Cash on Delivery,4,0
ORD006307,CUST1099,Mumbai,2023-06-27,Sports,Gym Gloves,4,399,0.15,1356.6,UPI,5,0
ORD006308,CUST1293,Mumbai,2024-02-13,Sports,Water Jug,2,599,0.2,958.4,Net Banking,4,0
ORD006309,CUST0396,Delhi,2023-07-11,Electronics,Wireless Earbuds,4,2499,0.15,8496.6,UPI,4,0
ORD006310,CUST0036,Delhi,2024-08-24,Electronics,USB Hub,1,899,0.05,854.05,Net Banking,5,0
ORD006311,CUST0347,Bangalore,2024-08-22,Books,Business Strategy,1,599,0.2,479.2,Cash on Delivery,4,0
ORD006312,CUST0092,Lucknow,2023-03-10,Groceries,Green Tea,3,299,0.0,897.0,Debit Card,5,0
ORD006313,CUST0166,Delhi,2023-09-15,Home & Kitchen,Water Bottle,3,399,0.2,957.6,UPI,5,0
ORD006314,CUST0649,Hyderabad,2024-05-19,Sports,Yoga Mat,1,799,0.1,719.1,Debit Card,4,0
ORD006315,CUST0359,Chennai,2023-04-02,Electronics,Phone Charger,3,599,0.05,1707.15,Net Banking,4,0
ORD006316,CUST0786,Hyderabad,2024-03-17,Electronics,USB Hub,2,899,0.15,1528.3,Debit Card,5,0
ORD006317,CUST0391,Pune,2024-11-22,Clothing,Denim Jeans,2,1299,0.2,2078.4,Net Banking,5,0
ORD006318,CUST1420,Bangalore,2023-04-20,Electronics,Webcam,1,2199,0.0,2199.0,Credit Card,4,0
ORD006319,CUST1363,Mumbai,2024-09-22,Clothing,Jacket,4,2999,0.0,11996.0,UPI,4,0
ORD006320,CUST0861,Mumbai,2024-04-03,Electronics,Webcam,3,2199,0.0,6597.0,UPI,5,0
ORD006321,CUST0519,Ahmedabad,2024-06-11,Sports,Yoga Mat,2,799,0.05,1518.1,Cash on Delivery,3,0
ORD006322,CUST0550,Jaipur,2023-01-19,Clothing,Cotton T-Shirt,1,499,0.1,449.1,Cash on Delivery,4,0
ORD006323,CUST0612,Ahmedabad,2024-11-01,Beauty,Body Lotion,1,349,0.0,349.0,Cash on Delivery,5,0
ORD006324,CUST1105,Ahmedabad,2023-01-17,Electronics,Webcam,1,2199,0.0,2199.0,UPI,3,0
ORD006325,CUST0685,Pune,2024-07-20,Books,Python Programming,3,699,0.0,2097.0,Credit Card,5,0
ORD006326,CUST1295,Chennai,2024-12-28,Books,Python Programming,3,699,0.05,1992.15,Cash on Delivery,4,0
ORD006327,CUST1425,Chennai,2023-07-08,Books,Self Help,1,449,0.15,381.65,Debit Card,5,0
ORD006328,CUST0500,Ahmedabad,2024-02-29,Electronics,Wireless Earbuds,4,2499,0.15,8496.6,Net Banking,4,0
ORD006329,CUST0848,Delhi,2023-10-25,Electronics,Phone Charger,1,599,0.0,599.0,Net Banking,5,0
ORD006330,CUST0155,Lucknow,2024-06-01,Beauty,Lip Balm Pack,3,199,0.0,597.0,UPI,3,0
ORD006331,CUST0306,Lucknow,2023-06-12,Sports,Gym Gloves,2,399,0.05,758.1,UPI,2,0
ORD006332,CUST0615,Jaipur,2024-12-07,Sports,Gym Gloves,3,399,0.1,1077.3,Cash on Delivery,5,0
ORD006333,CUST0314,Chennai,2024-08-15,Electronics,Phone Charger,4,599,0.0,2396.0,Debit Card,3,0
ORD006334,CUST1325,Delhi,2024-03-19,Clothing,Cotton T-Shirt,3,499,0.15,1272.45,UPI,4,0
ORD006335,CUST0248,Jaipur,2023-12-29,Home & Kitchen,Air Fryer,4,3999,0.05,15196.2,Cash on Delivery,4,0
ORD006336,CUST0692,Mumbai,2023-10-20,Books,Python Programming,2,699,0.0,1398.0,Cash on Delivery,5,0
ORD006337,CUST0933,Jaipur,2024-05-28,Groceries,Basmati Rice 5kg,3,499,0.0,1497.0,Net Banking,4,0
ORD006338,CUST1057,Mumbai,2023-12-27,Groceries,Basmati Rice 5kg,4,499,0.0,1996.0,Cash on Delivery,2,1
ORD006339,CUST0552,Bangalore,2023-05-11,Groceries,Olive Oil,2,799,0.2,1278.4,Credit Card,5,0
ORD006340,CUST1312,Chennai,2024-07-19,Home & Kitchen,Water Bottle,3,399,0.15,1017.45,Net Banking,5,0
ORD006341,CUST0865,Ahmedabad,2023-04-12,Groceries,Basmati Rice 5kg,2,499,0.05,948.1,Cash on Delivery,5,0
ORD006342,CUST0663,Lucknow,2023-11-25,Groceries,Mixed Nuts,4,599,0.0,2396.0,Credit Card,4,0
ORD006343,CUST0113,Ahmedabad,2024-05-31,Sports,Yoga Mat,3,799,0.2,1917.6,Debit Card,4,0
ORD006344,CUST0712,Hyderabad,2023-10-05,Groceries,Basmati Rice 5kg,2,499,0.0,998.0,UPI,5,0
ORD006345,CUST1231,Pune,2024-06-27,Beauty,Sunscreen SPF50,4,499,0.1,1796.4,Cash on Delivery,4,0
ORD006346,CUST0949,Jaipur,2024-03-19,Sports,Yoga Mat,2,799,0.0,1598.0,UPI,5,0
ORD006347,CUST1244,Mumbai,2024-01-15,Home & Kitchen,Coffee Mug,2,249,0.0,498.0,Cash on Delivery,5,0
ORD006348,CUST0752,Hyderabad,2024-12-05,Home & Kitchen,Water Bottle,4,399,0.05,1516.2,Debit Card,3,0
ORD006349,CUST0193,Pune,2023-06-28,Home & Kitchen,Coffee Mug,2,249,0.0,498.0,Debit Card,4,0
ORD006350,CUST0026,Lucknow,2024-09-13,Groceries,Basmati Rice 5kg,2,499,0.1,898.2,UPI,5,0
ORD006351,CUST0463,Kolkata,2023-05-18,Groceries,Protein Bar Pack,1,699,0.0,699.0,Credit Card,5,0
ORD006352,CUST1063,Delhi,2024-11-25,Electronics,Laptop Stand,4,1299,0.0,5196.0,Net Banking,5,0
ORD006353,CUST1186,Delhi,2023-01-19,Clothing,Jacket,3,2999,0.0,8997.0,Net Banking,3,0
ORD006354,CUST0447,Pune,2024-04-10,Books,Fiction Novel,3,299,0.0,897.0,UPI,4,0
ORD006355,CUST0756,Ahmedabad,2024-10-19,Books,Data Science Guide,3,899,0.0,2697.0,Debit Card,4,0
ORD006356,CUST0627,Chennai,2023-08-11,Sports,Yoga Mat,1,799,0.15,679.15,Debit Card,3,0
ORD006357,CUST0610,Kolkata,2024-11-09,Books,Python Programming,4,699,0.2,2236.8,Net Banking,5,0
ORD006358,CUST0362,Chennai,2024-03-08,Beauty,Body Lotion,1,349,0.05,331.55,UPI,5,0
ORD006359,CUST0219,Ahmedabad,2023-02-22,Home & Kitchen,Knife Set,2,1299,0.2,2078.4,Credit Card,5,0
ORD006360,CUST0299,Hyderabad,2024-07-18,Electronics,Wireless Earbuds,3,2499,0.0,7497.0,UPI,4,0
ORD006361,CUST0089,Chennai,2023-01-19,Clothing,Sneakers,2,2499,0.05,4748.1,Cash on Delivery,5,0
ORD006362,CUST0303,Lucknow,2024-09-27,Home & Kitchen,Knife Set,4,1299,0.2,4156.8,Debit Card,5,0
ORD006363,CUST0012,Mumbai,2023-11-29,Clothing,Formal Shirt,2,899,0.0,1798.0,Debit Card,4,0
ORD006364,CUST0972,Delhi,2023-05-12,Sports,Resistance Bands,2,499,0.0,998.0,Net Banking,4,0
ORD006365,CUST0476,Jaipur,2024-04-12,Home & Kitchen,Knife Set,2,1299,0.05,2468.1,Net Banking,4,0
ORD006366,CUST1460,Kolkata,2023-04-20,Books,Business Strategy,1,599,0.0,599.0,Cash on Delivery,5,0
ORD006367,CUST0293,Lucknow,2023-04-13,Sports,Running Shoes,2,3499,0.0,6998.0,UPI,5,0
ORD006368,CUST0510,Hyderabad,2023-08-21,Sports,Running Shoes,4,3499,0.0,13996.0,Debit Card,5,0
ORD006369,CUST0524,Ahmedabad,2024-07-01,Sports,Resistance Bands,4,499,0.15,1696.6,Cash on Delivery,4,0
ORD006370,CUST0012,Mumbai,2023-01-17,Beauty,Hair Mask,2,399,0.2,638.4,UPI,5,0
ORD006371,CUST1255,Hyderabad,2024-11-10,Home & Kitchen,Storage Box,2,299,0.0,598.0,Cash on Delivery,4,0
ORD006372,CUST0053,Pune,2024-01-28,Groceries,Protein Bar Pack,4,699,0.0,2796.0,Debit Card,4,0
ORD006373,CUST1420,Bangalore,2023-12-15,Books,Fiction Novel,2,299,0.1,538.2,Credit Card,4,0
ORD006374,CUST1345,Delhi,2023-03-25,Clothing,Formal Shirt,3,899,0.05,2562.15,Net Banking,5,0
ORD006375,CUST0808,Bangalore,2024-03-31,Sports,Running Shoes,4,3499,0.15,11896.6,Cash on Delivery,5,0
ORD006376,CUST0815,Ahmedabad,2024-02-29,Books,Python Programming,4,699,0.0,2796.0,Credit Card,5,0
ORD006377,CUST1012,Jaipur,2023-10-25,Beauty,Sunscreen SPF50,3,499,0.1,1347.3,UPI,5,0
ORD006378,CUST0559,Ahmedabad,2023-03-08,Beauty,Body Lotion,2,349,0.15,593.3,Cash on Delivery,3,0
ORD006379,CUST1005,Ahmedabad,2024-10-09,Groceries,Protein Bar Pack,2,699,0.0,1398.0,Credit Card,4,0
ORD006380,CUST0074,Bangalore,2023-08-07,Electronics,Webcam,3,2199,0.05,6267.15,Cash on Delivery,4,0
ORD006381,CUST0089,Chennai,2023-07-21,Home & Kitchen,Water Bottle,4,399,0.15,1356.6,Cash on Delivery,4,0
ORD006382,CUST0698,Ahmedabad,2024-07-30,Home & Kitchen,Storage Box,3,299,0.2,717.6,Net Banking,5,0
ORD006383,CUST0829,Lucknow,2024-05-05,Books,Self Help,1,449,0.15,381.65,Debit Card,4,0
ORD006384,CUST1338,Pune,2024-07-17,Beauty,Sunscreen SPF50,1,499,0.0,499.0,Credit Card,5,0
ORD006385,CUST0171,Bangalore,2023-09-19,Electronics,Wireless Earbuds,1,2499,0.15,2124.15,Net Banking,3,0
ORD006386,CUST1235,Kolkata,2023-07-06,Books,Self Help,1,449,0.05,426.55,UPI,4,0
ORD006387,CUST0322,Ahmedabad,2023-09-17,Home & Kitchen,Storage Box,3,299,0.0,897.0,Credit Card,5,0
ORD006388,CUST0572,Bangalore,2024-10-09,Sports,Water Jug,4,599,0.0,2396.0,Credit Card,5,0
ORD006389,CUST0476,Jaipur,2024-12-31,Books,Fiction Novel,1,299,0.0,299.0,UPI,4,0
ORD006390,CUST0578,Kolkata,2023-06-10,Sports,Water Jug,2,599,0.0,1198.0,Net Banking,5,0
ORD006391,CUST0241,Kolkata,2023-12-24,Beauty,Hair Mask,4,399,0.05,1516.2,Debit Card,5,0
ORD006392,CUST0767,Chennai,2023-02-15,Sports,Running Shoes,2,3499,0.2,5598.4,UPI,5,0
ORD006393,CUST1201,Mumbai,2024-04-20,Electronics,Laptop Stand,1,1299,0.1,1169.1,UPI,3,0
ORD006394,CUST0672,Lucknow,2023-09-20,Electronics,Phone Charger,2,599,0.2,958.4,Debit Card,4,0
ORD006395,CUST0749,Chennai,2024-01-18,Groceries,Olive Oil,4,799,0.05,3036.2,Net Banking,5,0
ORD006396,CUST1278,Bangalore,2023-05-14,Home & Kitchen,Knife Set,2,1299,0.0,2598.0,UPI,4,0
ORD006397,CUST1080,Jaipur,2023-07-31,Sports,Water Jug,3,599,0.0,1797.0,Credit Card,5,0
ORD006398,CUST0749,Chennai,2023-04-05,Groceries,Green Tea,4,299,0.1,1076.4,Net Banking,4,0
ORD006399,CUST0397,Pune,2024-06-06,Home & Kitchen,Air Fryer,2,3999,0.2,6398.4,Credit Card,1,0
ORD006400,CUST1335,Kolkata,2023-09-28,Books,Fiction Novel,1,299,0.05,284.05,Net Banking,5,0
ORD006401,CUST0885,Ahmedabad,2024-11-15,Books,Self Help,4,449,0.2,1436.8,Debit Card,4,0
ORD006402,CUST0342,Jaipur,2023-06-24,Beauty,Face Serum,4,999,0.0,3996.0,Debit Card,4,0
ORD006403,CUST0412,Bangalore,2024-11-03,Groceries,Protein Bar Pack,4,699,0.1,2516.4,Credit Card,5,0
ORD006404,CUST1206,Delhi,2023-07-21,Clothing,Denim Jeans,3,1299,0.2,3117.6,Cash on Delivery,4,0
ORD006405,CUST0071,Chennai,2024-06-28,Groceries,Olive Oil,3,799,0.0,2397.0,Net Banking,4,0
ORD006406,CUST1481,Kolkata,2023-01-11,Home & Kitchen,Water Bottle,3,399,0.15,1017.45,Cash on Delivery,4,0
ORD006407,CUST0208,Jaipur,2024-05-26,Beauty,Face Serum,1,999,0.15,849.15,Debit Card,3,0
ORD006408,CUST1197,Chennai,2024-04-17,Books,Fiction Novel,3,299,0.2,717.6,UPI,5,0
ORD006409,CUST0574,Kolkata,2024-11-27,Books,Self Help,1,449,0.0,449.0,UPI,4,0
ORD006410,CUST0750,Hyderabad,2024-02-19,Sports,Gym Gloves,2,399,0.15,678.3,Debit Card,5,0
ORD006411,CUST1331,Hyderabad,2024-03-27,Electronics,Webcam,4,2199,0.0,8796.0,UPI,4,0
ORD006412,CUST0613,Bangalore,2023-11-23,Groceries,Olive Oil,1,799,0.1,719.1,UPI,2,0
ORD006413,CUST0811,Ahmedabad,2023-03-05,Home & Kitchen,Knife Set,2,1299,0.0,2598.0,Debit Card,5,0
ORD006414,CUST0081,Jaipur,2023-02-25,Home & Kitchen,Water Bottle,1,399,0.2,319.2,Credit Card,4,0
ORD006415,CUST0003,Chennai,2024-06-06,Home & Kitchen,Storage Box,1,299,0.05,284.05,Credit Card,4,0
ORD006416,CUST0384,Lucknow,2023-07-29,Beauty,Hair Mask,1,399,0.0,399.0,UPI,5,0
ORD006417,CUST1045,Ahmedabad,2024-10-08,Beauty,Sunscreen SPF50,4,499,0.15,1696.6,Debit Card,5,0
ORD006418,CUST0197,Hyderabad,2024-05-09,Sports,Water Jug,3,599,0.0,1797.0,Debit Card,5,0
ORD006419,CUST0186,Ahmedabad,2024-07-11,Beauty,Body Lotion,3,349,0.1,942.3,Net Banking,4,0
ORD006420,CUST0610,Kolkata,2023-11-02,Home & Kitchen,Air Fryer,3,3999,0.0,11997.0,Cash on Delivery,4,0
ORD006421,CUST1005,Ahmedabad,2023-07-06,Books,Python Programming,4,699,0.0,2796.0,Cash on Delivery,5,0
ORD006422,CUST1086,Delhi,2023-10-27,Home & Kitchen,Coffee Mug,1,249,0.0,249.0,Debit Card,5,0
ORD006423,CUST0271,Ahmedabad,2024-11-03,Beauty,Lip Balm Pack,1,199,0.0,199.0,Debit Card,3,0
ORD006424,CUST0127,Chennai,2024-02-05,Clothing,Cotton T-Shirt,2,499,0.0,998.0,Debit Card,4,0
ORD006425,CUST1420,Bangalore,2023-06-10,Home & Kitchen,Storage Box,4,299,0.0,1196.0,Cash on Delivery,2,0
ORD006426,CUST0400,Lucknow,2024-01-04,Beauty,Body Lotion,3,349,0.0,1047.0,Credit Card,4,0
ORD006427,CUST1285,Pune,2023-09-30,Books,Data Science Guide,1,899,0.1,809.1,UPI,3,0
ORD006428,CUST1306,Delhi,2024-02-28,Electronics,Webcam,3,2199,0.2,5277.6,Net Banking,5,0
ORD006429,CUST1166,Delhi,2024-09-06,Home & Kitchen,Storage Box,3,299,0.1,807.3,Debit Card,3,0
ORD006430,CUST0259,Hyderabad,2024-12-08,Books,Business Strategy,3,599,0.0,1797.0,Cash on Delivery,4,0
ORD006431,CUST1231,Pune,2023-01-06,Home & Kitchen,Air Fryer,4,3999,0.0,15996.0,Debit Card,5,0
ORD006432,CUST1159,Jaipur,2023-08-17,Beauty,Sunscreen SPF50,2,499,0.1,898.2,UPI,5,0
ORD006433,CUST0921,Ahmedabad,2024-09-19,Clothing,Jacket,4,2999,0.1,10796.4,UPI,4,0
ORD006434,CUST0502,Delhi,2024-09-04,Books,Data Science Guide,3,899,0.2,2157.6,UPI,5,0
ORD006435,CUST0402,Hyderabad,2024-11-11,Home & Kitchen,Water Bottle,4,399,0.1,1436.4,Net Banking,4,0
ORD006436,CUST0197,Hyderabad,2024-01-04,Groceries,Protein Bar Pack,3,699,0.15,1782.45,Net Banking,4,0
ORD006437,CUST0775,Hyderabad,2023-01-11,Books,Data Science Guide,2,899,0.0,1798.0,Credit Card,5,0
ORD006438,CUST0898,Kolkata,2024-07-13,Sports,Running Shoes,1,3499,0.1,3149.1,UPI,2,0
ORD006439,CUST0525,Kolkata,2023-01-27,Home & Kitchen,Storage Box,3,299,0.2,717.6,UPI,5,0
ORD006440,CUST0724,Pune,2024-06-26,Sports,Yoga Mat,1,799,0.0,799.0,Cash on Delivery,1,1
ORD006441,CUST0531,Hyderabad,2024-05-18,Books,Self Help,4,449,0.1,1616.4,UPI,5,0
ORD006442,CUST0997,Pune,2024-08-25,Groceries,Protein Bar Pack,4,699,0.0,2796.0,Cash on Delivery,4,0
ORD006443,CUST1357,Jaipur,2023-07-18,Beauty,Body Lotion,4,349,0.05,1326.2,UPI,5,0
ORD006444,CUST0253,Delhi,2023-08-28,Home & Kitchen,Storage Box,2,299,0.0,598.0,Net Banking,4,0
ORD006445,CUST0550,Jaipur,2023-07-23,Home & Kitchen,Storage Box,4,299,0.0,1196.0,Cash on Delivery,5,0
ORD006446,CUST0227,Kolkata,2024-12-10,Beauty,Sunscreen SPF50,2,499,0.2,798.4,Debit Card,4,0
ORD006447,CUST0969,Mumbai,2023-01-01,Sports,Yoga Mat,1,799,0.0,799.0,Net Banking,3,0
ORD006448,CUST1107,Lucknow,2023-10-23,Groceries,Olive Oil,4,799,0.0,3196.0,Credit Card,5,0
ORD006449,CUST1406,Jaipur,2023-10-24,Groceries,Olive Oil,1,799,0.1,719.1,Credit Card,1,0
ORD006450,CUST0422,Hyderabad,2024-03-02,Groceries,Protein Bar Pack,2,699,0.2,1118.4,Cash on Delivery,1,0
ORD006451,CUST1430,Ahmedabad,2023-12-30,Home & Kitchen,Water Bottle,1,399,0.0,399.0,Net Banking,5,0
ORD006452,CUST0105,Lucknow,2023-01-17,Home & Kitchen,Water Bottle,4,399,0.05,1516.2,UPI,4,0
ORD006453,CUST0932,Kolkata,2023-11-02,Sports,Yoga Mat,1,799,0.05,759.05,Debit Card,4,0
ORD006454,CUST0093,Pune,2024-09-20,Home & Kitchen,Knife Set,3,1299,0.0,3897.0,Cash on Delivery,4,0
ORD006455,CUST1349,Kolkata,2023-11-03,Sports,Running Shoes,4,3499,0.2,11196.8,Cash on Delivery,4,0
ORD006456,CUST0803,Chennai,2023-04-30,Books,Business Strategy,3,599,0.05,1707.15,Cash on Delivery,4,0
ORD006457,CUST1027,Kolkata,2024-09-07,Sports,Running Shoes,3,3499,0.0,10497.0,Credit Card,5,0
ORD006458,CUST1244,Mumbai,2023-12-14,Home & Kitchen,Water Bottle,3,399,0.0,1197.0,Net Banking,4,0
ORD006459,CUST0241,Kolkata,2024-03-25,Home & Kitchen,Knife Set,3,1299,0.0,3897.0,Credit Card,5,0
ORD006460,CUST0063,Kolkata,2024-04-11,Clothing,Denim Jeans,3,1299,0.1,3507.3,Net Banking,4,0
ORD006461,CUST1328,Hyderabad,2024-07-30,Beauty,Face Serum,1,999,0.1,899.1,Net Banking,5,0
ORD006462,CUST0475,Chennai,2024-11-15,Groceries,Mixed Nuts,4,599,0.1,2156.4,Debit Card,4,0
ORD006463,CUST0204,Delhi,2023-01-30,Clothing,Denim Jeans,1,1299,0.15,1104.15,UPI,5,0
ORD006464,CUST0717,Ahmedabad,2023-12-26,Sports,Yoga Mat,3,799,0.0,2397.0,Net Banking,5,0
ORD006465,CUST0923,Kolkata,2024-01-09,Clothing,Sneakers,3,2499,0.1,6747.3,UPI,4,0
ORD006466,CUST0053,Pune,2023-08-18,Books,Fiction Novel,1,299,0.1,269.1,Debit Card,4,0
ORD006467,CUST0418,Hyderabad,2024-11-04,Groceries,Protein Bar Pack,2,699,0.2,1118.4,Net Banking,5,0
ORD006468,CUST0054,Lucknow,2023-08-28,Electronics,Phone Charger,2,599,0.1,1078.2,Credit Card,4,0
ORD006469,CUST0625,Bangalore,2023-07-27,Beauty,Lip Balm Pack,3,199,0.0,597.0,Debit Card,4,0
ORD006470,CUST1349,Kolkata,2024-08-22,Books,Business Strategy,4,599,0.0,2396.0,Credit Card,5,0
ORD006471,CUST1470,Kolkata,2023-07-10,Sports,Water Jug,2,599,0.1,1078.2,Credit Card,5,0
ORD006472,CUST0991,Lucknow,2024-05-16,Sports,Water Jug,1,599,0.1,539.1,UPI,4,0
ORD006473,CUST0249,Delhi,2024-12-19,Books,Self Help,2,449,0.2,718.4,Debit Card,5,0
ORD006474,CUST1363,Mumbai,2024-08-25,Home & Kitchen,Knife Set,2,1299,0.0,2598.0,Net Banking,5,0
ORD006475,CUST0786,Hyderabad,2024-03-23,Clothing,Jacket,2,2999,0.2,4798.4,Net Banking,5,0
ORD006476,CUST0243,Chennai,2024-08-06,Electronics,Webcam,4,2199,0.15,7476.6,Cash on Delivery,5,0
ORD006477,CUST1386,Lucknow,2023-02-26,Beauty,Hair Mask,3,399,0.0,1197.0,UPI,5,0
ORD006478,CUST1149,Delhi,2024-12-22,Groceries,Mixed Nuts,1,599,0.05,569.05,Net Banking,3,0
ORD006479,CUST1111,Ahmedabad,2023-03-25,Clothing,Jacket,1,2999,0.15,2549.15,Debit Card,1,0
ORD006480,CUST1084,Bangalore,2023-12-31,Books,Data Science Guide,2,899,0.05,1708.1,Cash on Delivery,3,0
ORD006481,CUST0306,Lucknow,2023-09-01,Clothing,Formal Shirt,3,899,0.05,2562.15,Credit Card,1,0
ORD006482,CUST0323,Lucknow,2023-05-04,Books,Business Strategy,4,599,0.05,2276.2,Debit Card,2,0
ORD006483,CUST1054,Pune,2023-10-12,Sports,Gym Gloves,4,399,0.0,1596.0,UPI,5,0
ORD006484,CUST0338,Ahmedabad,2023-02-05,Sports,Yoga Mat,4,799,0.15,2716.6,Cash on Delivery,5,0
ORD006485,CUST0662,Bangalore,2024-12-29,Groceries,Basmati Rice 5kg,4,499,0.0,1996.0,Debit Card,4,0
ORD006486,CUST1179,Delhi,2023-07-20,Books,Fiction Novel,1,299,0.0,299.0,UPI,5,0
ORD006487,CUST1181,Pune,2024-06-18,Sports,Water Jug,2,599,0.05,1138.1,Cash on Delivery,4,0
ORD006488,CUST0686,Jaipur,2024-12-15,Groceries,Basmati Rice 5kg,4,499,0.15,1696.6,UPI,5,0
ORD006489,CUST1190,Lucknow,2024-09-12,Electronics,Phone Charger,1,599,0.05,569.05,Debit Card,4,0
ORD006490,CUST1252,Hyderabad,2024-02-02,Electronics,Phone Charger,1,599,0.0,599.0,Cash on Delivery,4,0
ORD006491,CUST1013,Jaipur,2024-06-17,Home & Kitchen,Air Fryer,2,3999,0.05,7598.1,Debit Card,5,0
ORD006492,CUST0359,Chennai,2023-10-23,Home & Kitchen,Coffee Mug,2,249,0.0,498.0,Cash on Delivery,5,0
ORD006493,CUST0415,Mumbai,2024-04-29,Clothing,Formal Shirt,1,899,0.0,899.0,Debit Card,3,0
ORD006494,CUST0475,Chennai,2023-02-06,Electronics,Laptop Stand,2,1299,0.1,2338.2,Cash on Delivery,5,0
ORD006495,CUST0192,Delhi,2024-02-22,Groceries,Green Tea,2,299,0.0,598.0,Cash on Delivery,4,0
ORD006496,CUST0414,Kolkata,2024-03-29,Clothing,Sneakers,1,2499,0.05,2374.05,Cash on Delivery,3,0
ORD006497,CUST0321,Mumbai,2024-02-28,Home & Kitchen,Knife Set,3,1299,0.15,3312.45,Net Banking,2,1
ORD006498,CUST0691,Pune,2023-09-07,Groceries,Mixed Nuts,3,599,0.05,1707.15,UPI,5,0
ORD006499,CUST1367,Pune,2024-10-16,Groceries,Basmati Rice 5kg,1,499,0.0,499.0,Net Banking,5,0
ORD006500,CUST0171,Bangalore,2023-10-28,Home & Kitchen,Water Bottle,3,399,0.0,1197.0,Cash on Delivery,2,1
ORD006501,CUST1099,Mumbai,2024-10-05,Books,Fiction Novel,1,299,0.0,299.0,UPI,4,0
ORD006502,CUST1053,Kolkata,2023-08-05,Beauty,Hair Mask,4,399,0.0,1596.0,Cash on Delivery,4,0
ORD006503,CUST0155,Lucknow,2023-06-02,Groceries,Mixed Nuts,4,599,0.15,2036.6,UPI,2,1
ORD006504,CUST1387,Jaipur,2024-01-14,Electronics,Wireless Earbuds,3,2499,0.0,7497.0,UPI,2,0
ORD006505,CUST0866,Delhi,2024-01-24,Sports,Resistance Bands,1,499,0.05,474.05,Net Banking,1,0
ORD006506,CUST0531,Hyderabad,2024-10-12,Beauty,Face Serum,1,999,0.0,999.0,Net Banking,4,0
ORD006507,CUST1148,Bangalore,2023-10-19,Home & Kitchen,Air Fryer,2,3999,0.15,6798.3,UPI,1,1
ORD006508,CUST0397,Pune,2023-11-16,Electronics,Wireless Earbuds,1,2499,0.2,1999.2,UPI,4,0
ORD006509,CUST1060,Hyderabad,2024-10-03,Electronics,Webcam,2,2199,0.0,4398.0,Net Banking,4,0
ORD006510,CUST0068,Pune,2024-01-29,Beauty,Body Lotion,1,349,0.15,296.65,UPI,4,0
ORD006511,CUST1255,Hyderabad,2024-10-26,Sports,Resistance Bands,3,499,0.05,1422.15,Cash on Delivery,4,0
ORD006512,CUST0680,Chennai,2024-07-29,Electronics,Phone Charger,4,599,0.0,2396.0,UPI,4,0
ORD006513,CUST0991,Lucknow,2024-01-07,Home & Kitchen,Water Bottle,2,399,0.0,798.0,Cash on Delivery,4,0
ORD006514,CUST0342,Jaipur,2024-06-20,Books,Python Programming,4,699,0.0,2796.0,Debit Card,5,0
ORD006515,CUST1041,Bangalore,2024-10-20,Groceries,Basmati Rice 5kg,3,499,0.2,1197.6,UPI,5,0
ORD006516,CUST1166,Delhi,2024-12-20,Groceries,Green Tea,4,299,0.05,1136.2,Cash on Delivery,4,0
ORD006517,CUST0721,Pune,2024-01-01,Electronics,Wireless Earbuds,1,2499,0.0,2499.0,Cash on Delivery,4,0
ORD006518,CUST0952,Ahmedabad,2024-10-09,Electronics,USB Hub,4,899,0.05,3416.2,UPI,3,0
ORD006519,CUST0696,Kolkata,2024-08-12,Electronics,USB Hub,1,899,0.15,764.15,Net Banking,4,0
ORD006520,CUST1349,Kolkata,2023-03-17,Electronics,Webcam,4,2199,0.0,8796.0,Credit Card,4,0
ORD006521,CUST0758,Jaipur,2024-02-21,Sports,Gym Gloves,1,399,0.05,379.05,Cash on Delivery,5,0
ORD006522,CUST1262,Bangalore,2024-10-03,Electronics,Phone Charger,1,599,0.0,599.0,Net Banking,4,0
ORD006523,CUST1201,Mumbai,2023-04-09,Sports,Yoga Mat,2,799,0.1,1438.2,Credit Card,4,0
ORD006524,CUST0610,Kolkata,2024-02-23,Home & Kitchen,Storage Box,3,299,0.0,897.0,Debit Card,4,0
ORD006525,CUST0359,Chennai,2023-06-08,Groceries,Protein Bar Pack,2,699,0.0,1398.0,Debit Card,5,0
ORD006526,CUST0595,Chennai,2024-02-17,Home & Kitchen,Air Fryer,2,3999,0.05,7598.1,Net Banking,4,0
ORD006527,CUST1239,Ahmedabad,2024-08-21,Home & Kitchen,Water Bottle,2,399,0.2,638.4,Net Banking,4,0
ORD006528,CUST0356,Hyderabad,2023-10-14,Beauty,Body Lotion,3,349,0.05,994.65,Cash on Delivery,4,0
ORD006529,CUST0797,Chennai,2024-04-22,Electronics,Webcam,4,2199,0.0,8796.0,Debit Card,5,0
ORD006530,CUST1210,Kolkata,2024-03-10,Electronics,USB Hub,4,899,0.0,3596.0,Net Banking,2,1
ORD006531,CUST0519,Ahmedabad,2023-09-16,Beauty,Face Serum,3,999,0.2,2397.6,Net Banking,4,0
ORD006532,CUST0999,Chennai,2023-04-18,Groceries,Basmati Rice 5kg,3,499,0.0,1497.0,Net Banking,4,0
ORD006533,CUST0384,Lucknow,2024-11-06,Groceries,Mixed Nuts,3,599,0.15,1527.45,Debit Card,4,0
ORD006534,CUST0179,Kolkata,2024-01-13,Sports,Water Jug,3,599,0.15,1527.45,Cash on Delivery,4,0
ORD006535,CUST1196,Ahmedabad,2024-04-19,Beauty,Face Serum,2,999,0.15,1698.3,UPI,4,0
ORD006536,CUST0160,Pune,2024-03-14,Sports,Gym Gloves,4,399,0.2,1276.8,Cash on Delivery,3,0
ORD006537,CUST0413,Delhi,2023-09-10,Clothing,Jacket,2,2999,0.05,5698.1,UPI,4,0
ORD006538,CUST1294,Jaipur,2024-05-01,Books,Data Science Guide,3,899,0.0,2697.0,Credit Card,5,0
ORD006539,CUST0511,Hyderabad,2024-11-23,Books,Self Help,3,449,0.15,1144.95,Net Banking,3,0
ORD006540,CUST1460,Kolkata,2023-06-24,Groceries,Mixed Nuts,1,599,0.2,479.2,Credit Card,4,0
ORD006541,CUST1468,Pune,2023-06-08,Clothing,Formal Shirt,2,899,0.0,1798.0,UPI,4,0
ORD006542,CUST0409,Kolkata,2024-03-16,Home & Kitchen,Air Fryer,2,3999,0.0,7998.0,Credit Card,5,0
ORD006543,CUST0070,Hyderabad,2024-12-05,Clothing,Jacket,3,2999,0.0,8997.0,Credit Card,4,0
ORD006544,CUST1080,Jaipur,2023-05-16,Beauty,Face Serum,3,999,0.0,2997.0,UPI,5,0
ORD006545,CUST0685,Pune,2023-01-07,Beauty,Sunscreen SPF50,4,499,0.0,1996.0,Cash on Delivery,4,0
ORD006546,CUST0162,Hyderabad,2024-06-22,Sports,Yoga Mat,3,799,0.15,2037.45,Credit Card,5,0
ORD006547,CUST1081,Kolkata,2023-06-04,Home & Kitchen,Water Bottle,4,399,0.0,1596.0,Debit Card,4,0
ORD006548,CUST0053,Pune,2024-09-25,Groceries,Basmati Rice 5kg,2,499,0.15,848.3,Cash on Delivery,4,0
ORD006549,CUST1314,Lucknow,2024-04-26,Electronics,Phone Charger,2,599,0.05,1138.1,Debit Card,3,0
ORD006550,CUST0221,Hyderabad,2024-04-04,Clothing,Denim Jeans,4,1299,0.0,5196.0,Net Banking,4,0
ORD006551,CUST0201,Delhi,2023-12-10,Home & Kitchen,Storage Box,4,299,0.1,1076.4,Cash on Delivery,5,0
ORD006552,CUST0267,Ahmedabad,2024-01-30,Beauty,Face Serum,3,999,0.2,2397.6,Net Banking,4,0
ORD006553,CUST1447,Lucknow,2024-12-03,Books,Self Help,3,449,0.1,1212.3,Cash on Delivery,3,0
ORD006554,CUST1060,Hyderabad,2023-03-16,Groceries,Mixed Nuts,2,599,0.2,958.4,Net Banking,4,0
ORD006555,CUST1201,Mumbai,2024-02-17,Groceries,Protein Bar Pack,2,699,0.2,1118.4,UPI,4,0
ORD006556,CUST0576,Hyderabad,2023-12-05,Books,Fiction Novel,1,299,0.15,254.15,Net Banking,4,0
ORD006557,CUST0501,Bangalore,2023-07-11,Home & Kitchen,Coffee Mug,2,249,0.2,398.4,Credit Card,2,1
ORD006558,CUST0365,Kolkata,2024-04-05,Books,Data Science Guide,1,899,0.05,854.05,UPI,4,0
ORD006559,CUST0733,Chennai,2024-07-21,Clothing,Formal Shirt,1,899,0.0,899.0,Debit Card,5,0
ORD006560,CUST0836,Chennai,2023-11-23,Clothing,Denim Jeans,1,1299,0.15,1104.15,Credit Card,5,0
ORD006561,CUST0982,Kolkata,2024-02-17,Sports,Yoga Mat,1,799,0.05,759.05,Credit Card,4,0
ORD006562,CUST0396,Delhi,2024-07-04,Clothing,Denim Jeans,4,1299,0.0,5196.0,Cash on Delivery,2,1
ORD006563,CUST1428,Ahmedabad,2023-03-15,Clothing,Jacket,3,2999,0.0,8997.0,UPI,3,0
ORD006564,CUST0261,Mumbai,2023-04-07,Beauty,Sunscreen SPF50,4,499,0.1,1796.4,Debit Card,4,0
ORD006565,CUST1451,Chennai,2023-03-28,Groceries,Basmati Rice 5kg,3,499,0.1,1347.3,Net Banking,1,1
ORD006566,CUST0028,Mumbai,2023-07-07,Electronics,Webcam,4,2199,0.2,7036.8,Net Banking,4,0
ORD006567,CUST0733,Chennai,2023-02-08,Groceries,Basmati Rice 5kg,3,499,0.05,1422.15,Net Banking,5,0
ORD006568,CUST0499,Jaipur,2024-05-21,Books,Data Science Guide,2,899,0.0,1798.0,Cash on Delivery,4,0
ORD006569,CUST0681,Lucknow,2024-10-15,Clothing,Denim Jeans,3,1299,0.0,3897.0,Debit Card,5,0
ORD006570,CUST0870,Hyderabad,2023-09-08,Beauty,Lip Balm Pack,1,199,0.2,159.2,Net Banking,4,0
ORD006571,CUST0659,Ahmedabad,2023-10-24,Clothing,Cotton T-Shirt,1,499,0.1,449.1,Net Banking,2,1
ORD006572,CUST0615,Jaipur,2023-01-19,Beauty,Body Lotion,4,349,0.15,1186.6,Cash on Delivery,4,0
ORD006573,CUST1114,Kolkata,2024-09-18,Sports,Yoga Mat,1,799,0.1,719.1,UPI,4,0
ORD006574,CUST1053,Kolkata,2024-01-19,Clothing,Sneakers,4,2499,0.05,9496.2,Net Banking,2,0
ORD006575,CUST1245,Pune,2024-11-20,Sports,Yoga Mat,4,799,0.1,2876.4,Credit Card,5,0
ORD006576,CUST0390,Chennai,2024-04-27,Groceries,Basmati Rice 5kg,4,499,0.0,1996.0,Credit Card,5,0
ORD006577,CUST0940,Delhi,2023-07-22,Sports,Water Jug,1,599,0.0,599.0,Debit Card,4,0
ORD006578,CUST0898,Kolkata,2023-02-23,Sports,Yoga Mat,2,799,0.0,1598.0,Net Banking,4,0
ORD006579,CUST0535,Mumbai,2023-01-08,Clothing,Sneakers,1,2499,0.05,2374.05,UPI,5,0
ORD006580,CUST0742,Jaipur,2024-04-04,Home & Kitchen,Storage Box,3,299,0.15,762.45,Cash on Delivery,5,0
ORD006581,CUST0474,Kolkata,2023-08-25,Beauty,Body Lotion,2,349,0.0,698.0,Debit Card,3,0
ORD006582,CUST0228,Ahmedabad,2023-06-06,Sports,Yoga Mat,3,799,0.0,2397.0,Debit Card,4,0
ORD006583,CUST0326,Delhi,2024-11-26,Clothing,Denim Jeans,4,1299,0.15,4416.6,UPI,3,0
ORD006584,CUST0173,Ahmedabad,2024-08-29,Groceries,Basmati Rice 5kg,1,499,0.0,499.0,Debit Card,5,0
ORD006585,CUST1049,Kolkata,2024-01-12,Sports,Running Shoes,4,3499,0.2,11196.8,Credit Card,4,0
ORD006586,CUST1019,Lucknow,2023-11-15,Sports,Gym Gloves,4,399,0.2,1276.8,UPI,4,0
ORD006587,CUST1430,Ahmedabad,2024-05-01,Home & Kitchen,Coffee Mug,1,249,0.0,249.0,Cash on Delivery,5,0
ORD006588,CUST1108,Chennai,2024-02-14,Clothing,Formal Shirt,4,899,0.0,3596.0,Cash on Delivery,4,0
ORD006589,CUST0087,Pune,2023-12-25,Beauty,Body Lotion,2,349,0.05,663.1,UPI,4,0
ORD006590,CUST1334,Ahmedabad,2023-12-11,Books,Python Programming,3,699,0.2,1677.6,Cash on Delivery,4,0
ORD006591,CUST1306,Delhi,2024-05-26,Home & Kitchen,Storage Box,1,299,0.0,299.0,Credit Card,5,0
ORD006592,CUST0676,Delhi,2023-07-12,Sports,Gym Gloves,1,399,0.15,339.15,Debit Card,3,0
ORD006593,CUST0898,Kolkata,2024-01-07,Electronics,Wireless Earbuds,2,2499,0.2,3998.4,Cash on Delivery,5,0
ORD006594,CUST1465,Hyderabad,2023-08-31,Electronics,USB Hub,2,899,0.0,1798.0,UPI,3,0
ORD006595,CUST0807,Pune,2023-01-19,Books,Self Help,4,449,0.0,1796.0,Credit Card,3,0
ORD006596,CUST1361,Pune,2024-09-24,Groceries,Protein Bar Pack,1,699,0.0,699.0,Debit Card,5,0
ORD006597,CUST0135,Chennai,2024-03-21,Groceries,Olive Oil,1,799,0.2,639.2,Debit Card,3,0
ORD006598,CUST0285,Jaipur,2024-08-03,Beauty,Lip Balm Pack,1,199,0.15,169.15,Net Banking,4,0
ORD006599,CUST0672,Lucknow,2024-01-31,Books,Business Strategy,2,599,0.2,958.4,Debit Card,4,0
ORD006600,CUST0898,Kolkata,2023-10-27,Clothing,Cotton T-Shirt,4,499,0.0,1996.0,Debit Card,2,0
ORD006601,CUST1224,Pune,2024-05-01,Clothing,Cotton T-Shirt,1,499,0.0,499.0,Net Banking,3,0
ORD006602,CUST1477,Lucknow,2024-04-21,Electronics,Webcam,3,2199,0.0,6597.0,UPI,5,0
ORD006603,CUST0561,Chennai,2024-11-12,Electronics,USB Hub,1,899,0.1,809.1,UPI,5,0
ORD006604,CUST0076,Hyderabad,2024-12-27,Electronics,Webcam,1,2199,0.1,1979.1,UPI,1,0
ORD006605,CUST1201,Mumbai,2024-01-02,Home & Kitchen,Knife Set,2,1299,0.15,2208.3,Net Banking,3,0
ORD006606,CUST0932,Kolkata,2024-04-28,Clothing,Formal Shirt,3,899,0.0,2697.0,Debit Card,5,0
ORD006607,CUST0304,Delhi,2023-09-03,Groceries,Olive Oil,3,799,0.0,2397.0,Credit Card,5,0
ORD006608,CUST0753,Chennai,2023-04-11,Clothing,Denim Jeans,4,1299,0.05,4936.2,Net Banking,2,0
ORD006609,CUST1124,Mumbai,2023-06-21,Electronics,Phone Charger,3,599,0.1,1617.3,UPI,5,0
ORD006610,CUST1161,Bangalore,2023-03-25,Home & Kitchen,Knife Set,4,1299,0.0,5196.0,Cash on Delivery,5,0
ORD006611,CUST0759,Pune,2024-05-25,Electronics,USB Hub,4,899,0.0,3596.0,Debit Card,4,0
ORD006612,CUST0465,Pune,2024-11-24,Clothing,Sneakers,4,2499,0.15,8496.6,Debit Card,5,0
ORD006613,CUST1462,Bangalore,2024-04-20,Home & Kitchen,Air Fryer,3,3999,0.1,10797.3,Cash on Delivery,5,0
ORD006614,CUST1023,Mumbai,2024-07-21,Sports,Gym Gloves,1,399,0.05,379.05,Credit Card,5,0
ORD006615,CUST0597,Kolkata,2023-04-27,Home & Kitchen,Air Fryer,3,3999,0.2,9597.6,UPI,3,0
ORD006616,CUST0426,Kolkata,2023-10-27,Clothing,Formal Shirt,1,899,0.0,899.0,Cash on Delivery,5,0
ORD006617,CUST1109,Kolkata,2024-03-26,Groceries,Mixed Nuts,3,599,0.05,1707.15,Debit Card,4,0
ORD006618,CUST0379,Delhi,2023-09-28,Home & Kitchen,Air Fryer,4,3999,0.2,12796.8,Credit Card,3,0
ORD006619,CUST0262,Bangalore,2023-11-25,Books,Self Help,4,449,0.1,1616.4,UPI,4,0
ORD006620,CUST0803,Chennai,2023-01-06,Books,Python Programming,3,699,0.05,1992.15,Credit Card,3,0
ORD006621,CUST0442,Mumbai,2023-04-02,Electronics,Wireless Earbuds,4,2499,0.05,9496.2,Net Banking,4,0
ORD006622,CUST0973,Hyderabad,2023-04-17,Electronics,Phone Charger,1,599,0.0,599.0,Net Banking,5,0
ORD006623,CUST0192,Delhi,2023-04-03,Clothing,Jacket,2,2999,0.2,4798.4,Cash on Delivery,5,0
ORD006624,CUST1013,Jaipur,2023-01-31,Books,Python Programming,4,699,0.0,2796.0,UPI,5,0
ORD006625,CUST0432,Jaipur,2024-03-08,Home & Kitchen,Coffee Mug,4,249,0.0,996.0,Credit Card,4,0
ORD006626,CUST0002,Mumbai,2024-10-27,Electronics,Webcam,1,2199,0.15,1869.15,UPI,5,0
ORD006627,CUST0200,Mumbai,2023-02-28,Groceries,Olive Oil,4,799,0.15,2716.6,Net Banking,5,0
ORD006628,CUST1408,Kolkata,2023-05-06,Sports,Resistance Bands,3,499,0.0,1497.0,UPI,4,0
ORD006629,CUST1310,Delhi,2024-11-07,Clothing,Formal Shirt,2,899,0.0,1798.0,Credit Card,5,0
ORD006630,CUST0365,Kolkata,2023-11-21,Beauty,Face Serum,3,999,0.05,2847.15,Net Banking,5,0
ORD006631,CUST1172,Jaipur,2024-06-24,Home & Kitchen,Water Bottle,3,399,0.2,957.6,Debit Card,3,0
ORD006632,CUST0938,Chennai,2023-05-10,Beauty,Face Serum,4,999,0.0,3996.0,Credit Card,5,0
ORD006633,CUST1457,Delhi,2023-02-26,Home & Kitchen,Coffee Mug,3,249,0.05,709.65,Cash on Delivery,4,0
ORD006634,CUST0537,Hyderabad,2024-12-19,Beauty,Hair Mask,1,399,0.15,339.15,Debit Card,4,0
ORD006635,CUST1046,Chennai,2023-11-23,Clothing,Formal Shirt,4,899,0.05,3416.2,Net Banking,3,0
ORD006636,CUST0105,Lucknow,2023-07-12,Groceries,Protein Bar Pack,3,699,0.0,2097.0,Debit Card,5,0
ORD006637,CUST0575,Bangalore,2023-11-19,Electronics,Laptop Stand,3,1299,0.1,3507.3,UPI,1,1
ORD006638,CUST1449,Mumbai,2024-12-08,Books,Business Strategy,1,599,0.0,599.0,Net Banking,5,0
ORD006639,CUST0812,Delhi,2024-11-21,Books,Python Programming,2,699,0.15,1188.3,Net Banking,4,0
ORD006640,CUST0439,Bangalore,2024-12-01,Books,Data Science Guide,1,899,0.2,719.2,Cash on Delivery,1,0
ORD006641,CUST0194,Mumbai,2024-03-14,Beauty,Face Serum,4,999,0.1,3596.4,UPI,4,0
ORD006642,CUST1076,Pune,2024-07-24,Home & Kitchen,Knife Set,1,1299,0.0,1299.0,Cash on Delivery,5,0
ORD006643,CUST1003,Lucknow,2024-12-13,Clothing,Cotton T-Shirt,3,499,0.0,1497.0,UPI,5,0
ORD006644,CUST0537,Hyderabad,2024-05-25,Books,Business Strategy,4,599,0.0,2396.0,UPI,4,0
ORD006645,CUST1430,Ahmedabad,2024-10-30,Books,Data Science Guide,3,899,0.15,2292.45,Net Banking,5,0
ORD006646,CUST0039,Delhi,2023-04-07,Clothing,Sneakers,4,2499,0.0,9996.0,Cash on Delivery,5,0
ORD006647,CUST0463,Kolkata,2024-01-07,Beauty,Hair Mask,2,399,0.2,638.4,Credit Card,5,0
ORD006648,CUST1385,Lucknow,2023-09-18,Books,Self Help,3,449,0.0,1347.0,Cash on Delivery,5,0
ORD006649,CUST0481,Bangalore,2023-04-29,Clothing,Sneakers,1,2499,0.0,2499.0,Cash on Delivery,4,0
ORD006650,CUST0391,Pune,2024-10-21,Home & Kitchen,Coffee Mug,4,249,0.0,996.0,Debit Card,1,0
ORD006651,CUST0808,Bangalore,2024-11-03,Sports,Yoga Mat,3,799,0.15,2037.45,Credit Card,5,0
ORD006652,CUST1237,Hyderabad,2023-06-06,Sports,Running Shoes,4,3499,0.1,12596.4,Cash on Delivery,4,0
ORD006653,CUST0166,Delhi,2024-02-12,Groceries,Protein Bar Pack,2,699,0.05,1328.1,Net Banking,4,0
ORD006654,CUST1425,Chennai,2023-03-20,Clothing,Jacket,2,2999,0.0,5998.0,Credit Card,4,0
ORD006655,CUST1196,Ahmedabad,2023-10-03,Electronics,Webcam,3,2199,0.2,5277.6,Net Banking,2,0
ORD006656,CUST0273,Hyderabad,2024-06-29,Clothing,Sneakers,1,2499,0.1,2249.1,Credit Card,5,0
ORD006657,CUST1086,Delhi,2023-05-06,Home & Kitchen,Coffee Mug,2,249,0.0,498.0,Credit Card,3,0
ORD006658,CUST0555,Chennai,2023-05-23,Home & Kitchen,Coffee Mug,3,249,0.1,672.3,Debit Card,5,0
ORD006659,CUST0582,Ahmedabad,2023-03-25,Beauty,Sunscreen SPF50,2,499,0.0,998.0,Net Banking,3,0
ORD006660,CUST1180,Ahmedabad,2023-01-03,Home & Kitchen,Knife Set,2,1299,0.0,2598.0,Debit Card,5,0
ORD006661,CUST1449,Mumbai,2024-03-10,Sports,Running Shoes,4,3499,0.0,13996.0,Net Banking,3,0
ORD006662,CUST0200,Mumbai,2023-07-14,Books,Python Programming,3,699,0.0,2097.0,Debit Card,4,0
ORD006663,CUST0626,Mumbai,2023-07-26,Home & Kitchen,Knife Set,2,1299,0.0,2598.0,Net Banking,4,0
ORD006664,CUST0733,Chennai,2023-04-14,Clothing,Sneakers,3,2499,0.0,7497.0,UPI,5,0
ORD006665,CUST0541,Ahmedabad,2023-09-16,Books,Data Science Guide,1,899,0.1,809.1,Net Banking,3,0
ORD006666,CUST0531,Hyderabad,2023-04-25,Sports,Resistance Bands,4,499,0.0,1996.0,Cash on Delivery,4,0
ORD006667,CUST0087,Pune,2023-12-17,Home & Kitchen,Air Fryer,3,3999,0.0,11997.0,UPI,2,0
ORD006668,CUST1052,Jaipur,2024-10-18,Sports,Resistance Bands,3,499,0.0,1497.0,Credit Card,5,0
ORD006669,CUST0660,Chennai,2024-12-06,Beauty,Body Lotion,3,349,0.0,1047.0,Cash on Delivery,5,0
ORD006670,CUST0296,Kolkata,2023-10-30,Home & Kitchen,Knife Set,2,1299,0.05,2468.1,Debit Card,5,0
ORD006671,CUST1224,Pune,2023-12-23,Home & Kitchen,Water Bottle,4,399,0.1,1436.4,Debit Card,4,0
ORD006672,CUST1206,Delhi,2023-03-15,Sports,Yoga Mat,4,799,0.15,2716.6,Debit Card,3,0
ORD006673,CUST0743,Hyderabad,2023-04-15,Electronics,Phone Charger,3,599,0.0,1797.0,Credit Card,5,0
ORD006674,CUST0451,Delhi,2023-01-31,Clothing,Denim Jeans,1,1299,0.0,1299.0,Debit Card,4,0
ORD006675,CUST0992,Jaipur,2023-09-24,Groceries,Basmati Rice 5kg,2,499,0.2,798.4,Cash on Delivery,4,0
ORD006676,CUST0442,Mumbai,2023-04-17,Groceries,Green Tea,3,299,0.15,762.45,Debit Card,3,0
ORD006677,CUST0367,Mumbai,2023-06-24,Beauty,Sunscreen SPF50,2,499,0.0,998.0,Cash on Delivery,5,0
ORD006678,CUST1109,Kolkata,2024-04-30,Home & Kitchen,Water Bottle,3,399,0.15,1017.45,Cash on Delivery,2,0
ORD006679,CUST0068,Pune,2024-05-06,Groceries,Olive Oil,1,799,0.0,799.0,UPI,1,0
ORD006680,CUST0155,Lucknow,2024-09-24,Sports,Water Jug,2,599,0.05,1138.1,Debit Card,3,0
ORD006681,CUST0010,Lucknow,2024-01-20,Electronics,Laptop Stand,2,1299,0.0,2598.0,Cash on Delivery,5,0
ORD006682,CUST0242,Bangalore,2023-03-11,Electronics,Webcam,2,2199,0.05,4178.1,Cash on Delivery,4,0
ORD006683,CUST0115,Mumbai,2024-07-10,Clothing,Cotton T-Shirt,4,499,0.2,1596.8,Cash on Delivery,4,0
ORD006684,CUST1495,Kolkata,2023-01-04,Sports,Gym Gloves,2,399,0.1,718.2,UPI,3,0
ORD006685,CUST0442,Mumbai,2023-05-07,Books,Self Help,2,449,0.1,808.2,Debit Card,3,0
ORD006686,CUST0241,Kolkata,2023-09-30,Home & Kitchen,Air Fryer,3,3999,0.1,10797.3,UPI,4,0
ORD006687,CUST0377,Mumbai,2023-02-01,Beauty,Hair Mask,3,399,0.0,1197.0,Net Banking,4,0
ORD006688,CUST1410,Ahmedabad,2023-12-31,Electronics,Wireless Earbuds,3,2499,0.0,7497.0,Cash on Delivery,4,0
ORD006689,CUST0792,Bangalore,2024-07-19,Sports,Resistance Bands,2,499,0.0,998.0,Credit Card,5,0
ORD006690,CUST0532,Bangalore,2024-07-22,Beauty,Body Lotion,1,349,0.15,296.65,Cash on Delivery,5,0
ORD006691,CUST1318,Lucknow,2023-05-20,Books,Data Science Guide,3,899,0.0,2697.0,Cash on Delivery,5,0
ORD006692,CUST0574,Kolkata,2024-07-20,Groceries,Protein Bar Pack,4,699,0.1,2516.4,UPI,5,0
ORD006693,CUST0500,Ahmedabad,2024-04-20,Sports,Water Jug,3,599,0.0,1797.0,UPI,2,1
ORD006694,CUST0315,Kolkata,2023-02-04,Electronics,USB Hub,2,899,0.0,1798.0,Credit Card,4,0
ORD006695,CUST0544,Lucknow,2024-05-20,Home & Kitchen,Knife Set,4,1299,0.15,4416.6,Net Banking,2,0
ORD006696,CUST0476,Jaipur,2024-08-09,Clothing,Denim Jeans,1,1299,0.0,1299.0,Credit Card,5,0
ORD006697,CUST1042,Kolkata,2024-08-27,Books,Self Help,1,449,0.0,449.0,Debit Card,4,0
ORD006698,CUST0442,Mumbai,2023-07-30,Electronics,Webcam,2,2199,0.05,4178.1,Debit Card,5,0
ORD006699,CUST0885,Ahmedabad,2024-05-19,Groceries,Basmati Rice 5kg,2,499,0.05,948.1,Net Banking,5,0
ORD006700,CUST0113,Ahmedabad,2024-10-08,Electronics,Phone Charger,4,599,0.1,2156.4,Credit Card,5,0
ORD006701,CUST0285,Jaipur,2023-01-15,Home & Kitchen,Air Fryer,2,3999,0.0,7998.0,UPI,4,0
ORD006702,CUST0595,Chennai,2023-05-28,Sports,Resistance Bands,1,499,0.05,474.05,Net Banking,5,0
ORD006703,CUST1410,Ahmedabad,2023-11-02,Clothing,Formal Shirt,4,899,0.15,3056.6,Net Banking,3,0
ORD006704,CUST0544,Lucknow,2023-05-31,Sports,Running Shoes,4,3499,0.0,13996.0,UPI,4,0
ORD006705,CUST1023,Mumbai,2023-05-18,Electronics,Laptop Stand,3,1299,0.2,3117.6,Cash on Delivery,4,0
ORD006706,CUST0394,Hyderabad,2024-03-27,Electronics,USB Hub,2,899,0.05,1708.1,Credit Card,5,0
ORD006707,CUST0201,Delhi,2023-02-05,Clothing,Cotton T-Shirt,4,499,0.0,1996.0,Net Banking,5,0
ORD006708,CUST0095,Ahmedabad,2023-08-28,Sports,Gym Gloves,1,399,0.2,319.2,UPI,4,0
ORD006709,CUST0465,Pune,2024-09-10,Electronics,Webcam,1,2199,0.1,1979.1,Net Banking,5,0
ORD006710,CUST0248,Jaipur,2024-03-21,Sports,Running Shoes,3,3499,0.0,10497.0,Net Banking,4,0
ORD006711,CUST0265,Kolkata,2024-04-02,Books,Fiction Novel,1,299,0.2,239.2,Debit Card,4,0
ORD006712,CUST1151,Pune,2024-10-13,Electronics,USB Hub,3,899,0.0,2697.0,Credit Card,4,0
ORD006713,CUST0031,Pune,2023-10-15,Groceries,Mixed Nuts,4,599,0.05,2276.2,Credit Card,1,0
ORD006714,CUST0844,Delhi,2023-11-20,Electronics,Laptop Stand,4,1299,0.2,4156.8,Cash on Delivery,5,0
ORD006715,CUST0548,Jaipur,2023-03-15,Books,Data Science Guide,1,899,0.0,899.0,UPI,4,0
ORD006716,CUST0770,Hyderabad,2023-02-04,Beauty,Face Serum,3,999,0.2,2397.6,Cash on Delivery,4,0
ORD006717,CUST0852,Jaipur,2024-08-07,Electronics,Laptop Stand,4,1299,0.0,5196.0,UPI,2,1
ORD006718,CUST0474,Kolkata,2023-09-21,Home & Kitchen,Storage Box,3,299,0.1,807.3,Credit Card,1,1
ORD006719,CUST0447,Pune,2024-12-31,Groceries,Basmati Rice 5kg,1,499,0.0,499.0,UPI,4,0
ORD006720,CUST1115,Ahmedabad,2024-06-25,Groceries,Green Tea,4,299,0.05,1136.2,UPI,5,0
ORD006721,CUST1314,Lucknow,2023-06-24,Books,Fiction Novel,4,299,0.0,1196.0,Credit Card,4,0
ORD006722,CUST0290,Delhi,2023-10-16,Groceries,Green Tea,2,299,0.2,478.4,Debit Card,4,0
ORD006723,CUST0158,Mumbai,2023-03-27,Groceries,Protein Bar Pack,4,699,0.0,2796.0,Cash on Delivery,5,0
ORD006724,CUST1353,Jaipur,2023-03-23,Electronics,Laptop Stand,3,1299,0.15,3312.45,Cash on Delivery,3,0
ORD006725,CUST0514,Mumbai,2024-01-29,Electronics,Phone Charger,1,599,0.2,479.2,UPI,4,0
ORD006726,CUST0835,Ahmedabad,2024-08-02,Electronics,Webcam,1,2199,0.0,2199.0,Credit Card,4,0
ORD006727,CUST0525,Kolkata,2023-01-23,Groceries,Olive Oil,1,799,0.0,799.0,Credit Card,4,0
ORD006728,CUST0200,Mumbai,2024-10-09,Beauty,Lip Balm Pack,3,199,0.0,597.0,UPI,4,0
ORD006729,CUST0907,Mumbai,2023-04-14,Home & Kitchen,Knife Set,4,1299,0.0,5196.0,Debit Card,5,0
ORD006730,CUST0797,Chennai,2024-08-20,Beauty,Sunscreen SPF50,2,499,0.0,998.0,Net Banking,4,0
ORD006731,CUST0309,Pune,2024-01-20,Electronics,Phone Charger,3,599,0.0,1797.0,Cash on Delivery,3,0
ORD006732,CUST0685,Pune,2024-08-30,Groceries,Mixed Nuts,3,599,0.05,1707.15,UPI,4,0
ORD006733,CUST1197,Chennai,2024-11-30,Beauty,Body Lotion,2,349,0.0,698.0,Cash on Delivery,4,0
ORD006734,CUST0910,Mumbai,2023-04-01,Clothing,Denim Jeans,1,1299,0.2,1039.2,Debit Card,5,0
ORD006735,CUST0157,Ahmedabad,2024-11-30,Beauty,Lip Balm Pack,2,199,0.0,398.0,Net Banking,5,0
ORD006736,CUST0826,Jaipur,2024-08-15,Books,Fiction Novel,2,299,0.2,478.4,UPI,4,0
ORD006737,CUST1075,Pune,2023-11-03,Sports,Yoga Mat,3,799,0.2,1917.6,Cash on Delivery,5,0
ORD006738,CUST1192,Pune,2024-11-07,Groceries,Basmati Rice 5kg,1,499,0.1,449.1,UPI,4,0
ORD006739,CUST0973,Hyderabad,2023-08-29,Beauty,Body Lotion,3,349,0.05,994.65,Cash on Delivery,5,0
ORD006740,CUST0242,Bangalore,2023-01-19,Clothing,Formal Shirt,4,899,0.1,3236.4,Net Banking,5,0
ORD006741,CUST1085,Bangalore,2024-11-13,Beauty,Sunscreen SPF50,4,499,0.05,1896.2,Net Banking,5,0
ORD006742,CUST1042,Kolkata,2024-04-08,Home & Kitchen,Storage Box,4,299,0.0,1196.0,UPI,4,0
ORD006743,CUST0044,Mumbai,2023-04-25,Clothing,Formal Shirt,2,899,0.0,1798.0,Cash on Delivery,4,0
ORD006744,CUST0612,Ahmedabad,2024-07-05,Home & Kitchen,Air Fryer,4,3999,0.0,15996.0,UPI,4,0
ORD006745,CUST0499,Jaipur,2024-03-11,Home & Kitchen,Knife Set,4,1299,0.05,4936.2,Net Banking,5,0
ORD006746,CUST1027,Kolkata,2023-05-04,Beauty,Face Serum,1,999,0.1,899.1,UPI,5,0
ORD006747,CUST0329,Jaipur,2023-12-17,Clothing,Sneakers,3,2499,0.0,7497.0,Cash on Delivery,4,0
ORD006748,CUST0911,Bangalore,2024-08-16,Clothing,Cotton T-Shirt,4,499,0.05,1896.2,Credit Card,4,0
ORD006749,CUST1372,Bangalore,2024-04-03,Sports,Running Shoes,4,3499,0.2,11196.8,Credit Card,4,0
ORD006750,CUST1198,Kolkata,2023-08-06,Electronics,USB Hub,4,899,0.15,3056.6,Cash on Delivery,5,0
ORD006751,CUST1385,Lucknow,2024-11-08,Books,Self Help,4,449,0.0,1796.0,UPI,4,0
ORD006752,CUST1467,Jaipur,2023-04-24,Beauty,Lip Balm Pack,4,199,0.05,756.2,UPI,4,0
ORD006753,CUST0013,Mumbai,2023-05-19,Beauty,Lip Balm Pack,4,199,0.0,796.0,Credit Card,5,0
ORD006754,CUST0963,Mumbai,2023-10-16,Books,Python Programming,3,699,0.0,2097.0,UPI,4,0
ORD006755,CUST0613,Bangalore,2023-11-28,Electronics,Webcam,3,2199,0.05,6267.15,Net Banking,3,0
ORD006756,CUST1302,Delhi,2023-10-01,Books,Data Science Guide,4,899,0.0,3596.0,Cash on Delivery,5,0
ORD006757,CUST0391,Pune,2023-12-11,Groceries,Mixed Nuts,3,599,0.15,1527.45,Net Banking,5,0
ORD006758,CUST1469,Delhi,2023-12-13,Home & Kitchen,Knife Set,2,1299,0.0,2598.0,Debit Card,5,0
ORD006759,CUST0948,Hyderabad,2023-12-16,Electronics,USB Hub,1,899,0.1,809.1,Credit Card,5,0
ORD006760,CUST1194,Hyderabad,2024-04-26,Books,Self Help,2,449,0.05,853.1,Debit Card,3,0
ORD006761,CUST0138,Ahmedabad,2024-06-03,Home & Kitchen,Knife Set,3,1299,0.15,3312.45,Net Banking,5,0
ORD006762,CUST0274,Chennai,2023-06-11,Electronics,Webcam,3,2199,0.2,5277.6,Net Banking,5,0
ORD006763,CUST1149,Delhi,2024-02-24,Beauty,Lip Balm Pack,1,199,0.0,199.0,Cash on Delivery,5,0
ORD006764,CUST0039,Delhi,2024-04-20,Sports,Yoga Mat,2,799,0.2,1278.4,UPI,4,0
ORD006765,CUST1226,Ahmedabad,2024-09-06,Groceries,Green Tea,2,299,0.15,508.3,UPI,5,0
ORD006766,CUST0026,Lucknow,2024-05-08,Clothing,Formal Shirt,1,899,0.0,899.0,Net Banking,5,0
ORD006767,CUST1015,Ahmedabad,2023-08-18,Beauty,Face Serum,4,999,0.0,3996.0,Net Banking,4,0
ORD006768,CUST0532,Bangalore,2023-10-12,Books,Fiction Novel,3,299,0.0,897.0,Net Banking,4,0
ORD006769,CUST0944,Jaipur,2023-04-25,Groceries,Green Tea,1,299,0.1,269.1,Net Banking,4,0
ORD006770,CUST1062,Hyderabad,2024-12-04,Sports,Running Shoes,1,3499,0.2,2799.2,Debit Card,4,0
ORD006771,CUST0508,Hyderabad,2023-02-06,Groceries,Green Tea,2,299,0.0,598.0,Cash on Delivery,3,0
ORD006772,CUST0179,Kolkata,2024-05-02,Electronics,USB Hub,4,899,0.1,3236.4,Net Banking,4,0
ORD006773,CUST0115,Mumbai,2023-02-24,Sports,Gym Gloves,2,399,0.0,798.0,Credit Card,4,0
ORD006774,CUST0907,Mumbai,2023-08-09,Electronics,Webcam,1,2199,0.0,2199.0,UPI,5,0
ORD006775,CUST0793,Chennai,2023-08-02,Beauty,Body Lotion,1,349,0.0,349.0,Net Banking,5,0
ORD006776,CUST1124,Mumbai,2024-03-18,Groceries,Olive Oil,2,799,0.2,1278.4,Debit Card,4,0
ORD006777,CUST0775,Hyderabad,2024-07-19,Beauty,Hair Mask,3,399,0.0,1197.0,Cash on Delivery,1,0
ORD006778,CUST0631,Ahmedabad,2024-10-22,Books,Business Strategy,1,599,0.0,599.0,Cash on Delivery,5,0
ORD006779,CUST0576,Hyderabad,2023-02-10,Beauty,Hair Mask,4,399,0.0,1596.0,Credit Card,4,0
ORD006780,CUST0048,Kolkata,2023-04-07,Sports,Resistance Bands,4,499,0.1,1796.4,UPI,4,0
ORD006781,CUST0500,Ahmedabad,2024-10-31,Sports,Running Shoes,1,3499,0.0,3499.0,Debit Card,3,0
ORD006782,CUST1465,Hyderabad,2024-09-09,Beauty,Sunscreen SPF50,1,499,0.0,499.0,Net Banking,5,0
ORD006783,CUST1318,Lucknow,2023-08-11,Books,Self Help,3,449,0.0,1347.0,UPI,4,0
ORD006784,CUST0490,Hyderabad,2024-05-08,Beauty,Sunscreen SPF50,2,499,0.15,848.3,UPI,4,0
ORD006785,CUST0906,Lucknow,2023-09-06,Clothing,Jacket,3,2999,0.05,8547.15,Net Banking,4,0
ORD006786,CUST1273,Pune,2023-09-07,Clothing,Formal Shirt,3,899,0.0,2697.0,Debit Card,1,0
ORD006787,CUST0672,Lucknow,2023-05-20,Beauty,Lip Balm Pack,4,199,0.2,636.8,Credit Card,5,0
ORD006788,CUST0034,Hyderabad,2023-03-18,Home & Kitchen,Coffee Mug,2,249,0.2,398.4,UPI,4,0
ORD006789,CUST0120,Lucknow,2023-06-11,Electronics,USB Hub,3,899,0.0,2697.0,Cash on Delivery,4,0
ORD006790,CUST0775,Hyderabad,2024-11-01,Sports,Resistance Bands,3,499,0.2,1197.6,Cash on Delivery,5,0
ORD006791,CUST1456,Pune,2024-07-25,Clothing,Sneakers,2,2499,0.05,4748.1,Net Banking,5,0
ORD006792,CUST1060,Hyderabad,2024-08-31,Sports,Resistance Bands,3,499,0.2,1197.6,Cash on Delivery,2,1
ORD006793,CUST0116,Delhi,2024-05-14,Home & Kitchen,Knife Set,2,1299,0.1,2338.2,Net Banking,4,0
ORD006794,CUST0281,Mumbai,2023-03-27,Beauty,Body Lotion,4,349,0.1,1256.4,Net Banking,2,1
ORD006795,CUST1164,Chennai,2024-09-27,Books,Data Science Guide,4,899,0.2,2876.8,Net Banking,5,0
ORD006796,CUST1262,Bangalore,2023-11-21,Groceries,Olive Oil,3,799,0.0,2397.0,Credit Card,4,0
ORD006797,CUST0952,Ahmedabad,2023-01-19,Books,Fiction Novel,1,299,0.0,299.0,UPI,4,0
ORD006798,CUST1003,Lucknow,2023-04-15,Electronics,Wireless Earbuds,4,2499,0.2,7996.8,Debit Card,4,0
ORD006799,CUST0051,Chennai,2024-12-05,Sports,Running Shoes,2,3499,0.2,5598.4,Credit Card,4,0
ORD006800,CUST1241,Hyderabad,2024-06-25,Clothing,Sneakers,3,2499,0.05,7122.15,UPI,5,0
ORD006801,CUST1184,Kolkata,2024-01-02,Sports,Water Jug,2,599,0.2,958.4,Credit Card,4,0
ORD006802,CUST0398,Jaipur,2023-03-06,Sports,Resistance Bands,3,499,0.0,1497.0,Credit Card,5,0
ORD006803,CUST1084,Bangalore,2024-02-10,Electronics,USB Hub,3,899,0.0,2697.0,Debit Card,4,0
ORD006804,CUST0327,Jaipur,2024-12-12,Electronics,Phone Charger,4,599,0.0,2396.0,Credit Card,2,0
ORD006805,CUST0068,Pune,2023-07-15,Books,Self Help,3,449,0.1,1212.3,Net Banking,3,0
ORD006806,CUST0306,Lucknow,2024-05-26,Groceries,Protein Bar Pack,1,699,0.2,559.2,Credit Card,5,0
ORD006807,CUST0271,Ahmedabad,2024-04-09,Clothing,Cotton T-Shirt,4,499,0.0,1996.0,Cash on Delivery,4,0
ORD006808,CUST0504,Jaipur,2023-01-06,Home & Kitchen,Air Fryer,1,3999,0.2,3199.2,UPI,3,0
ORD006809,CUST0620,Mumbai,2023-03-20,Sports,Resistance Bands,4,499,0.0,1996.0,Cash on Delivery,5,0
ORD006810,CUST0772,Delhi,2024-11-24,Sports,Resistance Bands,2,499,0.15,848.3,Credit Card,5,0
ORD006811,CUST0726,Ahmedabad,2024-06-20,Electronics,Laptop Stand,1,1299,0.0,1299.0,UPI,4,0
ORD006812,CUST0412,Bangalore,2023-02-24,Beauty,Body Lotion,4,349,0.05,1326.2,UPI,3,0
ORD006813,CUST0051,Chennai,2023-12-16,Beauty,Face Serum,3,999,0.0,2997.0,Credit Card,4,0
ORD006814,CUST0933,Jaipur,2023-03-07,Beauty,Hair Mask,4,399,0.0,1596.0,Credit Card,5,0
ORD006815,CUST0575,Bangalore,2023-02-23,Beauty,Face Serum,3,999,0.0,2997.0,UPI,3,0
ORD006816,CUST0451,Delhi,2023-04-26,Books,Data Science Guide,1,899,0.15,764.15,UPI,4,0
ORD006817,CUST1310,Delhi,2023-06-04,Sports,Water Jug,1,599,0.2,479.2,Cash on Delivery,4,0
ORD006818,CUST1135,Pune,2024-05-21,Beauty,Sunscreen SPF50,3,499,0.2,1197.6,Cash on Delivery,5,0
ORD006819,CUST1299,Ahmedabad,2023-12-02,Home & Kitchen,Knife Set,1,1299,0.2,1039.2,Cash on Delivery,4,0
ORD006820,CUST0753,Chennai,2023-11-21,Beauty,Hair Mask,4,399,0.0,1596.0,Credit Card,4,0
ORD006821,CUST0208,Jaipur,2023-11-14,Beauty,Hair Mask,2,399,0.0,798.0,UPI,4,0
ORD006822,CUST1062,Hyderabad,2023-09-27,Beauty,Face Serum,4,999,0.1,3596.4,Cash on Delivery,5,0
ORD006823,CUST0314,Chennai,2023-09-22,Home & Kitchen,Air Fryer,4,3999,0.0,15996.0,Cash on Delivery,5,0
ORD006824,CUST0672,Lucknow,2023-04-29,Clothing,Sneakers,4,2499,0.0,9996.0,Cash on Delivery,4,0
ORD006825,CUST0108,Kolkata,2024-01-13,Beauty,Face Serum,4,999,0.0,3996.0,Credit Card,5,0
ORD006826,CUST1239,Ahmedabad,2023-12-05,Electronics,Webcam,4,2199,0.15,7476.6,Net Banking,4,0
ORD006827,CUST0200,Mumbai,2024-05-18,Electronics,Webcam,2,2199,0.05,4178.1,Net Banking,5,0
ORD006828,CUST1359,Delhi,2023-10-05,Beauty,Hair Mask,1,399,0.0,399.0,Credit Card,5,0
ORD006829,CUST1307,Pune,2023-09-24,Groceries,Mixed Nuts,2,599,0.1,1078.2,Net Banking,5,0
ORD006830,CUST0712,Hyderabad,2023-12-21,Home & Kitchen,Air Fryer,1,3999,0.15,3399.15,Credit Card,5,0
ORD006831,CUST1128,Lucknow,2024-11-16,Groceries,Basmati Rice 5kg,2,499,0.05,948.1,Net Banking,4,0
ORD006832,CUST0954,Mumbai,2023-09-16,Beauty,Sunscreen SPF50,4,499,0.1,1796.4,Net Banking,5,0
ORD006833,CUST1206,Delhi,2023-03-06,Electronics,USB Hub,2,899,0.0,1798.0,Cash on Delivery,4,0
ORD006834,CUST0649,Hyderabad,2023-06-03,Books,Fiction Novel,1,299,0.0,299.0,Credit Card,5,0
ORD006835,CUST1183,Lucknow,2024-10-31,Home & Kitchen,Knife Set,1,1299,0.05,1234.05,Credit Card,1,0
ORD006836,CUST0710,Chennai,2024-08-13,Groceries,Olive Oil,4,799,0.0,3196.0,Debit Card,4,0
ORD006837,CUST1420,Bangalore,2023-04-18,Sports,Water Jug,4,599,0.05,2276.2,UPI,5,0
ORD006838,CUST0743,Hyderabad,2023-03-27,Groceries,Basmati Rice 5kg,4,499,0.2,1596.8,Credit Card,4,0
ORD006839,CUST0710,Chennai,2023-03-24,Beauty,Lip Balm Pack,4,199,0.0,796.0,Net Banking,5,0
ORD006840,CUST1181,Pune,2024-04-04,Groceries,Basmati Rice 5kg,1,499,0.0,499.0,Cash on Delivery,5,0
ORD006841,CUST1231,Pune,2024-01-07,Groceries,Olive Oil,3,799,0.0,2397.0,Credit Card,4,0
ORD006842,CUST0839,Chennai,2023-02-16,Sports,Water Jug,4,599,0.05,2276.2,Net Banking,4,0
ORD006843,CUST0272,Bangalore,2023-07-01,Clothing,Cotton T-Shirt,2,499,0.2,798.4,Debit Card,4,0
ORD006844,CUST0716,Hyderabad,2023-07-30,Groceries,Green Tea,1,299,0.0,299.0,Debit Card,1,0
ORD006845,CUST1453,Bangalore,2023-06-30,Electronics,USB Hub,2,899,0.05,1708.1,Cash on Delivery,5,0
ORD006846,CUST1144,Ahmedabad,2024-03-08,Home & Kitchen,Coffee Mug,2,249,0.0,498.0,Net Banking,5,0
ORD006847,CUST1219,Ahmedabad,2024-12-04,Groceries,Basmati Rice 5kg,1,499,0.0,499.0,UPI,5,0
ORD006848,CUST0054,Lucknow,2023-10-21,Sports,Gym Gloves,3,399,0.2,957.6,Net Banking,5,0
ORD006849,CUST0717,Ahmedabad,2023-06-30,Sports,Gym Gloves,1,399,0.0,399.0,Debit Card,5,0
ORD006850,CUST1004,Lucknow,2024-06-28,Groceries,Protein Bar Pack,2,699,0.0,1398.0,Credit Card,4,0
ORD006851,CUST1243,Mumbai,2024-01-02,Books,Python Programming,1,699,0.0,699.0,Credit Card,4,0
ORD006852,CUST0081,Jaipur,2024-10-26,Beauty,Face Serum,4,999,0.2,3196.8,Credit Card,3,0
ORD006853,CUST1282,Delhi,2023-03-05,Books,Self Help,2,449,0.05,853.1,UPI,4,0
ORD006854,CUST0826,Jaipur,2023-04-19,Groceries,Green Tea,3,299,0.1,807.3,Net Banking,4,0
ORD006855,CUST0302,Mumbai,2024-12-23,Home & Kitchen,Knife Set,1,1299,0.05,1234.05,Cash on Delivery,4,0
ORD006856,CUST0476,Jaipur,2023-07-17,Home & Kitchen,Storage Box,4,299,0.2,956.8,Credit Card,4,0
ORD006857,CUST0428,Chennai,2024-01-20,Clothing,Formal Shirt,2,899,0.2,1438.4,Debit Card,4,0
ORD006858,CUST0804,Ahmedabad,2023-12-01,Clothing,Cotton T-Shirt,2,499,0.0,998.0,UPI,5,0
ORD006859,CUST0083,Pune,2024-09-21,Electronics,Webcam,1,2199,0.05,2089.05,Cash on Delivery,4,0
ORD006860,CUST0248,Jaipur,2023-07-29,Home & Kitchen,Coffee Mug,4,249,0.2,796.8,Cash on Delivery,5,0
ORD006861,CUST1221,Kolkata,2023-10-22,Home & Kitchen,Air Fryer,2,3999,0.15,6798.3,Credit Card,5,0
ORD006862,CUST0213,Jaipur,2023-11-27,Electronics,Wireless Earbuds,4,2499,0.05,9496.2,Cash on Delivery,4,0
ORD006863,CUST0365,Kolkata,2023-01-06,Groceries,Olive Oil,2,799,0.0,1598.0,Credit Card,4,0
ORD006864,CUST0686,Jaipur,2024-12-26,Clothing,Formal Shirt,4,899,0.0,3596.0,Net Banking,4,0
ORD006865,CUST0787,Pune,2024-11-30,Electronics,Laptop Stand,3,1299,0.1,3507.3,UPI,4,0
ORD006866,CUST1154,Hyderabad,2024-04-23,Sports,Yoga Mat,3,799,0.0,2397.0,Credit Card,5,0
ORD006867,CUST0680,Chennai,2023-09-27,Books,Business Strategy,2,599,0.0,1198.0,Debit Card,4,0
ORD006868,CUST1186,Delhi,2024-04-11,Home & Kitchen,Coffee Mug,1,249,0.0,249.0,UPI,4,0
ORD006869,CUST0954,Mumbai,2023-02-18,Electronics,Phone Charger,1,599,0.15,509.15,Credit Card,4,0
ORD006870,CUST0184,Kolkata,2023-12-03,Beauty,Face Serum,3,999,0.05,2847.15,Debit Card,4,0
ORD006871,CUST0246,Delhi,2023-10-17,Sports,Gym Gloves,1,399,0.1,359.1,UPI,3,0
ORD006872,CUST0662,Bangalore,2023-06-18,Electronics,Laptop Stand,2,1299,0.1,2338.2,Credit Card,4,0
ORD006873,CUST0576,Hyderabad,2023-08-18,Home & Kitchen,Water Bottle,3,399,0.0,1197.0,UPI,3,0
ORD006874,CUST1125,Kolkata,2023-11-24,Books,Data Science Guide,3,899,0.0,2697.0,Credit Card,5,0
ORD006875,CUST0892,Jaipur,2023-09-16,Electronics,Phone Charger,3,599,0.0,1797.0,Credit Card,4,0
ORD006876,CUST0560,Hyderabad,2023-12-20,Beauty,Lip Balm Pack,4,199,0.15,676.6,Debit Card,1,1
ORD006877,CUST0262,Bangalore,2024-10-12,Beauty,Body Lotion,1,349,0.1,314.1,Cash on Delivery,4,0
ORD006878,CUST0353,Chennai,2023-10-24,Electronics,USB Hub,1,899,0.2,719.2,Credit Card,3,0
ORD006879,CUST0878,Delhi,2024-10-09,Books,Python Programming,4,699,0.0,2796.0,UPI,5,0
ORD006880,CUST0632,Pune,2024-03-14,Books,Business Strategy,1,599,0.0,599.0,Debit Card,4,0
ORD006881,CUST0784,Hyderabad,2024-12-17,Clothing,Denim Jeans,4,1299,0.05,4936.2,Net Banking,5,0
ORD006882,CUST0262,Bangalore,2023-08-20,Sports,Gym Gloves,3,399,0.05,1137.15,Cash on Delivery,4,0
ORD006883,CUST1023,Mumbai,2024-01-14,Clothing,Cotton T-Shirt,2,499,0.15,848.3,Debit Card,3,0
ORD006884,CUST1282,Delhi,2024-01-11,Sports,Yoga Mat,4,799,0.0,3196.0,Net Banking,4,0
ORD006885,CUST0397,Pune,2023-06-02,Beauty,Face Serum,4,999,0.0,3996.0,Credit Card,4,0
ORD006886,CUST0749,Chennai,2023-11-01,Clothing,Sneakers,2,2499,0.1,4498.2,Debit Card,5,0
ORD006887,CUST1465,Hyderabad,2023-08-16,Books,Business Strategy,1,599,0.1,539.1,Net Banking,5,0
ORD006888,CUST0499,Jaipur,2023-11-01,Sports,Running Shoes,2,3499,0.05,6648.1,Net Banking,4,0
ORD006889,CUST0919,Ahmedabad,2023-11-10,Groceries,Olive Oil,1,799,0.15,679.15,UPI,5,0
ORD006890,CUST0141,Jaipur,2024-03-06,Books,Fiction Novel,3,299,0.0,897.0,Credit Card,4,0
ORD006891,CUST0933,Jaipur,2023-10-28,Groceries,Basmati Rice 5kg,3,499,0.0,1497.0,Debit Card,4,0
ORD006892,CUST0141,Jaipur,2024-07-17,Beauty,Face Serum,4,999,0.1,3596.4,Net Banking,4,0
ORD006893,CUST1445,Hyderabad,2023-02-17,Beauty,Sunscreen SPF50,2,499,0.15,848.3,Credit Card,3,0
ORD006894,CUST1091,Ahmedabad,2023-08-16,Groceries,Olive Oil,2,799,0.0,1598.0,Cash on Delivery,5,0
ORD006895,CUST1184,Kolkata,2024-08-06,Books,Data Science Guide,1,899,0.15,764.15,Debit Card,4,0
ORD006896,CUST1078,Bangalore,2023-01-17,Groceries,Basmati Rice 5kg,2,499,0.05,948.1,Credit Card,4,0
ORD006897,CUST0907,Mumbai,2024-07-13,Beauty,Hair Mask,2,399,0.2,638.4,Net Banking,5,0
ORD006898,CUST0681,Lucknow,2023-02-11,Home & Kitchen,Coffee Mug,3,249,0.05,709.65,Debit Card,5,0
ORD006899,CUST1300,Kolkata,2023-11-19,Home & Kitchen,Air Fryer,2,3999,0.05,7598.1,Cash on Delivery,4,0
ORD006900,CUST1441,Ahmedabad,2024-02-28,Sports,Water Jug,4,599,0.0,2396.0,UPI,4,0
ORD006901,CUST0759,Pune,2023-03-01,Clothing,Sneakers,2,2499,0.1,4498.2,Cash on Delivery,5,0
ORD006902,CUST1405,Delhi,2023-02-14,Clothing,Denim Jeans,2,1299,0.2,2078.4,Credit Card,4,0
ORD006903,CUST0895,Delhi,2024-04-20,Electronics,Webcam,2,2199,0.0,4398.0,Net Banking,4,0
ORD006904,CUST0811,Ahmedabad,2023-04-17,Groceries,Basmati Rice 5kg,4,499,0.0,1996.0,Net Banking,1,0
ORD006905,CUST0689,Delhi,2024-06-24,Beauty,Sunscreen SPF50,4,499,0.05,1896.2,Debit Card,5,0
ORD006906,CUST0321,Mumbai,2024-08-10,Sports,Yoga Mat,4,799,0.1,2876.4,Credit Card,4,0
ORD006907,CUST0004,Hyderabad,2024-05-13,Home & Kitchen,Knife Set,1,1299,0.0,1299.0,UPI,4,0
ORD006908,CUST0379,Delhi,2024-07-11,Books,Data Science Guide,3,899,0.0,2697.0,Net Banking,5,0
ORD006909,CUST0775,Hyderabad,2024-07-13,Groceries,Green Tea,1,299,0.05,284.05,Net Banking,5,0
ORD006910,CUST0549,Kolkata,2023-10-20,Sports,Resistance Bands,2,499,0.15,848.3,Cash on Delivery,3,0
ORD006911,CUST0680,Chennai,2023-08-11,Sports,Water Jug,4,599,0.0,2396.0,Cash on Delivery,3,0
ORD006912,CUST1469,Delhi,2024-07-26,Electronics,Webcam,2,2199,0.0,4398.0,Cash on Delivery,5,0
ORD006913,CUST0514,Mumbai,2024-06-27,Sports,Running Shoes,3,3499,0.0,10497.0,Cash on Delivery,5,0
ORD006914,CUST0685,Pune,2023-09-10,Sports,Yoga Mat,3,799,0.1,2157.3,Net Banking,3,0
ORD006915,CUST0215,Lucknow,2024-04-13,Beauty,Hair Mask,4,399,0.15,1356.6,Debit Card,5,0
ORD006916,CUST0077,Bangalore,2023-08-10,Home & Kitchen,Air Fryer,2,3999,0.0,7998.0,Credit Card,2,0
ORD006917,CUST1168,Delhi,2023-02-27,Home & Kitchen,Knife Set,4,1299,0.0,5196.0,Cash on Delivery,4,0
ORD006918,CUST0870,Hyderabad,2024-10-17,Sports,Water Jug,3,599,0.0,1797.0,Cash on Delivery,1,0
ORD006919,CUST1151,Pune,2023-06-27,Electronics,Phone Charger,4,599,0.1,2156.4,UPI,5,0
ORD006920,CUST0241,Kolkata,2023-05-10,Books,Data Science Guide,4,899,0.0,3596.0,Cash on Delivery,4,0
ORD006921,CUST0870,Hyderabad,2023-03-24,Sports,Water Jug,1,599,0.0,599.0,UPI,4,0
ORD006922,CUST0392,Mumbai,2024-10-08,Home & Kitchen,Coffee Mug,1,249,0.0,249.0,Debit Card,5,0
ORD006923,CUST0358,Hyderabad,2023-06-21,Books,Python Programming,3,699,0.2,1677.6,Credit Card,5,0
ORD006924,CUST0019,Mumbai,2023-05-21,Beauty,Lip Balm Pack,3,199,0.05,567.15,Cash on Delivery,4,0
ORD006925,CUST0208,Jaipur,2023-07-21,Sports,Running Shoes,3,3499,0.0,10497.0,Net Banking,5,0
ORD006926,CUST0470,Jaipur,2023-02-09,Sports,Resistance Bands,4,499,0.0,1996.0,Cash on Delivery,4,0
ORD006927,CUST0192,Delhi,2023-02-02,Home & Kitchen,Knife Set,4,1299,0.0,5196.0,Credit Card,4,0
ORD006928,CUST1473,Mumbai,2024-02-15,Home & Kitchen,Coffee Mug,3,249,0.15,634.95,Credit Card,4,0
ORD006929,CUST0469,Chennai,2024-04-04,Beauty,Face Serum,3,999,0.05,2847.15,Net Banking,4,0
ORD006930,CUST0208,Jaipur,2024-11-09,Clothing,Cotton T-Shirt,4,499,0.1,1796.4,Net Banking,4,0
ORD006931,CUST0305,Kolkata,2024-11-10,Groceries,Olive Oil,3,799,0.0,2397.0,Debit Card,5,0
ORD006932,CUST0906,Lucknow,2024-04-10,Groceries,Mixed Nuts,4,599,0.05,2276.2,Debit Card,3,0
ORD006933,CUST0106,Kolkata,2023-06-15,Sports,Gym Gloves,1,399,0.05,379.05,Net Banking,3,0
ORD006934,CUST1306,Delhi,2024-03-19,Home & Kitchen,Coffee Mug,3,249,0.0,747.0,Credit Card,5,0
ORD006935,CUST1448,Mumbai,2024-06-13,Groceries,Mixed Nuts,1,599,0.0,599.0,Debit Card,3,0
ORD006936,CUST0385,Jaipur,2024-09-22,Sports,Water Jug,2,599,0.0,1198.0,Debit Card,3,0
ORD006937,CUST0684,Mumbai,2023-06-08,Beauty,Body Lotion,4,349,0.0,1396.0,UPI,4,0
ORD006938,CUST0039,Delhi,2024-07-30,Home & Kitchen,Coffee Mug,4,249,0.0,996.0,Net Banking,4,0
ORD006939,CUST0997,Pune,2024-02-16,Electronics,Wireless Earbuds,2,2499,0.0,4998.0,UPI,4,0
ORD006940,CUST0615,Jaipur,2023-11-16,Books,Fiction Novel,1,299,0.1,269.1,Credit Card,4,0
ORD006941,CUST0412,Bangalore,2023-05-30,Books,Business Strategy,2,599,0.05,1138.1,UPI,4,0
ORD006942,CUST0315,Kolkata,2023-03-21,Electronics,Laptop Stand,1,1299,0.0,1299.0,Net Banking,3,0
ORD006943,CUST1012,Jaipur,2023-02-07,Home & Kitchen,Storage Box,4,299,0.15,1016.6,Net Banking,4,0
ORD006944,CUST0616,Mumbai,2023-03-27,Electronics,USB Hub,1,899,0.1,809.1,Net Banking,1,0
ORD006945,CUST0272,Bangalore,2023-12-14,Home & Kitchen,Storage Box,3,299,0.0,897.0,Debit Card,5,0
ORD006946,CUST1055,Ahmedabad,2024-06-15,Electronics,Wireless Earbuds,1,2499,0.05,2374.05,Net Banking,5,0
ORD006947,CUST0858,Lucknow,2024-10-28,Clothing,Sneakers,3,2499,0.2,5997.6,Credit Card,5,0
ORD006948,CUST1300,Kolkata,2023-05-14,Books,Business Strategy,2,599,0.2,958.4,Cash on Delivery,4,0
ORD006949,CUST0192,Delhi,2023-07-22,Sports,Gym Gloves,4,399,0.15,1356.6,Debit Card,2,0
ORD006950,CUST1182,Chennai,2024-01-18,Clothing,Cotton T-Shirt,4,499,0.05,1896.2,Net Banking,5,0
ORD006951,CUST1030,Mumbai,2024-04-03,Sports,Yoga Mat,1,799,0.15,679.15,Net Banking,2,0
ORD006952,CUST0187,Jaipur,2024-05-21,Beauty,Face Serum,1,999,0.2,799.2,UPI,3,0
ORD006953,CUST1061,Chennai,2023-01-23,Electronics,Phone Charger,3,599,0.0,1797.0,Debit Card,4,0
ORD006954,CUST0672,Lucknow,2023-09-21,Clothing,Sneakers,4,2499,0.2,7996.8,Cash on Delivery,4,0
ORD006955,CUST1426,Ahmedabad,2023-05-24,Books,Business Strategy,4,599,0.0,2396.0,UPI,5,0
ORD006956,CUST0227,Kolkata,2024-05-26,Electronics,USB Hub,2,899,0.0,1798.0,UPI,5,0
ORD006957,CUST0999,Chennai,2023-06-10,Electronics,Wireless Earbuds,4,2499,0.0,9996.0,Cash on Delivery,4,0
ORD006958,CUST0552,Bangalore,2024-01-03,Groceries,Olive Oil,4,799,0.0,3196.0,Cash on Delivery,4,0
ORD006959,CUST1441,Ahmedabad,2023-09-24,Home & Kitchen,Storage Box,2,299,0.0,598.0,UPI,5,0
ORD006960,CUST0492,Lucknow,2023-08-22,Groceries,Olive Oil,2,799,0.2,1278.4,Net Banking,2,0
ORD006961,CUST1448,Mumbai,2023-09-10,Groceries,Olive Oil,1,799,0.15,679.15,Debit Card,5,0
ORD006962,CUST1357,Jaipur,2023-10-13,Sports,Water Jug,4,599,0.15,2036.6,UPI,4,0
ORD006963,CUST0412,Bangalore,2024-12-20,Clothing,Denim Jeans,2,1299,0.1,2338.2,Net Banking,4,0
ORD006964,CUST1206,Delhi,2024-10-20,Sports,Water Jug,4,599,0.15,2036.6,Credit Card,5,0
ORD006965,CUST1492,Kolkata,2023-09-26,Groceries,Protein Bar Pack,4,699,0.0,2796.0,Net Banking,5,0
ORD006966,CUST0391,Pune,2024-06-06,Books,Business Strategy,4,599,0.0,2396.0,UPI,4,0
ORD006967,CUST0662,Bangalore,2024-04-06,Electronics,Webcam,1,2199,0.05,2089.05,Credit Card,5,0
ORD006968,CUST0792,Bangalore,2023-10-26,Electronics,Wireless Earbuds,4,2499,0.1,8996.4,Debit Card,4,0
ORD006969,CUST0447,Pune,2024-08-06,Sports,Gym Gloves,2,399,0.1,718.2,Net Banking,4,0
ORD006970,CUST0029,Bangalore,2023-05-12,Books,Business Strategy,2,599,0.0,1198.0,Net Banking,4,0
ORD006971,CUST0338,Ahmedabad,2024-04-26,Groceries,Green Tea,3,299,0.1,807.3,Credit Card,5,0
ORD006972,CUST0428,Chennai,2024-08-29,Beauty,Sunscreen SPF50,3,499,0.1,1347.3,UPI,2,1
ORD006973,CUST0676,Delhi,2024-06-25,Home & Kitchen,Coffee Mug,1,249,0.0,249.0,Debit Card,5,0
ORD006974,CUST0262,Bangalore,2023-04-30,Groceries,Mixed Nuts,4,599,0.0,2396.0,Debit Card,5,0
ORD006975,CUST1318,Lucknow,2023-02-27,Groceries,Olive Oil,3,799,0.0,2397.0,Net Banking,5,0
ORD006976,CUST1080,Jaipur,2024-10-29,Books,Python Programming,1,699,0.05,664.05,Debit Card,4,0
ORD006977,CUST0138,Ahmedabad,2023-11-27,Sports,Running Shoes,3,3499,0.0,10497.0,Cash on Delivery,5,0
ORD006978,CUST1007,Ahmedabad,2023-01-22,Books,Business Strategy,3,599,0.1,1617.3,Debit Card,5,0
ORD006979,CUST1012,Jaipur,2023-06-17,Books,Python Programming,2,699,0.1,1258.2,Credit Card,2,1
ORD006980,CUST1441,Ahmedabad,2023-06-05,Clothing,Sneakers,3,2499,0.15,6372.45,Cash on Delivery,3,0
ORD006981,CUST0003,Chennai,2024-05-22,Electronics,USB Hub,3,899,0.0,2697.0,Cash on Delivery,5,0
ORD006982,CUST0386,Bangalore,2024-04-11,Sports,Resistance Bands,4,499,0.15,1696.6,Credit Card,2,1
ORD006983,CUST1397,Mumbai,2023-01-21,Home & Kitchen,Air Fryer,3,3999,0.15,10197.45,Debit Card,5,0
ORD006984,CUST1407,Hyderabad,2024-02-19,Home & Kitchen,Water Bottle,2,399,0.05,758.1,UPI,3,0
ORD006985,CUST1100,Ahmedabad,2023-12-09,Books,Data Science Guide,2,899,0.05,1708.1,Credit Card,4,0
ORD006986,CUST1156,Jaipur,2024-05-17,Beauty,Lip Balm Pack,1,199,0.0,199.0,Debit Card,2,0
ORD006987,CUST0147,Lucknow,2024-11-10,Home & Kitchen,Coffee Mug,4,249,0.05,946.2,Debit Card,4,0
ORD006988,CUST0781,Lucknow,2023-07-19,Sports,Gym Gloves,4,399,0.2,1276.8,Credit Card,4,0
ORD006989,CUST0362,Chennai,2023-10-11,Beauty,Body Lotion,3,349,0.0,1047.0,Cash on Delivery,4,0
ORD006990,CUST0273,Hyderabad,2024-08-05,Sports,Resistance Bands,3,499,0.05,1422.15,Debit Card,3,0
ORD006991,CUST1218,Delhi,2024-03-05,Home & Kitchen,Water Bottle,1,399,0.0,399.0,UPI,5,0
ORD006992,CUST0218,Hyderabad,2024-05-08,Electronics,USB Hub,3,899,0.0,2697.0,Net Banking,5,0
ORD006993,CUST0717,Ahmedabad,2024-01-05,Beauty,Body Lotion,4,349,0.0,1396.0,Debit Card,5,0
ORD006994,CUST1416,Lucknow,2024-04-01,Clothing,Denim Jeans,1,1299,0.15,1104.15,Debit Card,4,0
ORD006995,CUST0277,Lucknow,2024-05-21,Electronics,Phone Charger,3,599,0.2,1437.6,Net Banking,4,0
ORD006996,CUST1467,Jaipur,2023-04-08,Electronics,Webcam,4,2199,0.15,7476.6,Net Banking,5,0
ORD006997,CUST1488,Lucknow,2023-01-21,Groceries,Basmati Rice 5kg,2,499,0.0,998.0,Credit Card,5,0
ORD006998,CUST0842,Mumbai,2024-11-09,Clothing,Sneakers,4,2499,0.0,9996.0,Cash on Delivery,5,0
ORD006999,CUST0262,Bangalore,2023-01-06,Groceries,Green Tea,4,299,0.0,1196.0,Debit Card,4,0
ORD007000,CUST0476,Jaipur,2024-10-27,Groceries,Olive Oil,1,799,0.2,639.2,Debit Card,5,0
ORD007001,CUST0632,Pune,2023-08-09,Electronics,Webcam,1,2199,0.0,2199.0,Net Banking,5,0
ORD007002,CUST0470,Jaipur,2024-07-23,Sports,Resistance Bands,2,499,0.15,848.3,Cash on Delivery,4,0
ORD007003,CUST0427,Pune,2024-11-22,Beauty,Sunscreen SPF50,4,499,0.0,1996.0,Net Banking,5,0
ORD007004,CUST1458,Mumbai,2024-06-11,Beauty,Sunscreen SPF50,2,499,0.05,948.1,Net Banking,5,0
ORD007005,CUST0243,Chennai,2023-12-23,Groceries,Olive Oil,1,799,0.0,799.0,UPI,3,0
ORD007006,CUST1115,Ahmedabad,2024-11-03,Beauty,Sunscreen SPF50,4,499,0.0,1996.0,Cash on Delivery,1,1
ORD007007,CUST0002,Mumbai,2024-10-28,Clothing,Cotton T-Shirt,3,499,0.2,1197.6,Cash on Delivery,4,0
ORD007008,CUST0919,Ahmedabad,2023-10-04,Groceries,Basmati Rice 5kg,4,499,0.15,1696.6,Cash on Delivery,4,0
ORD007009,CUST1376,Pune,2023-09-27,Beauty,Lip Balm Pack,2,199,0.15,338.3,Cash on Delivery,5,0
ORD007010,CUST0442,Mumbai,2024-05-19,Groceries,Basmati Rice 5kg,2,499,0.2,798.4,Credit Card,4,0
ORD007011,CUST0277,Lucknow,2023-08-23,Beauty,Hair Mask,4,399,0.2,1276.8,Net Banking,5,0
ORD007012,CUST1009,Ahmedabad,2024-03-31,Sports,Running Shoes,1,3499,0.15,2974.15,Cash on Delivery,2,0
ORD007013,CUST1087,Lucknow,2023-05-02,Clothing,Formal Shirt,1,899,0.15,764.15,Debit Card,5,0
ORD007014,CUST1054,Pune,2023-05-14,Electronics,Webcam,4,2199,0.05,8356.2,Net Banking,5,0
ORD007015,CUST0479,Kolkata,2023-10-12,Groceries,Green Tea,1,299,0.0,299.0,UPI,5,0
ORD007016,CUST0391,Pune,2024-02-22,Home & Kitchen,Knife Set,1,1299,0.1,1169.1,Net Banking,5,0
ORD007017,CUST1441,Ahmedabad,2023-12-07,Books,Self Help,1,449,0.0,449.0,UPI,2,1
ORD007018,CUST1389,Lucknow,2024-02-06,Electronics,Wireless Earbuds,1,2499,0.0,2499.0,UPI,5,0
ORD007019,CUST0698,Ahmedabad,2024-01-15,Home & Kitchen,Knife Set,3,1299,0.05,3702.15,Net Banking,4,0
ORD007020,CUST1272,Lucknow,2023-05-23,Groceries,Protein Bar Pack,2,699,0.15,1188.3,Net Banking,4,0
ORD007021,CUST0685,Pune,2023-03-02,Home & Kitchen,Storage Box,1,299,0.2,239.2,Net Banking,4,0
ORD007022,CUST0632,Pune,2023-06-05,Sports,Running Shoes,1,3499,0.2,2799.2,Credit Card,4,0
ORD007023,CUST0246,Delhi,2024-12-20,Sports,Running Shoes,4,3499,0.2,11196.8,UPI,3,0
ORD007024,CUST0637,Chennai,2024-03-04,Books,Self Help,1,449,0.2,359.2,Net Banking,5,0
ORD007025,CUST0811,Ahmedabad,2024-04-18,Beauty,Hair Mask,2,399,0.2,638.4,Credit Card,4,0
ORD007026,CUST0039,Delhi,2024-07-10,Groceries,Olive Oil,3,799,0.0,2397.0,Net Banking,4,0
ORD007027,CUST0676,Delhi,2024-03-03,Books,Fiction Novel,1,299,0.15,254.15,Debit Card,3,0
ORD007028,CUST1177,Chennai,2023-12-27,Electronics,Webcam,4,2199,0.0,8796.0,Net Banking,5,0
ORD007029,CUST1045,Ahmedabad,2023-05-05,Electronics,Wireless Earbuds,4,2499,0.05,9496.2,Credit Card,4,0
ORD007030,CUST0990,Hyderabad,2023-12-06,Clothing,Sneakers,4,2499,0.0,9996.0,UPI,4,0
ORD007031,CUST1368,Delhi,2024-08-10,Electronics,Wireless Earbuds,4,2499,0.15,8496.6,Net Banking,5,0
ORD007032,CUST0034,Hyderabad,2023-07-27,Home & Kitchen,Coffee Mug,4,249,0.15,846.6,Cash on Delivery,3,0
ORD007033,CUST0844,Delhi,2024-08-04,Groceries,Protein Bar Pack,4,699,0.0,2796.0,Net Banking,5,0
ORD007034,CUST1184,Kolkata,2024-09-22,Books,Python Programming,4,699,0.0,2796.0,Credit Card,4,0
ORD007035,CUST0814,Kolkata,2024-06-07,Beauty,Sunscreen SPF50,2,499,0.1,898.2,Cash on Delivery,4,0
ORD007036,CUST0486,Jaipur,2024-04-25,Books,Self Help,3,449,0.15,1144.95,Cash on Delivery,4,0
ORD007037,CUST0219,Ahmedabad,2023-08-10,Sports,Gym Gloves,2,399,0.0,798.0,Cash on Delivery,4,0
ORD007038,CUST1338,Pune,2024-12-04,Home & Kitchen,Coffee Mug,4,249,0.1,896.4,Debit Card,4,0
ORD007039,CUST0718,Lucknow,2023-08-28,Home & Kitchen,Storage Box,2,299,0.15,508.3,Credit Card,1,0
ORD007040,CUST1327,Jaipur,2023-09-21,Sports,Water Jug,1,599,0.0,599.0,UPI,4,0
ORD007041,CUST0898,Kolkata,2023-07-19,Sports,Running Shoes,1,3499,0.0,3499.0,Debit Card,5,0
ORD007042,CUST1032,Jaipur,2024-11-04,Home & Kitchen,Knife Set,2,1299,0.15,2208.3,UPI,3,0
ORD007043,CUST1207,Hyderabad,2023-01-19,Home & Kitchen,Knife Set,1,1299,0.0,1299.0,Cash on Delivery,4,0
ORD007044,CUST1016,Pune,2024-09-15,Clothing,Formal Shirt,4,899,0.0,3596.0,Credit Card,5,0
ORD007045,CUST0576,Hyderabad,2024-03-06,Books,Data Science Guide,4,899,0.0,3596.0,Credit Card,5,0
ORD007046,CUST0781,Lucknow,2023-08-10,Sports,Running Shoes,2,3499,0.15,5948.3,UPI,5,0
ORD007047,CUST1206,Delhi,2024-07-05,Sports,Water Jug,2,599,0.05,1138.1,Debit Card,3,0
ORD007048,CUST0537,Hyderabad,2023-04-19,Electronics,Webcam,1,2199,0.0,2199.0,Credit Card,4,0
ORD007049,CUST0560,Hyderabad,2024-08-17,Books,Data Science Guide,4,899,0.2,2876.8,Credit Card,5,0
ORD007050,CUST0155,Lucknow,2024-03-18,Groceries,Protein Bar Pack,1,699,0.0,699.0,UPI,5,0
ORD007051,CUST1373,Ahmedabad,2023-12-22,Sports,Running Shoes,1,3499,0.2,2799.2,Cash on Delivery,5,0
ORD007052,CUST0147,Lucknow,2023-08-17,Electronics,USB Hub,1,899,0.1,809.1,Debit Card,5,0
ORD007053,CUST1005,Ahmedabad,2024-12-21,Home & Kitchen,Coffee Mug,1,249,0.2,199.2,Credit Card,5,0
ORD007054,CUST0613,Bangalore,2024-07-01,Sports,Resistance Bands,4,499,0.2,1596.8,Credit Card,4,0
ORD007055,CUST0592,Ahmedabad,2023-02-21,Sports,Gym Gloves,4,399,0.15,1356.6,Cash on Delivery,5,0
ORD007056,CUST1045,Ahmedabad,2023-03-24,Electronics,USB Hub,3,899,0.2,2157.6,Net Banking,4,0
ORD007057,CUST0113,Ahmedabad,2024-05-03,Beauty,Lip Balm Pack,1,199,0.0,199.0,Debit Card,5,0
ORD007058,CUST0918,Kolkata,2023-01-03,Beauty,Body Lotion,3,349,0.0,1047.0,Net Banking,4,0
ORD007059,CUST1164,Chennai,2024-06-15,Electronics,Webcam,1,2199,0.0,2199.0,UPI,5,0
ORD007060,CUST1241,Hyderabad,2023-01-12,Sports,Resistance Bands,3,499,0.15,1272.45,Net Banking,4,0
ORD007061,CUST0262,Bangalore,2024-05-10,Home & Kitchen,Coffee Mug,3,249,0.15,634.95,Credit Card,3,0
ORD007062,CUST1352,Bangalore,2023-03-27,Electronics,Phone Charger,1,599,0.0,599.0,Cash on Delivery,4,0
ORD007063,CUST1013,Jaipur,2023-12-22,Beauty,Lip Balm Pack,1,199,0.05,189.05,Cash on Delivery,4,0
ORD007064,CUST1332,Kolkata,2023-11-14,Home & Kitchen,Water Bottle,2,399,0.15,678.3,Net Banking,5,0
ORD007065,CUST0739,Hyderabad,2023-10-04,Home & Kitchen,Storage Box,1,299,0.1,269.1,UPI,4,0
ORD007066,CUST0815,Ahmedabad,2024-01-07,Beauty,Body Lotion,2,349,0.0,698.0,Credit Card,2,0
ORD007067,CUST1383,Kolkata,2023-08-06,Electronics,Phone Charger,4,599,0.0,2396.0,Cash on Delivery,4,0
ORD007068,CUST1356,Jaipur,2024-05-12,Beauty,Sunscreen SPF50,2,499,0.05,948.1,Net Banking,5,0
ORD007069,CUST0680,Chennai,2023-11-10,Electronics,Webcam,3,2199,0.1,5937.3,Debit Card,5,0
ORD007070,CUST0415,Mumbai,2024-09-23,Home & Kitchen,Coffee Mug,2,249,0.0,498.0,UPI,5,0
ORD007071,CUST0572,Bangalore,2024-12-11,Books,Business Strategy,3,599,0.0,1797.0,Cash on Delivery,4,0
ORD007072,CUST0560,Hyderabad,2024-06-19,Beauty,Sunscreen SPF50,1,499,0.0,499.0,Credit Card,5,0
ORD007073,CUST0438,Chennai,2024-02-20,Electronics,USB Hub,3,899,0.05,2562.15,Credit Card,5,0
ORD007074,CUST0409,Kolkata,2024-09-29,Books,Business Strategy,1,599,0.0,599.0,UPI,4,0
ORD007075,CUST1304,Ahmedabad,2024-04-26,Groceries,Olive Oil,2,799,0.0,1598.0,Cash on Delivery,4,0
ORD007076,CUST0116,Delhi,2023-05-01,Beauty,Sunscreen SPF50,4,499,0.0,1996.0,Debit Card,4,0
ORD007077,CUST1042,Kolkata,2023-08-14,Beauty,Hair Mask,2,399,0.15,678.3,Debit Card,3,0
ORD007078,CUST0265,Kolkata,2023-07-29,Groceries,Olive Oil,1,799,0.15,679.15,Net Banking,4,0
ORD007079,CUST0509,Chennai,2024-03-23,Beauty,Body Lotion,4,349,0.0,1396.0,Credit Card,3,0
ORD007080,CUST0102,Jaipur,2023-01-20,Home & Kitchen,Water Bottle,2,399,0.0,798.0,UPI,1,0
ORD007081,CUST0412,Bangalore,2024-06-14,Beauty,Hair Mask,1,399,0.0,399.0,UPI,3,0
ORD007082,CUST1159,Jaipur,2024-01-24,Electronics,Laptop Stand,2,1299,0.1,2338.2,UPI,3,0
ORD007083,CUST1335,Kolkata,2023-07-13,Sports,Water Jug,2,599,0.1,1078.2,Net Banking,5,0
ORD007084,CUST0344,Jaipur,2024-10-17,Electronics,Laptop Stand,2,1299,0.15,2208.3,Cash on Delivery,4,0
ORD007085,CUST0711,Pune,2024-06-20,Home & Kitchen,Water Bottle,4,399,0.0,1596.0,Debit Card,2,1
ORD007086,CUST0718,Lucknow,2023-07-27,Beauty,Sunscreen SPF50,4,499,0.0,1996.0,Credit Card,5,0
ORD007087,CUST1318,Lucknow,2023-01-21,Home & Kitchen,Knife Set,3,1299,0.2,3117.6,Debit Card,2,1
ORD007088,CUST1153,Bangalore,2023-08-09,Books,Self Help,1,449,0.2,359.2,Credit Card,5,0
ORD007089,CUST0780,Jaipur,2023-12-12,Beauty,Hair Mask,4,399,0.05,1516.2,Cash on Delivery,5,0
ORD007090,CUST1028,Bangalore,2024-05-14,Sports,Water Jug,2,599,0.15,1018.3,Net Banking,3,0
ORD007091,CUST1273,Pune,2024-06-21,Sports,Gym Gloves,4,399,0.0,1596.0,UPI,2,0
ORD007092,CUST0013,Mumbai,2024-08-20,Clothing,Jacket,2,2999,0.1,5398.2,Credit Card,4,0
ORD007093,CUST0582,Ahmedabad,2023-08-17,Beauty,Sunscreen SPF50,2,499,0.15,848.3,Cash on Delivery,5,0
ORD007094,CUST1365,Lucknow,2024-01-08,Home & Kitchen,Storage Box,4,299,0.15,1016.6,Net Banking,5,0
ORD007095,CUST1123,Chennai,2023-10-23,Beauty,Lip Balm Pack,3,199,0.2,477.6,Debit Card,4,0
ORD007096,CUST0815,Ahmedabad,2023-06-23,Books,Business Strategy,4,599,0.0,2396.0,Cash on Delivery,3,0
ORD007097,CUST0803,Chennai,2024-02-22,Books,Data Science Guide,3,899,0.2,2157.6,UPI,5,0
ORD007098,CUST0513,Mumbai,2023-08-03,Beauty,Sunscreen SPF50,4,499,0.0,1996.0,Net Banking,4,0
ORD007099,CUST0792,Bangalore,2024-03-18,Electronics,Webcam,4,2199,0.0,8796.0,Debit Card,4,0
ORD007100,CUST1013,Jaipur,2023-03-18,Sports,Gym Gloves,3,399,0.0,1197.0,Cash on Delivery,2,1
ORD007101,CUST0620,Mumbai,2023-05-25,Clothing,Jacket,2,2999,0.1,5398.2,Cash on Delivery,2,1
ORD007102,CUST1089,Lucknow,2024-12-11,Sports,Water Jug,1,599,0.0,599.0,Cash on Delivery,3,0
ORD007103,CUST1304,Ahmedabad,2023-02-28,Groceries,Protein Bar Pack,1,699,0.2,559.2,Debit Card,4,0
ORD007104,CUST0243,Chennai,2024-09-04,Books,Python Programming,3,699,0.05,1992.15,Net Banking,4,0
ORD007105,CUST0685,Pune,2024-08-18,Clothing,Formal Shirt,1,899,0.15,764.15,UPI,4,0
ORD007106,CUST0596,Kolkata,2023-06-22,Electronics,Phone Charger,2,599,0.0,1198.0,Cash on Delivery,4,0
ORD007107,CUST1053,Kolkata,2024-07-15,Sports,Gym Gloves,1,399,0.15,339.15,Cash on Delivery,5,0
ORD007108,CUST0389,Mumbai,2023-01-04,Home & Kitchen,Air Fryer,1,3999,0.0,3999.0,UPI,4,0
ORD007109,CUST0997,Pune,2024-02-14,Sports,Resistance Bands,2,499,0.15,848.3,Net Banking,1,0
ORD007110,CUST1325,Delhi,2024-11-09,Sports,Yoga Mat,3,799,0.1,2157.3,UPI,4,0
ORD007111,CUST0619,Lucknow,2024-05-14,Beauty,Hair Mask,2,399,0.2,638.4,Credit Card,3,0
ORD007112,CUST1370,Jaipur,2024-12-28,Beauty,Sunscreen SPF50,2,499,0.05,948.1,Net Banking,4,0
ORD007113,CUST1483,Delhi,2024-07-26,Beauty,Lip Balm Pack,2,199,0.2,318.4,Debit Card,5,0
ORD007114,CUST0175,Bangalore,2024-05-31,Beauty,Face Serum,1,999,0.15,849.15,Cash on Delivery,2,1
ORD007115,CUST0365,Kolkata,2024-08-28,Groceries,Olive Oil,1,799,0.2,639.2,Cash on Delivery,5,0
ORD007116,CUST1430,Ahmedabad,2023-09-25,Home & Kitchen,Storage Box,4,299,0.1,1076.4,Cash on Delivery,3,0
ORD007117,CUST1444,Mumbai,2024-06-22,Electronics,Webcam,1,2199,0.0,2199.0,Net Banking,5,0
ORD007118,CUST0158,Mumbai,2023-04-04,Groceries,Protein Bar Pack,2,699,0.1,1258.2,Debit Card,5,0
ORD007119,CUST0029,Bangalore,2024-01-01,Electronics,Wireless Earbuds,2,2499,0.05,4748.1,Net Banking,5,0
ORD007120,CUST0249,Delhi,2023-02-28,Groceries,Protein Bar Pack,1,699,0.0,699.0,Debit Card,3,0
ORD007121,CUST1495,Kolkata,2024-06-24,Electronics,Phone Charger,1,599,0.05,569.05,Credit Card,3,0
ORD007122,CUST0272,Bangalore,2023-05-24,Groceries,Olive Oil,2,799,0.2,1278.4,UPI,4,0
ORD007123,CUST0766,Chennai,2023-03-23,Sports,Gym Gloves,1,399,0.2,319.2,Cash on Delivery,4,0
ORD007124,CUST1278,Bangalore,2023-08-12,Beauty,Sunscreen SPF50,1,499,0.05,474.05,Net Banking,1,1
ORD007125,CUST0036,Delhi,2024-02-10,Groceries,Olive Oil,4,799,0.0,3196.0,Cash on Delivery,3,0
ORD007126,CUST0933,Jaipur,2023-04-10,Electronics,Wireless Earbuds,3,2499,0.0,7497.0,Credit Card,5,0
ORD007127,CUST0421,Chennai,2024-11-05,Beauty,Face Serum,4,999,0.1,3596.4,UPI,5,0
ORD007128,CUST1306,Delhi,2024-10-14,Electronics,Phone Charger,4,599,0.2,1916.8,Debit Card,3,0
ORD007129,CUST0432,Jaipur,2024-11-09,Sports,Yoga Mat,1,799,0.0,799.0,Credit Card,4,0
ORD007130,CUST1053,Kolkata,2024-09-03,Clothing,Cotton T-Shirt,1,499,0.2,399.2,Credit Card,4,0
ORD007131,CUST1032,Jaipur,2024-02-01,Beauty,Hair Mask,4,399,0.1,1436.4,Debit Card,3,0
ORD007132,CUST0344,Jaipur,2024-05-22,Beauty,Lip Balm Pack,1,199,0.05,189.05,Net Banking,3,0
ORD007133,CUST0055,Hyderabad,2023-02-19,Clothing,Cotton T-Shirt,3,499,0.0,1497.0,Cash on Delivery,5,0
ORD007134,CUST0603,Hyderabad,2023-07-29,Sports,Yoga Mat,4,799,0.15,2716.6,UPI,5,0
ORD007135,CUST0442,Mumbai,2023-01-28,Clothing,Denim Jeans,2,1299,0.0,2598.0,Net Banking,3,0
ORD007136,CUST1214,Kolkata,2023-11-30,Books,Data Science Guide,4,899,0.0,3596.0,Credit Card,5,0
ORD007137,CUST1199,Delhi,2023-05-03,Groceries,Green Tea,3,299,0.05,852.15,Credit Card,4,0
ORD007138,CUST0698,Ahmedabad,2023-07-31,Groceries,Basmati Rice 5kg,3,499,0.0,1497.0,Debit Card,4,0
ORD007139,CUST0933,Jaipur,2023-07-27,Electronics,Webcam,4,2199,0.05,8356.2,Cash on Delivery,2,0
ORD007140,CUST0932,Kolkata,2024-05-04,Beauty,Sunscreen SPF50,3,499,0.0,1497.0,Debit Card,4,0
ORD007141,CUST1241,Hyderabad,2023-12-12,Groceries,Green Tea,4,299,0.05,1136.2,Cash on Delivery,4,0
ORD007142,CUST0632,Pune,2024-11-07,Electronics,Phone Charger,4,599,0.0,2396.0,UPI,5,0
ORD007143,CUST0419,Ahmedabad,2024-09-11,Home & Kitchen,Storage Box,2,299,0.0,598.0,UPI,3,0
ORD007144,CUST0404,Bangalore,2023-01-12,Beauty,Body Lotion,1,349,0.15,296.65,Credit Card,1,0
ORD007145,CUST0809,Mumbai,2024-01-05,Home & Kitchen,Water Bottle,4,399,0.05,1516.2,Net Banking,2,0
ORD007146,CUST0681,Lucknow,2024-02-05,Sports,Resistance Bands,1,499,0.0,499.0,Credit Card,4,0
ORD007147,CUST0672,Lucknow,2024-10-10,Clothing,Jacket,3,2999,0.2,7197.6,UPI,5,0
ORD007148,CUST0147,Lucknow,2023-10-22,Beauty,Hair Mask,3,399,0.05,1137.15,Credit Card,5,0
ORD007149,CUST1093,Bangalore,2024-10-23,Electronics,Webcam,1,2199,0.2,1759.2,Credit Card,5,0
ORD007150,CUST0326,Delhi,2023-04-08,Clothing,Denim Jeans,2,1299,0.0,2598.0,UPI,4,0
ORD007151,CUST0299,Hyderabad,2023-01-17,Electronics,Webcam,1,2199,0.05,2089.05,Credit Card,5,0
ORD007152,CUST0613,Bangalore,2024-04-12,Beauty,Lip Balm Pack,3,199,0.0,597.0,Credit Card,5,0
ORD007153,CUST0356,Hyderabad,2024-04-17,Books,Fiction Novel,2,299,0.05,568.1,UPI,4,0
ORD007154,CUST0895,Delhi,2023-04-07,Beauty,Face Serum,3,999,0.05,2847.15,Debit Card,5,0
ORD007155,CUST0536,Jaipur,2024-09-10,Books,Data Science Guide,3,899,0.0,2697.0,UPI,5,0
ORD007156,CUST0681,Lucknow,2023-06-18,Home & Kitchen,Coffee Mug,4,249,0.2,796.8,UPI,1,0
ORD007157,CUST0811,Ahmedabad,2023-01-31,Beauty,Body Lotion,4,349,0.0,1396.0,Net Banking,5,0
ORD007158,CUST0309,Pune,2024-05-14,Beauty,Hair Mask,2,399,0.0,798.0,UPI,4,0
ORD007159,CUST0246,Delhi,2023-05-27,Electronics,USB Hub,3,899,0.2,2157.6,Net Banking,5,0
ORD007160,CUST1330,Ahmedabad,2023-12-12,Electronics,Webcam,4,2199,0.0,8796.0,UPI,4,0
ORD007161,CUST0654,Bangalore,2023-01-16,Groceries,Green Tea,3,299,0.0,897.0,Credit Card,5,0
ORD007162,CUST0612,Ahmedabad,2024-08-19,Electronics,Phone Charger,1,599,0.05,569.05,Net Banking,4,0
ORD007163,CUST0056,Delhi,2023-05-19,Clothing,Formal Shirt,4,899,0.0,3596.0,Debit Card,5,0
ORD007164,CUST0758,Jaipur,2024-10-06,Sports,Running Shoes,2,3499,0.05,6648.1,Cash on Delivery,3,0
ORD007165,CUST0839,Chennai,2023-11-28,Electronics,Webcam,2,2199,0.0,4398.0,UPI,2,0
ORD007166,CUST0848,Delhi,2023-02-12,Books,Self Help,3,449,0.05,1279.65,Debit Card,3,0
ORD007167,CUST1081,Kolkata,2023-04-26,Home & Kitchen,Air Fryer,4,3999,0.0,15996.0,Net Banking,4,0
ORD007168,CUST0270,Jaipur,2023-06-23,Electronics,Phone Charger,2,599,0.0,1198.0,Debit Card,4,0
ORD007169,CUST0391,Pune,2023-04-06,Books,Python Programming,2,699,0.0,1398.0,Debit Card,4,0
ORD007170,CUST1218,Delhi,2023-12-21,Clothing,Jacket,1,2999,0.1,2699.1,Credit Card,4,0
ORD007171,CUST1428,Ahmedabad,2023-02-02,Home & Kitchen,Storage Box,3,299,0.15,762.45,Debit Card,3,0
ORD007172,CUST0219,Ahmedabad,2024-07-16,Home & Kitchen,Coffee Mug,1,249,0.0,249.0,Debit Card,4,0
ORD007173,CUST0758,Jaipur,2024-09-20,Sports,Yoga Mat,4,799,0.0,3196.0,Cash on Delivery,4,0
ORD007174,CUST0326,Delhi,2024-07-10,Books,Self Help,1,449,0.0,449.0,Cash on Delivery,3,0
ORD007175,CUST0096,Kolkata,2023-05-20,Home & Kitchen,Storage Box,4,299,0.0,1196.0,Net Banking,5,0
ORD007176,CUST0486,Jaipur,2024-02-23,Groceries,Protein Bar Pack,3,699,0.15,1782.45,Net Banking,5,0
ORD007177,CUST0229,Mumbai,2023-12-31,Home & Kitchen,Storage Box,4,299,0.1,1076.4,UPI,4,0
ORD007178,CUST1085,Bangalore,2023-03-01,Electronics,Webcam,3,2199,0.0,6597.0,Credit Card,5,0
ORD007179,CUST0807,Pune,2024-08-10,Books,Business Strategy,2,599,0.2,958.4,Debit Card,4,0
ORD007180,CUST0230,Delhi,2024-08-15,Groceries,Protein Bar Pack,1,699,0.1,629.1,Cash on Delivery,5,0
ORD007181,CUST0012,Mumbai,2024-06-17,Home & Kitchen,Air Fryer,1,3999,0.0,3999.0,UPI,4,0
ORD007182,CUST1214,Kolkata,2024-06-25,Beauty,Face Serum,3,999,0.0,2997.0,Debit Card,5,0
ORD007183,CUST0267,Ahmedabad,2023-09-10,Groceries,Mixed Nuts,2,599,0.0,1198.0,Cash on Delivery,3,0
ORD007184,CUST0933,Jaipur,2024-07-31,Beauty,Lip Balm Pack,3,199,0.2,477.6,Credit Card,3,0
ORD007185,CUST0501,Bangalore,2023-12-24,Beauty,Body Lotion,1,349,0.2,279.2,Debit Card,3,0
ORD007186,CUST0898,Kolkata,2023-12-13,Beauty,Body Lotion,1,349,0.2,279.2,Net Banking,3,0
ORD007187,CUST0476,Jaipur,2024-11-17,Home & Kitchen,Water Bottle,1,399,0.15,339.15,Credit Card,4,0
ORD007188,CUST0140,Chennai,2023-04-18,Clothing,Jacket,3,2999,0.0,8997.0,Net Banking,5,0
ORD007189,CUST0347,Bangalore,2024-12-06,Home & Kitchen,Knife Set,2,1299,0.15,2208.3,Cash on Delivery,5,0
ORD007190,CUST0280,Pune,2023-01-14,Beauty,Face Serum,1,999,0.0,999.0,Credit Card,5,0
ORD007191,CUST0646,Mumbai,2023-12-29,Sports,Water Jug,1,599,0.1,539.1,UPI,5,0
ORD007192,CUST1016,Pune,2023-10-12,Beauty,Hair Mask,3,399,0.15,1017.45,Credit Card,1,0
ORD007193,CUST0404,Bangalore,2024-03-20,Groceries,Olive Oil,4,799,0.2,2556.8,Cash on Delivery,4,0
ORD007194,CUST0021,Hyderabad,2024-12-09,Books,Business Strategy,2,599,0.0,1198.0,UPI,5,0
ORD007195,CUST0790,Mumbai,2024-03-10,Books,Business Strategy,4,599,0.05,2276.2,Cash on Delivery,5,0
ORD007196,CUST0933,Jaipur,2024-01-22,Home & Kitchen,Coffee Mug,2,249,0.1,448.2,Net Banking,3,0
ORD007197,CUST1449,Mumbai,2023-06-21,Clothing,Denim Jeans,4,1299,0.0,5196.0,Debit Card,5,0
ORD007198,CUST0907,Mumbai,2024-10-11,Home & Kitchen,Air Fryer,2,3999,0.15,6798.3,Cash on Delivery,5,0
ORD007199,CUST0718,Lucknow,2024-02-20,Books,Python Programming,3,699,0.05,1992.15,Credit Card,5,0
ORD007200,CUST0873,Jaipur,2023-07-15,Groceries,Basmati Rice 5kg,2,499,0.0,998.0,Cash on Delivery,1,0
ORD007201,CUST1397,Mumbai,2024-06-03,Books,Data Science Guide,2,899,0.1,1618.2,Cash on Delivery,4,0
ORD007202,CUST1241,Hyderabad,2024-10-04,Electronics,Laptop Stand,1,1299,0.0,1299.0,Credit Card,3,0
ORD007203,CUST0484,Chennai,2023-10-02,Home & Kitchen,Air Fryer,2,3999,0.15,6798.3,Debit Card,3,0
ORD007204,CUST0368,Mumbai,2024-11-08,Home & Kitchen,Water Bottle,4,399,0.0,1596.0,Debit Card,4,0
ORD007205,CUST0402,Hyderabad,2023-03-19,Sports,Yoga Mat,1,799,0.0,799.0,UPI,4,0
ORD007206,CUST0768,Hyderabad,2023-12-19,Clothing,Formal Shirt,1,899,0.0,899.0,Net Banking,5,0
ORD007207,CUST1126,Chennai,2024-07-29,Books,Python Programming,4,699,0.15,2376.6,Credit Card,3,0
ORD007208,CUST0767,Chennai,2024-01-26,Electronics,Wireless Earbuds,3,2499,0.05,7122.15,Debit Card,5,0
ORD007209,CUST0114,Delhi,2024-04-17,Electronics,Laptop Stand,2,1299,0.0,2598.0,Debit Card,4,0
ORD007210,CUST1103,Bangalore,2023-10-15,Books,Business Strategy,3,599,0.0,1797.0,UPI,5,0
ORD007211,CUST1210,Kolkata,2023-07-18,Groceries,Protein Bar Pack,3,699,0.05,1992.15,Net Banking,2,1
ORD007212,CUST0442,Mumbai,2023-06-30,Sports,Gym Gloves,3,399,0.1,1077.3,Debit Card,4,0
ORD007213,CUST1023,Mumbai,2024-10-24,Home & Kitchen,Air Fryer,1,3999,0.1,3599.1,Cash on Delivery,4,0
ORD007214,CUST0637,Chennai,2023-05-08,Groceries,Olive Oil,2,799,0.0,1598.0,UPI,4,0
ORD007215,CUST1343,Bangalore,2024-01-18,Home & Kitchen,Coffee Mug,1,249,0.05,236.55,Credit Card,5,0
ORD007216,CUST1272,Lucknow,2023-09-28,Sports,Gym Gloves,1,399,0.15,339.15,Cash on Delivery,5,0
ORD007217,CUST0798,Bangalore,2024-11-18,Books,Fiction Novel,1,299,0.2,239.2,UPI,3,0
ORD007218,CUST1057,Mumbai,2023-03-09,Home & Kitchen,Water Bottle,2,399,0.05,758.1,UPI,4,0
ORD007219,CUST1334,Ahmedabad,2024-07-12,Books,Self Help,1,449,0.2,359.2,Net Banking,4,0
ORD007220,CUST0756,Ahmedabad,2024-07-31,Beauty,Sunscreen SPF50,1,499,0.0,499.0,Credit Card,3,0
ORD007221,CUST0474,Kolkata,2023-05-17,Sports,Yoga Mat,2,799,0.05,1518.1,Cash on Delivery,5,0
ORD007222,CUST1146,Lucknow,2023-12-14,Books,Data Science Guide,1,899,0.0,899.0,Cash on Delivery,1,1
ORD007223,CUST0338,Ahmedabad,2023-04-25,Beauty,Sunscreen SPF50,3,499,0.1,1347.3,Net Banking,5,0
ORD007224,CUST0561,Chennai,2024-08-17,Groceries,Protein Bar Pack,4,699,0.0,2796.0,Net Banking,3,0
ORD007225,CUST1308,Lucknow,2023-04-09,Clothing,Jacket,4,2999,0.1,10796.4,Debit Card,4,0
ORD007226,CUST1103,Bangalore,2023-06-15,Books,Self Help,2,449,0.15,763.3,Cash on Delivery,5,0
ORD007227,CUST0583,Kolkata,2023-12-20,Electronics,Webcam,1,2199,0.0,2199.0,Cash on Delivery,5,0
ORD007228,CUST0326,Delhi,2023-06-29,Clothing,Formal Shirt,2,899,0.0,1798.0,Net Banking,3,0
ORD007229,CUST0523,Kolkata,2024-10-29,Home & Kitchen,Air Fryer,4,3999,0.0,15996.0,Cash on Delivery,4,0
ORD007230,CUST0433,Kolkata,2024-06-17,Groceries,Basmati Rice 5kg,4,499,0.2,1596.8,Credit Card,4,0
ORD007231,CUST0267,Ahmedabad,2024-09-04,Clothing,Jacket,4,2999,0.0,11996.0,Net Banking,5,0
ORD007232,CUST1125,Kolkata,2024-06-05,Clothing,Sneakers,3,2499,0.1,6747.3,Credit Card,2,1
ORD007233,CUST0391,Pune,2024-05-07,Clothing,Jacket,1,2999,0.05,2849.05,Debit Card,4,0
ORD007234,CUST0689,Delhi,2024-09-16,Sports,Gym Gloves,2,399,0.05,758.1,Cash on Delivery,5,0
ORD007235,CUST0555,Chennai,2024-08-03,Books,Fiction Novel,3,299,0.15,762.45,Credit Card,4,0
ORD007236,CUST1470,Kolkata,2023-07-08,Beauty,Body Lotion,2,349,0.2,558.4,Cash on Delivery,5,0
ORD007237,CUST0569,Jaipur,2023-12-23,Electronics,USB Hub,4,899,0.1,3236.4,UPI,4,0
ORD007238,CUST0128,Jaipur,2023-06-28,Clothing,Sneakers,2,2499,0.0,4998.0,UPI,2,1
ORD007239,CUST0141,Jaipur,2024-11-26,Beauty,Body Lotion,4,349,0.0,1396.0,Net Banking,3,0
ORD007240,CUST0911,Bangalore,2024-12-12,Beauty,Sunscreen SPF50,2,499,0.0,998.0,Cash on Delivery,4,0
ORD007241,CUST0923,Kolkata,2024-05-18,Electronics,Wireless Earbuds,3,2499,0.05,7122.15,Credit Card,2,1
ORD007242,CUST0620,Mumbai,2023-10-29,Beauty,Sunscreen SPF50,1,499,0.0,499.0,Debit Card,4,0
ORD007243,CUST0649,Hyderabad,2024-03-05,Electronics,Webcam,2,2199,0.2,3518.4,Cash on Delivery,3,0
ORD007244,CUST0089,Chennai,2023-07-10,Home & Kitchen,Storage Box,3,299,0.05,852.15,Net Banking,4,0
ORD007245,CUST0786,Hyderabad,2023-03-13,Sports,Gym Gloves,4,399,0.15,1356.6,Debit Card,4,0
ORD007246,CUST0768,Hyderabad,2024-02-22,Beauty,Sunscreen SPF50,4,499,0.05,1896.2,Debit Card,1,0
ORD007247,CUST0241,Kolkata,2023-09-03,Sports,Running Shoes,1,3499,0.15,2974.15,Cash on Delivery,4,0
ORD007248,CUST0170,Jaipur,2024-01-04,Beauty,Body Lotion,1,349,0.05,331.55,UPI,5,0
ORD007249,CUST0198,Lucknow,2023-08-13,Electronics,Laptop Stand,3,1299,0.15,3312.45,Net Banking,5,0
ORD007250,CUST0163,Mumbai,2024-01-16,Home & Kitchen,Water Bottle,2,399,0.05,758.1,Credit Card,4,0
ORD007251,CUST0941,Kolkata,2023-08-15,Beauty,Body Lotion,3,349,0.0,1047.0,Net Banking,4,0
ORD007252,CUST0299,Hyderabad,2023-05-22,Home & Kitchen,Knife Set,3,1299,0.1,3507.3,UPI,5,0
ORD007253,CUST0391,Pune,2023-03-17,Groceries,Green Tea,2,299,0.05,568.1,Cash on Delivery,4,0
ORD007254,CUST0265,Kolkata,2023-11-16,Books,Data Science Guide,4,899,0.0,3596.0,Cash on Delivery,4,0
ORD007255,CUST1443,Chennai,2023-10-16,Clothing,Denim Jeans,4,1299,0.0,5196.0,UPI,3,0
ORD007256,CUST1293,Mumbai,2024-02-04,Groceries,Basmati Rice 5kg,2,499,0.0,998.0,Credit Card,4,0
ORD007257,CUST0360,Jaipur,2024-06-13,Clothing,Cotton T-Shirt,4,499,0.2,1596.8,UPI,3,0
ORD007258,CUST0489,Chennai,2023-04-22,Beauty,Body Lotion,1,349,0.05,331.55,Debit Card,5,0
ORD007259,CUST0322,Ahmedabad,2023-06-15,Home & Kitchen,Knife Set,2,1299,0.2,2078.4,Credit Card,4,0
ORD007260,CUST0749,Chennai,2023-08-08,Clothing,Jacket,1,2999,0.0,2999.0,Credit Card,4,0
ORD007261,CUST0035,Pune,2024-07-16,Books,Data Science Guide,4,899,0.1,3236.4,Cash on Delivery,5,0
ORD007262,CUST1028,Bangalore,2023-05-04,Books,Self Help,3,449,0.0,1347.0,Credit Card,1,0
ORD007263,CUST0796,Jaipur,2024-05-22,Sports,Gym Gloves,4,399,0.0,1596.0,Cash on Delivery,5,0
ORD007264,CUST1354,Mumbai,2023-03-23,Clothing,Jacket,2,2999,0.15,5098.3,Cash on Delivery,4,0
ORD007265,CUST0253,Delhi,2024-04-27,Groceries,Basmati Rice 5kg,2,499,0.15,848.3,Cash on Delivery,5,0
ORD007266,CUST1207,Hyderabad,2023-03-09,Groceries,Olive Oil,3,799,0.0,2397.0,Net Banking,5,0
ORD007267,CUST1190,Lucknow,2023-11-24,Groceries,Protein Bar Pack,3,699,0.0,2097.0,Cash on Delivery,4,0
ORD007268,CUST0201,Delhi,2023-03-14,Home & Kitchen,Water Bottle,2,399,0.1,718.2,Net Banking,5,0
ORD007269,CUST0576,Hyderabad,2023-03-02,Books,Python Programming,3,699,0.05,1992.15,UPI,5,0
ORD007270,CUST0262,Bangalore,2024-10-02,Groceries,Protein Bar Pack,2,699,0.1,1258.2,UPI,5,0
ORD007271,CUST0394,Hyderabad,2023-01-30,Electronics,Wireless Earbuds,4,2499,0.0,9996.0,Net Banking,5,0
ORD007272,CUST0403,Bangalore,2024-11-21,Beauty,Face Serum,4,999,0.2,3196.8,UPI,5,0
ORD007273,CUST0844,Delhi,2024-02-20,Clothing,Cotton T-Shirt,4,499,0.05,1896.2,UPI,1,0
ORD007274,CUST0612,Ahmedabad,2024-04-19,Groceries,Mixed Nuts,4,599,0.1,2156.4,Credit Card,5,0
ORD007275,CUST1428,Ahmedabad,2023-08-24,Sports,Yoga Mat,3,799,0.0,2397.0,Net Banking,5,0
ORD007276,CUST0200,Mumbai,2024-04-14,Beauty,Body Lotion,4,349,0.0,1396.0,UPI,4,0
ORD007277,CUST1462,Bangalore,2024-07-23,Groceries,Protein Bar Pack,1,699,0.05,664.05,Debit Card,3,0
ORD007278,CUST0360,Jaipur,2023-08-30,Home & Kitchen,Air Fryer,3,3999,0.0,11997.0,Cash on Delivery,5,0
ORD007279,CUST1166,Delhi,2024-02-14,Clothing,Formal Shirt,4,899,0.1,3236.4,Credit Card,4,0
ORD007280,CUST0504,Jaipur,2023-11-24,Sports,Yoga Mat,4,799,0.2,2556.8,Credit Card,4,0
ORD007281,CUST0229,Mumbai,2023-01-21,Groceries,Basmati Rice 5kg,3,499,0.15,1272.45,Debit Card,3,0
ORD007282,CUST1300,Kolkata,2023-12-08,Groceries,Green Tea,4,299,0.0,1196.0,Net Banking,3,0
ORD007283,CUST0470,Jaipur,2024-04-05,Electronics,Webcam,2,2199,0.2,3518.4,Debit Card,5,0
ORD007284,CUST1016,Pune,2024-09-07,Clothing,Jacket,2,2999,0.0,5998.0,UPI,5,0
ORD007285,CUST0861,Mumbai,2023-06-17,Groceries,Olive Oil,1,799,0.15,679.15,Debit Card,3,0
ORD007286,CUST0720,Kolkata,2024-03-26,Groceries,Mixed Nuts,3,599,0.2,1437.6,Cash on Delivery,5,0
ORD007287,CUST0756,Ahmedabad,2023-12-17,Electronics,Wireless Earbuds,4,2499,0.0,9996.0,Cash on Delivery,4,0
ORD007288,CUST1111,Ahmedabad,2024-01-26,Home & Kitchen,Water Bottle,2,399,0.0,798.0,Net Banking,5,0
ORD007289,CUST0140,Chennai,2024-12-15,Groceries,Protein Bar Pack,2,699,0.05,1328.1,Credit Card,2,0
ORD007290,CUST1025,Ahmedabad,2023-08-30,Beauty,Face Serum,3,999,0.0,2997.0,Net Banking,4,0
ORD007291,CUST1351,Pune,2024-01-05,Home & Kitchen,Knife Set,4,1299,0.1,4676.4,Debit Card,5,0
ORD007292,CUST0093,Pune,2024-09-07,Books,Data Science Guide,2,899,0.0,1798.0,Debit Card,4,0
ORD007293,CUST0227,Kolkata,2023-11-18,Home & Kitchen,Air Fryer,4,3999,0.05,15196.2,Net Banking,4,0
ORD007294,CUST1091,Ahmedabad,2024-09-11,Sports,Yoga Mat,2,799,0.0,1598.0,UPI,4,0
ORD007295,CUST0662,Bangalore,2024-12-22,Books,Python Programming,2,699,0.1,1258.2,UPI,5,0
ORD007296,CUST0582,Ahmedabad,2024-08-25,Groceries,Olive Oil,2,799,0.05,1518.1,Cash on Delivery,4,0
ORD007297,CUST0220,Kolkata,2024-02-02,Groceries,Basmati Rice 5kg,2,499,0.15,848.3,UPI,4,0
ORD007298,CUST0770,Hyderabad,2024-06-02,Beauty,Body Lotion,4,349,0.2,1116.8,Cash on Delivery,5,0
ORD007299,CUST0200,Mumbai,2024-05-05,Home & Kitchen,Coffee Mug,1,249,0.1,224.1,Debit Card,4,0
ORD007300,CUST0726,Ahmedabad,2024-07-06,Sports,Yoga Mat,3,799,0.0,2397.0,UPI,5,0
ORD007301,CUST1154,Hyderabad,2023-02-24,Sports,Yoga Mat,3,799,0.1,2157.3,UPI,5,0
ORD007302,CUST0397,Pune,2024-04-14,Groceries,Protein Bar Pack,3,699,0.0,2097.0,UPI,2,1
ORD007303,CUST0733,Chennai,2024-07-28,Groceries,Mixed Nuts,2,599,0.05,1138.1,Credit Card,4,0
ORD007304,CUST1481,Kolkata,2024-10-26,Sports,Running Shoes,3,3499,0.05,9972.15,Net Banking,3,0
ORD007305,CUST1053,Kolkata,2023-04-03,Groceries,Basmati Rice 5kg,4,499,0.0,1996.0,Debit Card,5,0
ORD007306,CUST1262,Bangalore,2023-01-08,Sports,Yoga Mat,3,799,0.05,2277.15,Cash on Delivery,4,0
ORD007307,CUST0616,Mumbai,2023-11-18,Clothing,Jacket,1,2999,0.0,2999.0,Cash on Delivery,4,0
ORD007308,CUST1159,Jaipur,2024-10-29,Sports,Yoga Mat,1,799,0.1,719.1,Cash on Delivery,5,0
ORD007309,CUST0068,Pune,2024-04-25,Home & Kitchen,Knife Set,4,1299,0.0,5196.0,Credit Card,4,0
ORD007310,CUST0198,Lucknow,2024-09-07,Clothing,Jacket,2,2999,0.2,4798.4,UPI,5,0
ORD007311,CUST0309,Pune,2023-11-08,Home & Kitchen,Knife Set,4,1299,0.15,4416.6,Net Banking,5,0
ORD007312,CUST0582,Ahmedabad,2024-05-05,Beauty,Sunscreen SPF50,1,499,0.2,399.2,Credit Card,5,0
ORD007313,CUST1272,Lucknow,2024-02-21,Sports,Water Jug,2,599,0.05,1138.1,Cash on Delivery,5,0
ORD007314,CUST0511,Hyderabad,2023-08-20,Home & Kitchen,Air Fryer,4,3999,0.0,15996.0,Net Banking,5,0
ORD007315,CUST1013,Jaipur,2023-01-11,Clothing,Jacket,1,2999,0.0,2999.0,Debit Card,5,0
ORD007316,CUST1084,Bangalore,2024-12-02,Books,Self Help,2,449,0.0,898.0,Cash on Delivery,5,0
ORD007317,CUST0904,Hyderabad,2023-09-16,Home & Kitchen,Storage Box,1,299,0.1,269.1,UPI,4,0
ORD007318,CUST0523,Kolkata,2023-02-01,Beauty,Hair Mask,4,399,0.05,1516.2,Debit Card,5,0
ORD007319,CUST0885,Ahmedabad,2023-09-12,Home & Kitchen,Storage Box,3,299,0.2,717.6,Cash on Delivery,5,0
ORD007320,CUST0508,Hyderabad,2023-05-16,Books,Business Strategy,3,599,0.0,1797.0,Net Banking,3,0
ORD007321,CUST0135,Chennai,2024-10-29,Home & Kitchen,Water Bottle,1,399,0.1,359.1,Debit Card,2,1
ORD007322,CUST1481,Kolkata,2024-06-03,Beauty,Body Lotion,2,349,0.0,698.0,Credit Card,3,0
ORD007323,CUST0201,Delhi,2023-01-20,Electronics,Webcam,2,2199,0.2,3518.4,Net Banking,4,0
ORD007324,CUST0117,Bangalore,2023-12-30,Groceries,Basmati Rice 5kg,3,499,0.15,1272.45,Net Banking,4,0
ORD007325,CUST1328,Hyderabad,2023-03-23,Sports,Water Jug,1,599,0.0,599.0,Debit Card,5,0
ORD007326,CUST0458,Mumbai,2023-11-04,Clothing,Cotton T-Shirt,3,499,0.0,1497.0,Credit Card,1,1
ORD007327,CUST1008,Jaipur,2024-12-07,Groceries,Protein Bar Pack,3,699,0.1,1887.3,Debit Card,4,0
ORD007328,CUST0490,Hyderabad,2023-04-06,Home & Kitchen,Knife Set,4,1299,0.2,4156.8,Debit Card,5,0
ORD007329,CUST0569,Jaipur,2023-09-05,Home & Kitchen,Knife Set,2,1299,0.2,2078.4,UPI,4,0
ORD007330,CUST0402,Hyderabad,2023-01-21,Home & Kitchen,Coffee Mug,3,249,0.0,747.0,UPI,3,0
ORD007331,CUST0508,Hyderabad,2024-01-23,Groceries,Mixed Nuts,4,599,0.05,2276.2,Debit Card,3,0
ORD007332,CUST0610,Kolkata,2024-02-29,Sports,Running Shoes,1,3499,0.15,2974.15,Credit Card,4,0
ORD007333,CUST1099,Mumbai,2024-10-13,Clothing,Cotton T-Shirt,3,499,0.0,1497.0,Net Banking,5,0
ORD007334,CUST0779,Lucknow,2023-05-24,Clothing,Denim Jeans,4,1299,0.0,5196.0,Net Banking,4,0
ORD007335,CUST1425,Chennai,2023-03-07,Groceries,Mixed Nuts,3,599,0.05,1707.15,Credit Card,3,0
ORD007336,CUST0070,Hyderabad,2024-02-26,Clothing,Jacket,3,2999,0.15,7647.45,Debit Card,4,0
ORD007337,CUST0767,Chennai,2023-02-23,Home & Kitchen,Storage Box,3,299,0.15,762.45,Cash on Delivery,2,0
ORD007338,CUST0898,Kolkata,2024-11-26,Sports,Resistance Bands,1,499,0.0,499.0,UPI,4,0
ORD007339,CUST1383,Kolkata,2023-07-04,Clothing,Formal Shirt,3,899,0.2,2157.6,Net Banking,4,0
ORD007340,CUST0079,Kolkata,2024-10-24,Clothing,Jacket,4,2999,0.2,9596.8,Cash on Delivery,1,0
ORD007341,CUST0873,Jaipur,2024-04-10,Electronics,Phone Charger,3,599,0.15,1527.45,Credit Card,5,0
ORD007342,CUST1286,Jaipur,2024-11-19,Clothing,Formal Shirt,1,899,0.05,854.05,Credit Card,4,0
ORD007343,CUST0379,Delhi,2024-12-16,Sports,Running Shoes,1,3499,0.0,3499.0,Debit Card,5,0
ORD007344,CUST1325,Delhi,2023-12-21,Books,Business Strategy,1,599,0.2,479.2,UPI,5,0
ORD007345,CUST0035,Pune,2023-12-26,Beauty,Hair Mask,4,399,0.15,1356.6,Cash on Delivery,2,1
ORD007346,CUST1111,Ahmedabad,2024-10-01,Electronics,Laptop Stand,1,1299,0.0,1299.0,UPI,5,0
ORD007347,CUST1407,Hyderabad,2024-10-16,Beauty,Body Lotion,4,349,0.0,1396.0,UPI,4,0
ORD007348,CUST1015,Ahmedabad,2023-11-20,Clothing,Cotton T-Shirt,2,499,0.0,998.0,Net Banking,4,0
ORD007349,CUST0663,Lucknow,2023-05-11,Groceries,Olive Oil,3,799,0.0,2397.0,UPI,4,0
ORD007350,CUST0074,Bangalore,2023-06-18,Groceries,Basmati Rice 5kg,1,499,0.1,449.1,Debit Card,5,0
ORD007351,CUST1383,Kolkata,2024-04-28,Electronics,Webcam,3,2199,0.0,6597.0,Debit Card,4,0
ORD007352,CUST0718,Lucknow,2023-01-28,Electronics,USB Hub,2,899,0.1,1618.2,Debit Card,5,0
ORD007353,CUST0051,Chennai,2024-09-29,Beauty,Hair Mask,2,399,0.0,798.0,Net Banking,3,0
ORD007354,CUST1055,Ahmedabad,2024-01-09,Clothing,Cotton T-Shirt,3,499,0.15,1272.45,UPI,5,0
ORD007355,CUST0735,Mumbai,2023-06-01,Books,Business Strategy,4,599,0.2,1916.8,UPI,5,0
ORD007356,CUST0199,Hyderabad,2023-12-20,Sports,Water Jug,3,599,0.05,1707.15,Net Banking,5,0
ORD007357,CUST0326,Delhi,2023-09-06,Sports,Resistance Bands,2,499,0.1,898.2,UPI,5,0
ORD007358,CUST0108,Kolkata,2024-11-29,Clothing,Cotton T-Shirt,1,499,0.1,449.1,Cash on Delivery,4,0
ORD007359,CUST0877,Bangalore,2024-03-31,Sports,Gym Gloves,3,399,0.2,957.6,Cash on Delivery,4,0
ORD007360,CUST0960,Ahmedabad,2024-08-02,Clothing,Jacket,1,2999,0.15,2549.15,Debit Card,4,0
ORD007361,CUST0768,Hyderabad,2024-04-01,Books,Fiction Novel,2,299,0.1,538.2,Credit Card,4,0
ORD007362,CUST1226,Ahmedabad,2024-01-06,Books,Python Programming,4,699,0.2,2236.8,Cash on Delivery,5,0
ORD007363,CUST1304,Ahmedabad,2024-10-12,Beauty,Body Lotion,3,349,0.05,994.65,Credit Card,5,0
ORD007364,CUST0949,Jaipur,2024-03-05,Beauty,Lip Balm Pack,3,199,0.0,597.0,UPI,3,0
ORD007365,CUST0024,Hyderabad,2023-08-03,Books,Self Help,4,449,0.0,1796.0,Net Banking,5,0
ORD007366,CUST1061,Chennai,2024-06-16,Electronics,Webcam,4,2199,0.0,8796.0,UPI,4,0
ORD007367,CUST0619,Lucknow,2023-05-16,Electronics,Webcam,1,2199,0.15,1869.15,Debit Card,2,1
ORD007368,CUST0859,Ahmedabad,2024-08-22,Electronics,USB Hub,4,899,0.2,2876.8,Net Banking,5,0
ORD007369,CUST1006,Bangalore,2024-02-13,Groceries,Olive Oil,1,799,0.15,679.15,Cash on Delivery,5,0
ORD007370,CUST0514,Mumbai,2024-09-20,Groceries,Protein Bar Pack,4,699,0.0,2796.0,Debit Card,3,0
ORD007371,CUST1377,Jaipur,2024-11-29,Groceries,Mixed Nuts,3,599,0.0,1797.0,Credit Card,4,0
ORD007372,CUST0215,Lucknow,2024-10-30,Sports,Water Jug,1,599,0.1,539.1,Credit Card,5,0
ORD007373,CUST1028,Bangalore,2023-07-20,Electronics,Wireless Earbuds,2,2499,0.0,4998.0,Net Banking,5,0
ORD007374,CUST0008,Jaipur,2024-02-09,Clothing,Jacket,1,2999,0.15,2549.15,UPI,5,0
ORD007375,CUST1389,Lucknow,2024-02-06,Clothing,Sneakers,1,2499,0.15,2124.15,Net Banking,4,0
ORD007376,CUST0184,Kolkata,2024-05-15,Groceries,Protein Bar Pack,1,699,0.0,699.0,Debit Card,5,0
ORD007377,CUST0155,Lucknow,2024-03-06,Groceries,Olive Oil,4,799,0.0,3196.0,Credit Card,4,0
ORD007378,CUST0499,Jaipur,2023-07-17,Sports,Resistance Bands,1,499,0.15,424.15,Net Banking,1,1
ORD007379,CUST0537,Hyderabad,2023-04-03,Electronics,Webcam,2,2199,0.0,4398.0,Cash on Delivery,4,0
ORD007380,CUST0326,Delhi,2023-03-13,Electronics,Wireless Earbuds,4,2499,0.0,9996.0,Net Banking,5,0
ORD007381,CUST0898,Kolkata,2024-07-17,Home & Kitchen,Storage Box,2,299,0.0,598.0,UPI,4,0
ORD007382,CUST0676,Delhi,2024-02-12,Clothing,Jacket,2,2999,0.0,5998.0,Debit Card,4,0
ORD007383,CUST0054,Lucknow,2023-09-16,Clothing,Formal Shirt,4,899,0.2,2876.8,Net Banking,5,0
ORD007384,CUST0479,Kolkata,2024-02-07,Electronics,Wireless Earbuds,4,2499,0.0,9996.0,Debit Card,2,0
ORD007385,CUST1218,Delhi,2023-09-19,Home & Kitchen,Knife Set,2,1299,0.0,2598.0,Credit Card,3,0
ORD007386,CUST1055,Ahmedabad,2024-09-14,Electronics,Wireless Earbuds,4,2499,0.0,9996.0,Net Banking,1,0
ORD007387,CUST1104,Delhi,2023-04-18,Sports,Gym Gloves,1,399,0.15,339.15,Net Banking,5,0
ORD007388,CUST1063,Delhi,2024-04-21,Electronics,USB Hub,4,899,0.0,3596.0,Net Banking,5,0
ORD007389,CUST0472,Kolkata,2024-01-09,Books,Business Strategy,3,599,0.05,1707.15,Credit Card,4,0
ORD007390,CUST0160,Pune,2024-04-17,Clothing,Denim Jeans,4,1299,0.15,4416.6,UPI,5,0
ORD007391,CUST0413,Delhi,2024-05-15,Books,Fiction Novel,3,299,0.2,717.6,Credit Card,5,0
ORD007392,CUST1244,Mumbai,2024-05-09,Beauty,Face Serum,2,999,0.15,1698.3,Cash on Delivery,4,0
ORD007393,CUST1469,Delhi,2023-08-11,Books,Self Help,3,449,0.0,1347.0,Cash on Delivery,5,0
ORD007394,CUST0752,Hyderabad,2023-08-08,Electronics,USB Hub,3,899,0.2,2157.6,Debit Card,3,0
ORD007395,CUST0013,Mumbai,2024-04-19,Electronics,USB Hub,2,899,0.0,1798.0,Credit Card,5,0
ORD007396,CUST0227,Kolkata,2024-04-24,Electronics,Phone Charger,4,599,0.2,1916.8,UPI,4,0
ORD007397,CUST0482,Lucknow,2024-12-26,Home & Kitchen,Storage Box,2,299,0.2,478.4,Net Banking,5,0
ORD007398,CUST0887,Ahmedabad,2023-08-04,Beauty,Hair Mask,1,399,0.05,379.05,UPI,4,0
ORD007399,CUST0121,Delhi,2023-05-25,Electronics,Wireless Earbuds,4,2499,0.2,7996.8,Debit Card,5,0
ORD007400,CUST1425,Chennai,2023-06-17,Electronics,Phone Charger,3,599,0.1,1617.3,Debit Card,3,0
ORD007401,CUST0532,Bangalore,2023-01-30,Home & Kitchen,Water Bottle,2,399,0.2,638.4,Credit Card,4,0
ORD007402,CUST1371,Hyderabad,2024-12-08,Beauty,Hair Mask,1,399,0.1,359.1,Net Banking,4,0
ORD007403,CUST1177,Chennai,2024-01-12,Books,Python Programming,1,699,0.0,699.0,UPI,4,0
ORD007404,CUST1147,Pune,2023-11-23,Groceries,Olive Oil,1,799,0.05,759.05,Net Banking,5,0
ORD007405,CUST0934,Mumbai,2023-05-17,Home & Kitchen,Water Bottle,1,399,0.0,399.0,Net Banking,4,0
ORD007406,CUST0972,Delhi,2024-06-27,Sports,Yoga Mat,1,799,0.1,719.1,Net Banking,5,0
ORD007407,CUST0992,Jaipur,2023-05-12,Home & Kitchen,Knife Set,2,1299,0.0,2598.0,Debit Card,3,0
ORD007408,CUST0973,Hyderabad,2024-10-31,Home & Kitchen,Knife Set,2,1299,0.2,2078.4,Credit Card,4,0
ORD007409,CUST0837,Lucknow,2024-06-30,Electronics,Laptop Stand,1,1299,0.05,1234.05,Net Banking,4,0
ORD007410,CUST1475,Delhi,2023-10-25,Groceries,Protein Bar Pack,3,699,0.0,2097.0,Debit Card,4,0
ORD007411,CUST1111,Ahmedabad,2024-07-16,Groceries,Green Tea,3,299,0.05,852.15,Debit Card,4,0
ORD007412,CUST1172,Jaipur,2023-12-18,Books,Self Help,3,449,0.0,1347.0,Net Banking,3,0
ORD007413,CUST1316,Pune,2024-05-08,Home & Kitchen,Knife Set,4,1299,0.15,4416.6,Debit Card,5,0
ORD007414,CUST0328,Hyderabad,2024-02-02,Books,Fiction Novel,3,299,0.0,897.0,Net Banking,5,0
ORD007415,CUST0135,Chennai,2024-10-28,Electronics,Phone Charger,2,599,0.15,1018.3,Net Banking,4,0
ORD007416,CUST0736,Jaipur,2024-11-23,Books,Python Programming,1,699,0.0,699.0,Cash on Delivery,5,0
ORD007417,CUST0781,Lucknow,2024-10-23,Groceries,Basmati Rice 5kg,4,499,0.2,1596.8,UPI,5,0
ORD007418,CUST1242,Lucknow,2024-11-14,Books,Python Programming,4,699,0.15,2376.6,Debit Card,5,0
ORD007419,CUST0676,Delhi,2023-11-11,Clothing,Denim Jeans,1,1299,0.15,1104.15,Net Banking,4,0
ORD007420,CUST0870,Hyderabad,2024-12-19,Clothing,Formal Shirt,4,899,0.0,3596.0,Cash on Delivery,3,0
ORD007421,CUST0800,Delhi,2024-06-01,Books,Business Strategy,2,599,0.0,1198.0,Credit Card,5,0
ORD007422,CUST0063,Kolkata,2023-07-09,Home & Kitchen,Water Bottle,1,399,0.05,379.05,Cash on Delivery,4,0
ORD007423,CUST0949,Jaipur,2023-02-24,Electronics,USB Hub,4,899,0.05,3416.2,Debit Card,5,0
ORD007424,CUST1241,Hyderabad,2023-03-27,Electronics,Webcam,1,2199,0.0,2199.0,Debit Card,5,0
ORD007425,CUST0248,Jaipur,2024-08-04,Groceries,Olive Oil,3,799,0.2,1917.6,Debit Card,4,0
ORD007426,CUST0918,Kolkata,2024-06-18,Groceries,Protein Bar Pack,1,699,0.15,594.15,Cash on Delivery,4,0
ORD007427,CUST0918,Kolkata,2023-05-29,Books,Data Science Guide,3,899,0.05,2562.15,UPI,4,0
ORD007428,CUST0253,Delhi,2023-05-28,Electronics,Laptop Stand,4,1299,0.05,4936.2,Cash on Delivery,3,0
ORD007429,CUST0198,Lucknow,2024-09-24,Home & Kitchen,Storage Box,2,299,0.0,598.0,Net Banking,4,0
ORD007430,CUST1469,Delhi,2024-02-05,Groceries,Olive Oil,2,799,0.0,1598.0,UPI,4,0
ORD007431,CUST0572,Bangalore,2024-10-15,Sports,Water Jug,1,599,0.1,539.1,UPI,3,0
ORD007432,CUST0356,Hyderabad,2024-12-27,Electronics,Laptop Stand,2,1299,0.1,2338.2,Cash on Delivery,4,0
ORD007433,CUST0262,Bangalore,2023-06-08,Groceries,Mixed Nuts,3,599,0.1,1617.3,Net Banking,4,0
ORD007434,CUST1025,Ahmedabad,2023-07-11,Home & Kitchen,Water Bottle,2,399,0.0,798.0,Credit Card,4,0
ORD007435,CUST0940,Delhi,2024-02-17,Clothing,Jacket,4,2999,0.05,11396.2,Credit Card,4,0
ORD007436,CUST1000,Mumbai,2023-09-16,Groceries,Basmati Rice 5kg,4,499,0.2,1596.8,Net Banking,4,0
ORD007437,CUST0140,Chennai,2023-05-13,Home & Kitchen,Storage Box,2,299,0.2,478.4,Cash on Delivery,4,0
ORD007438,CUST1349,Kolkata,2023-04-28,Home & Kitchen,Coffee Mug,3,249,0.2,597.6,Debit Card,4,0
ORD007439,CUST0562,Ahmedabad,2024-04-17,Electronics,Laptop Stand,3,1299,0.0,3897.0,UPI,3,0
ORD007440,CUST0474,Kolkata,2023-09-24,Books,Data Science Guide,3,899,0.0,2697.0,Credit Card,5,0
ORD007441,CUST0709,Lucknow,2023-01-24,Books,Business Strategy,1,599,0.15,509.15,Net Banking,4,0
ORD007442,CUST0566,Chennai,2024-03-01,Groceries,Mixed Nuts,1,599,0.05,569.05,Cash on Delivery,4,0
ORD007443,CUST1306,Delhi,2023-08-20,Home & Kitchen,Coffee Mug,3,249,0.0,747.0,Debit Card,4,0
ORD007444,CUST1400,Lucknow,2023-02-17,Electronics,Phone Charger,4,599,0.05,2276.2,Debit Card,4,0
ORD007445,CUST0463,Kolkata,2023-06-30,Clothing,Formal Shirt,3,899,0.1,2427.3,Debit Card,5,0
ORD007446,CUST1307,Pune,2024-07-08,Groceries,Mixed Nuts,2,599,0.0,1198.0,Net Banking,4,0
ORD007447,CUST1177,Chennai,2023-09-12,Beauty,Face Serum,2,999,0.0,1998.0,Net Banking,4,0
ORD007448,CUST1405,Delhi,2023-04-20,Home & Kitchen,Storage Box,3,299,0.05,852.15,Credit Card,5,0
ORD007449,CUST0384,Lucknow,2024-10-31,Electronics,Webcam,1,2199,0.0,2199.0,Net Banking,3,0
ORD007450,CUST0885,Ahmedabad,2023-06-23,Beauty,Sunscreen SPF50,1,499,0.15,424.15,Cash on Delivery,5,0
ORD007451,CUST0416,Ahmedabad,2023-09-14,Beauty,Sunscreen SPF50,3,499,0.1,1347.3,Credit Card,4,0
ORD007452,CUST1237,Hyderabad,2024-05-01,Books,Python Programming,2,699,0.05,1328.1,Net Banking,2,0
ORD007453,CUST0008,Jaipur,2024-10-24,Books,Python Programming,3,699,0.05,1992.15,UPI,4,0
ORD007454,CUST0855,Mumbai,2024-08-27,Clothing,Jacket,1,2999,0.2,2399.2,Net Banking,3,0
ORD007455,CUST0505,Lucknow,2023-09-16,Groceries,Mixed Nuts,4,599,0.1,2156.4,Debit Card,1,0
ORD007456,CUST0484,Chennai,2024-08-02,Electronics,Webcam,2,2199,0.0,4398.0,Net Banking,5,0
ORD007457,CUST1003,Lucknow,2024-07-23,Groceries,Basmati Rice 5kg,4,499,0.0,1996.0,Credit Card,5,0
ORD007458,CUST1281,Delhi,2024-03-06,Clothing,Jacket,2,2999,0.05,5698.1,Debit Card,4,0
ORD007459,CUST0940,Delhi,2024-04-08,Beauty,Lip Balm Pack,3,199,0.1,537.3,Cash on Delivery,5,0
ORD007460,CUST1283,Ahmedabad,2024-01-30,Electronics,Phone Charger,2,599,0.1,1078.2,Debit Card,4,0
ORD007461,CUST0404,Bangalore,2023-01-09,Home & Kitchen,Air Fryer,1,3999,0.1,3599.1,Cash on Delivery,4,0
ORD007462,CUST0790,Mumbai,2024-12-16,Electronics,Wireless Earbuds,1,2499,0.0,2499.0,Credit Card,4,0
ORD007463,CUST0684,Mumbai,2023-06-07,Groceries,Olive Oil,4,799,0.1,2876.4,Net Banking,4,0
ORD007464,CUST0019,Mumbai,2023-06-14,Beauty,Body Lotion,4,349,0.15,1186.6,Debit Card,5,0
ORD007465,CUST0844,Delhi,2023-03-14,Electronics,Phone Charger,1,599,0.05,569.05,Credit Card,2,0
ORD007466,CUST1019,Lucknow,2023-07-29,Beauty,Lip Balm Pack,2,199,0.0,398.0,Cash on Delivery,5,0
ORD007467,CUST0914,Ahmedabad,2023-04-26,Home & Kitchen,Knife Set,4,1299,0.0,5196.0,Credit Card,4,0
ORD007468,CUST1121,Lucknow,2023-01-03,Groceries,Basmati Rice 5kg,1,499,0.05,474.05,Debit Card,5,0
ORD007469,CUST0870,Hyderabad,2024-12-12,Home & Kitchen,Water Bottle,2,399,0.2,638.4,Debit Card,4,0
ORD007470,CUST0113,Ahmedabad,2023-12-07,Books,Fiction Novel,4,299,0.0,1196.0,Debit Card,4,0
ORD007471,CUST0189,Delhi,2024-02-04,Groceries,Green Tea,2,299,0.15,508.3,Cash on Delivery,4,0
ORD007472,CUST0921,Ahmedabad,2024-11-01,Beauty,Body Lotion,4,349,0.15,1186.6,UPI,4,0
ORD007473,CUST0418,Hyderabad,2024-09-16,Groceries,Green Tea,1,299,0.0,299.0,Debit Card,3,0
ORD007474,CUST0127,Chennai,2024-06-21,Clothing,Formal Shirt,3,899,0.2,2157.6,Net Banking,4,0
ORD007475,CUST0647,Mumbai,2024-02-14,Beauty,Sunscreen SPF50,2,499,0.0,998.0,Cash on Delivery,5,0
ORD007476,CUST0839,Chennai,2023-03-25,Beauty,Body Lotion,1,349,0.05,331.55,Credit Card,5,0
ORD007477,CUST0490,Hyderabad,2023-08-01,Groceries,Mixed Nuts,4,599,0.0,2396.0,Cash on Delivery,1,0
ORD007478,CUST1099,Mumbai,2024-08-22,Home & Kitchen,Air Fryer,3,3999,0.15,10197.45,Credit Card,5,0
ORD007479,CUST1000,Mumbai,2024-03-14,Beauty,Body Lotion,3,349,0.0,1047.0,UPI,4,0
ORD007480,CUST0499,Jaipur,2024-04-20,Books,Data Science Guide,1,899,0.0,899.0,Cash on Delivery,4,0
ORD007481,CUST1147,Pune,2023-09-27,Sports,Yoga Mat,3,799,0.0,2397.0,Credit Card,5,0
ORD007482,CUST1006,Bangalore,2024-10-03,Beauty,Face Serum,1,999,0.05,949.05,UPI,3,0
ORD007483,CUST0991,Lucknow,2024-05-10,Groceries,Green Tea,3,299,0.1,807.3,UPI,4,0
ORD007484,CUST0837,Lucknow,2023-07-08,Electronics,Wireless Earbuds,2,2499,0.05,4748.1,Cash on Delivery,4,0
ORD007485,CUST0018,Lucknow,2024-11-03,Home & Kitchen,Storage Box,1,299,0.05,284.05,Credit Card,3,0
ORD007486,CUST1062,Hyderabad,2024-04-12,Beauty,Face Serum,1,999,0.0,999.0,Credit Card,5,0
ORD007487,CUST0541,Ahmedabad,2023-08-04,Sports,Water Jug,3,599,0.2,1437.6,UPI,5,0
ORD007488,CUST1425,Chennai,2024-09-23,Home & Kitchen,Storage Box,2,299,0.15,508.3,UPI,3,0
ORD007489,CUST1229,Pune,2023-01-26,Beauty,Hair Mask,4,399,0.1,1436.4,Cash on Delivery,5,0
ORD007490,CUST0906,Lucknow,2023-04-17,Groceries,Protein Bar Pack,1,699,0.0,699.0,Cash on Delivery,4,0
ORD007491,CUST0391,Pune,2023-06-06,Electronics,Phone Charger,2,599,0.05,1138.1,Debit Card,4,0
ORD007492,CUST0309,Pune,2024-05-10,Groceries,Green Tea,3,299,0.2,717.6,Credit Card,5,0
ORD007493,CUST0507,Delhi,2024-12-10,Clothing,Formal Shirt,1,899,0.1,809.1,Net Banking,2,0
ORD007494,CUST0726,Ahmedabad,2024-03-11,Clothing,Formal Shirt,3,899,0.2,2157.6,Net Banking,2,0
ORD007495,CUST0447,Pune,2023-10-22,Books,Self Help,2,449,0.2,718.4,Net Banking,4,0
ORD007496,CUST0784,Hyderabad,2023-02-25,Groceries,Protein Bar Pack,4,699,0.0,2796.0,Cash on Delivery,5,0
ORD007497,CUST0256,Kolkata,2024-11-16,Clothing,Formal Shirt,4,899,0.0,3596.0,Credit Card,4,0
ORD007498,CUST1467,Jaipur,2024-12-08,Sports,Yoga Mat,1,799,0.0,799.0,Debit Card,5,0
ORD007499,CUST0179,Kolkata,2024-11-22,Groceries,Protein Bar Pack,3,699,0.15,1782.45,Credit Card,3,0
ORD007500,CUST1406,Jaipur,2024-11-25,Beauty,Hair Mask,2,399,0.0,798.0,Debit Card,3,0
ORD007501,CUST1373,Ahmedabad,2024-04-12,Electronics,USB Hub,4,899,0.0,3596.0,Net Banking,4,0
ORD007502,CUST0798,Bangalore,2023-12-19,Sports,Resistance Bands,4,499,0.05,1896.2,UPI,5,0
ORD007503,CUST1104,Delhi,2023-12-06,Books,Business Strategy,3,599,0.0,1797.0,Cash on Delivery,4,0
ORD007504,CUST0660,Chennai,2024-03-12,Groceries,Protein Bar Pack,3,699,0.0,2097.0,UPI,5,0
ORD007505,CUST0979,Chennai,2024-02-15,Sports,Water Jug,2,599,0.15,1018.3,Cash on Delivery,4,0
ORD007506,CUST0507,Delhi,2023-02-22,Home & Kitchen,Air Fryer,2,3999,0.0,7998.0,UPI,2,1
ORD007507,CUST0454,Hyderabad,2023-09-13,Home & Kitchen,Storage Box,3,299,0.2,717.6,Net Banking,4,0
ORD007508,CUST0887,Ahmedabad,2024-08-22,Sports,Gym Gloves,3,399,0.0,1197.0,Cash on Delivery,4,0
ORD007509,CUST0759,Pune,2023-10-21,Groceries,Mixed Nuts,4,599,0.0,2396.0,UPI,5,0
ORD007510,CUST0891,Jaipur,2024-01-30,Groceries,Basmati Rice 5kg,3,499,0.15,1272.45,Debit Card,4,0
ORD007511,CUST0438,Chennai,2023-12-09,Home & Kitchen,Air Fryer,4,3999,0.1,14396.4,Credit Card,5,0
ORD007512,CUST0533,Jaipur,2023-05-04,Sports,Yoga Mat,4,799,0.15,2716.6,Net Banking,3,0
ORD007513,CUST0135,Chennai,2024-07-31,Beauty,Hair Mask,3,399,0.0,1197.0,Debit Card,4,0
ORD007514,CUST0087,Pune,2023-07-15,Sports,Gym Gloves,1,399,0.15,339.15,Debit Card,4,0
ORD007515,CUST0391,Pune,2024-04-18,Groceries,Basmati Rice 5kg,4,499,0.2,1596.8,Credit Card,5,0
ORD007516,CUST0119,Kolkata,2024-12-11,Sports,Yoga Mat,1,799,0.15,679.15,Net Banking,4,0
ORD007517,CUST0170,Jaipur,2023-09-28,Groceries,Olive Oil,4,799,0.0,3196.0,Credit Card,4,0
ORD007518,CUST1221,Kolkata,2023-06-08,Beauty,Body Lotion,3,349,0.1,942.3,UPI,4,0
ORD007519,CUST0064,Chennai,2023-09-16,Clothing,Sneakers,3,2499,0.05,7122.15,Debit Card,5,0
ORD007520,CUST1016,Pune,2024-12-14,Books,Business Strategy,4,599,0.05,2276.2,Cash on Delivery,5,0
ORD007521,CUST0413,Delhi,2024-02-05,Sports,Resistance Bands,4,499,0.0,1996.0,Credit Card,5,0
ORD007522,CUST1315,Jaipur,2024-04-15,Books,Fiction Novel,4,299,0.2,956.8,UPI,4,0
ORD007523,CUST0738,Delhi,2023-03-25,Sports,Yoga Mat,3,799,0.0,2397.0,Net Banking,5,0
ORD007524,CUST0465,Pune,2023-03-10,Books,Business Strategy,2,599,0.15,1018.3,Net Banking,5,0
ORD007525,CUST0789,Chennai,2023-01-29,Beauty,Body Lotion,1,349,0.15,296.65,Debit Card,5,0
ORD007526,CUST0552,Bangalore,2023-01-21,Books,Python Programming,2,699,0.05,1328.1,Net Banking,4,0
ORD007527,CUST0854,Bangalore,2024-06-28,Groceries,Basmati Rice 5kg,2,499,0.15,848.3,UPI,5,0
ORD007528,CUST0187,Jaipur,2024-03-28,Groceries,Green Tea,3,299,0.1,807.3,UPI,4,0
ORD007529,CUST1496,Lucknow,2023-06-24,Groceries,Green Tea,1,299,0.15,254.15,Credit Card,4,0
ORD007530,CUST0634,Kolkata,2023-09-05,Clothing,Cotton T-Shirt,4,499,0.1,1796.4,Debit Card,4,0
ORD007531,CUST0513,Mumbai,2024-08-18,Electronics,Webcam,2,2199,0.0,4398.0,Credit Card,5,0
ORD007532,CUST1085,Bangalore,2024-08-19,Clothing,Denim Jeans,3,1299,0.0,3897.0,Debit Card,5,0
ORD007533,CUST0531,Hyderabad,2023-07-05,Clothing,Formal Shirt,1,899,0.15,764.15,UPI,4,0
ORD007534,CUST1245,Pune,2024-01-28,Beauty,Lip Balm Pack,1,199,0.0,199.0,Net Banking,5,0
ORD007535,CUST0689,Delhi,2023-10-17,Groceries,Olive Oil,3,799,0.0,2397.0,Cash on Delivery,4,0
ORD007536,CUST1099,Mumbai,2024-05-22,Beauty,Lip Balm Pack,2,199,0.0,398.0,Debit Card,5,0
ORD007537,CUST0178,Lucknow,2024-10-11,Clothing,Cotton T-Shirt,4,499,0.0,1996.0,Credit Card,5,0
ORD007538,CUST1272,Lucknow,2024-01-25,Clothing,Jacket,1,2999,0.0,2999.0,Net Banking,1,0
ORD007539,CUST1118,Kolkata,2023-08-01,Home & Kitchen,Water Bottle,3,399,0.0,1197.0,Net Banking,4,0
ORD007540,CUST0325,Delhi,2023-09-09,Electronics,Phone Charger,4,599,0.0,2396.0,Net Banking,5,0
ORD007541,CUST0231,Mumbai,2023-07-03,Groceries,Basmati Rice 5kg,4,499,0.15,1696.6,Cash on Delivery,4,0
ORD007542,CUST0476,Jaipur,2023-06-25,Books,Self Help,1,449,0.2,359.2,Credit Card,4,0
ORD007543,CUST1465,Hyderabad,2024-10-17,Groceries,Basmati Rice 5kg,3,499,0.15,1272.45,Debit Card,5,0
ORD007544,CUST0396,Delhi,2024-10-27,Groceries,Basmati Rice 5kg,4,499,0.0,1996.0,Net Banking,3,0
ORD007545,CUST0694,Ahmedabad,2024-11-05,Sports,Running Shoes,1,3499,0.0,3499.0,UPI,4,0
ORD007546,CUST0052,Lucknow,2023-05-26,Clothing,Sneakers,1,2499,0.15,2124.15,Debit Card,5,0
ORD007547,CUST0576,Hyderabad,2023-06-22,Groceries,Mixed Nuts,4,599,0.0,2396.0,UPI,4,0
ORD007548,CUST0870,Hyderabad,2024-02-20,Books,Business Strategy,2,599,0.0,1198.0,Credit Card,5,0
ORD007549,CUST1434,Jaipur,2023-09-30,Clothing,Jacket,1,2999,0.0,2999.0,Cash on Delivery,4,0
ORD007550,CUST0786,Hyderabad,2024-10-11,Sports,Resistance Bands,4,499,0.0,1996.0,UPI,3,0
ORD007551,CUST1229,Pune,2024-01-19,Electronics,Webcam,4,2199,0.0,8796.0,Debit Card,4,0
ORD007552,CUST0825,Delhi,2024-02-16,Clothing,Formal Shirt,3,899,0.0,2697.0,UPI,4,0
ORD007553,CUST0068,Pune,2023-06-07,Sports,Gym Gloves,1,399,0.1,359.1,Debit Card,4,0
ORD007554,CUST0475,Chennai,2024-06-26,Sports,Gym Gloves,4,399,0.0,1596.0,Cash on Delivery,5,0
ORD007555,CUST0878,Delhi,2023-12-20,Sports,Yoga Mat,1,799,0.2,639.2,Net Banking,5,0
ORD007556,CUST1430,Ahmedabad,2023-01-04,Books,Data Science Guide,2,899,0.1,1618.2,Debit Card,4,0
ORD007557,CUST1302,Delhi,2024-11-20,Home & Kitchen,Knife Set,1,1299,0.1,1169.1,UPI,4,0
ORD007558,CUST0358,Hyderabad,2023-04-16,Groceries,Protein Bar Pack,3,699,0.0,2097.0,UPI,4,0
ORD007559,CUST0338,Ahmedabad,2024-02-06,Electronics,USB Hub,4,899,0.15,3056.6,UPI,4,0
ORD007560,CUST0306,Lucknow,2024-02-12,Sports,Gym Gloves,1,399,0.15,339.15,Net Banking,4,0
ORD007561,CUST1387,Jaipur,2024-12-29,Beauty,Body Lotion,4,349,0.2,1116.8,Debit Card,5,0
ORD007562,CUST1282,Delhi,2023-02-13,Clothing,Denim Jeans,3,1299,0.0,3897.0,Credit Card,4,0
ORD007563,CUST1167,Ahmedabad,2023-03-07,Electronics,Laptop Stand,2,1299,0.15,2208.3,Credit Card,4,0
ORD007564,CUST0571,Bangalore,2023-04-14,Beauty,Lip Balm Pack,4,199,0.2,636.8,Debit Card,5,0
ORD007565,CUST0768,Hyderabad,2023-03-22,Home & Kitchen,Water Bottle,3,399,0.1,1077.3,Credit Card,5,0
ORD007566,CUST0711,Pune,2023-02-20,Beauty,Hair Mask,2,399,0.2,638.4,Debit Card,5,0
ORD007567,CUST0391,Pune,2023-05-28,Sports,Water Jug,1,599,0.0,599.0,Cash on Delivery,4,0
ORD007568,CUST0768,Hyderabad,2023-05-15,Home & Kitchen,Air Fryer,3,3999,0.0,11997.0,UPI,5,0
ORD007569,CUST0052,Lucknow,2024-08-31,Groceries,Olive Oil,2,799,0.0,1598.0,UPI,3,0
ORD007570,CUST0212,Hyderabad,2024-12-08,Clothing,Cotton T-Shirt,2,499,0.0,998.0,Credit Card,3,0
ORD007571,CUST1335,Kolkata,2023-05-13,Electronics,Wireless Earbuds,1,2499,0.0,2499.0,Cash on Delivery,4,0
ORD007572,CUST1143,Chennai,2024-11-09,Clothing,Jacket,2,2999,0.0,5998.0,Credit Card,4,0
ORD007573,CUST0631,Ahmedabad,2023-04-09,Books,Fiction Novel,4,299,0.1,1076.4,Debit Card,5,0
ORD007574,CUST0787,Pune,2023-11-27,Groceries,Olive Oil,2,799,0.1,1438.2,Credit Card,5,0
ORD007575,CUST0535,Mumbai,2024-08-25,Books,Self Help,4,449,0.0,1796.0,Cash on Delivery,4,0
ORD007576,CUST1123,Chennai,2024-01-20,Groceries,Protein Bar Pack,4,699,0.2,2236.8,Cash on Delivery,4,0
ORD007577,CUST1181,Pune,2024-08-16,Beauty,Body Lotion,4,349,0.05,1326.2,Debit Card,5,0
ORD007578,CUST1153,Bangalore,2024-07-19,Home & Kitchen,Air Fryer,3,3999,0.0,11997.0,Net Banking,3,0
ORD007579,CUST1102,Jaipur,2023-09-09,Electronics,Webcam,1,2199,0.05,2089.05,Debit Card,5,0
ORD007580,CUST0314,Chennai,2023-07-12,Home & Kitchen,Air Fryer,2,3999,0.05,7598.1,UPI,5,0
ORD007581,CUST0504,Jaipur,2023-03-12,Home & Kitchen,Knife Set,2,1299,0.05,2468.1,Debit Card,4,0
ORD007582,CUST0718,Lucknow,2023-11-25,Home & Kitchen,Water Bottle,2,399,0.0,798.0,Cash on Delivery,5,0
ORD007583,CUST0495,Ahmedabad,2024-04-10,Sports,Water Jug,4,599,0.2,1916.8,Debit Card,3,0
ORD007584,CUST1147,Pune,2023-06-09,Books,Business Strategy,2,599,0.1,1078.2,Cash on Delivery,2,0
ORD007585,CUST0490,Hyderabad,2024-06-26,Clothing,Denim Jeans,2,1299,0.0,2598.0,Debit Card,5,0
ORD007586,CUST0221,Hyderabad,2023-11-30,Sports,Yoga Mat,2,799,0.1,1438.2,Debit Card,3,0
ORD007587,CUST0578,Kolkata,2023-05-29,Clothing,Formal Shirt,1,899,0.05,854.05,Credit Card,4,0
ORD007588,CUST1469,Delhi,2023-02-13,Beauty,Body Lotion,3,349,0.2,837.6,Credit Card,5,0
ORD007589,CUST0352,Bangalore,2023-11-15,Groceries,Mixed Nuts,1,599,0.0,599.0,Debit Card,4,0
ORD007590,CUST0944,Jaipur,2024-01-14,Clothing,Jacket,2,2999,0.0,5998.0,Credit Card,4,0
ORD007591,CUST0653,Hyderabad,2024-12-24,Sports,Gym Gloves,2,399,0.1,718.2,UPI,4,0
ORD007592,CUST0116,Delhi,2024-12-11,Electronics,USB Hub,4,899,0.0,3596.0,Debit Card,5,0
ORD007593,CUST0746,Ahmedabad,2023-12-27,Clothing,Sneakers,3,2499,0.0,7497.0,UPI,5,0
ORD007594,CUST1075,Pune,2024-06-18,Sports,Resistance Bands,2,499,0.15,848.3,Cash on Delivery,4,0
ORD007595,CUST0780,Jaipur,2024-09-16,Groceries,Green Tea,1,299,0.15,254.15,Credit Card,1,1
ORD007596,CUST1316,Pune,2024-05-08,Sports,Running Shoes,3,3499,0.1,9447.3,UPI,4,0
ORD007597,CUST0442,Mumbai,2024-05-03,Electronics,Webcam,2,2199,0.0,4398.0,Debit Card,3,0
ORD007598,CUST0140,Chennai,2024-05-08,Books,Data Science Guide,1,899,0.0,899.0,Credit Card,1,0
ORD007599,CUST1410,Ahmedabad,2023-11-02,Sports,Water Jug,3,599,0.1,1617.3,Net Banking,4,0
ORD007600,CUST0545,Pune,2024-09-26,Groceries,Protein Bar Pack,3,699,0.0,2097.0,Cash on Delivery,3,0
ORD007601,CUST0882,Lucknow,2024-01-07,Clothing,Formal Shirt,4,899,0.2,2876.8,Net Banking,2,0
ORD007602,CUST1190,Lucknow,2024-11-07,Sports,Resistance Bands,2,499,0.05,948.1,Debit Card,1,1
ORD007603,CUST0486,Jaipur,2023-04-16,Books,Business Strategy,3,599,0.15,1527.45,Credit Card,5,0
ORD007604,CUST1091,Ahmedabad,2024-02-25,Beauty,Hair Mask,3,399,0.15,1017.45,UPI,3,0
ORD007605,CUST0218,Hyderabad,2024-02-22,Electronics,Phone Charger,4,599,0.15,2036.6,Cash on Delivery,4,0
ORD007606,CUST0445,Kolkata,2023-11-17,Electronics,Webcam,3,2199,0.0,6597.0,UPI,4,0
ORD007607,CUST0231,Mumbai,2024-03-10,Home & Kitchen,Air Fryer,2,3999,0.0,7998.0,Debit Card,5,0
ORD007608,CUST1219,Ahmedabad,2023-07-23,Beauty,Hair Mask,3,399,0.2,957.6,Debit Card,5,0
ORD007609,CUST0347,Bangalore,2023-08-19,Electronics,Laptop Stand,3,1299,0.0,3897.0,Net Banking,3,0
ORD007610,CUST1092,Lucknow,2023-11-02,Books,Python Programming,3,699,0.0,2097.0,Debit Card,5,0
ORD007611,CUST1425,Chennai,2024-12-29,Home & Kitchen,Air Fryer,3,3999,0.0,11997.0,Credit Card,4,0
ORD007612,CUST0800,Delhi,2024-11-23,Electronics,Webcam,1,2199,0.0,2199.0,Net Banking,5,0
ORD007613,CUST0812,Delhi,2024-01-09,Sports,Resistance Bands,1,499,0.1,449.1,Credit Card,4,0
ORD007614,CUST0708,Kolkata,2023-06-17,Books,Data Science Guide,2,899,0.0,1798.0,Net Banking,5,0
ORD007615,CUST0489,Chennai,2024-03-24,Groceries,Green Tea,4,299,0.0,1196.0,Credit Card,4,0
ORD007616,CUST0725,Bangalore,2023-10-16,Home & Kitchen,Knife Set,4,1299,0.0,5196.0,Net Banking,3,0
ORD007617,CUST0929,Kolkata,2024-11-05,Books,Data Science Guide,1,899,0.05,854.05,Net Banking,5,0
ORD007618,CUST1473,Mumbai,2023-03-12,Sports,Yoga Mat,1,799,0.15,679.15,Credit Card,5,0
ORD007619,CUST1416,Lucknow,2023-01-10,Clothing,Formal Shirt,3,899,0.1,2427.3,Cash on Delivery,4,0
ORD007620,CUST1305,Delhi,2023-04-26,Books,Business Strategy,2,599,0.0,1198.0,Net Banking,5,0
ORD007621,CUST1343,Bangalore,2023-10-14,Groceries,Green Tea,1,299,0.0,299.0,Credit Card,4,0
ORD007622,CUST0717,Ahmedabad,2023-06-23,Beauty,Face Serum,1,999,0.05,949.05,Credit Card,5,0
ORD007623,CUST1016,Pune,2023-10-18,Books,Business Strategy,2,599,0.0,1198.0,Debit Card,4,0
ORD007624,CUST1349,Kolkata,2023-09-29,Electronics,Laptop Stand,3,1299,0.0,3897.0,Credit Card,3,0
ORD007625,CUST0571,Bangalore,2023-10-09,Electronics,Laptop Stand,1,1299,0.15,1104.15,Debit Card,5,0
ORD007626,CUST1448,Mumbai,2023-01-10,Electronics,Wireless Earbuds,3,2499,0.0,7497.0,UPI,4,0
ORD007627,CUST0616,Mumbai,2023-11-21,Books,Fiction Novel,4,299,0.1,1076.4,Net Banking,2,0
ORD007628,CUST0924,Pune,2023-04-29,Home & Kitchen,Storage Box,1,299,0.0,299.0,Debit Card,4,0
ORD007629,CUST1084,Bangalore,2023-01-22,Groceries,Basmati Rice 5kg,3,499,0.05,1422.15,Credit Card,4,0
ORD007630,CUST1430,Ahmedabad,2023-02-22,Groceries,Olive Oil,4,799,0.05,3036.2,Credit Card,5,0
ORD007631,CUST0384,Lucknow,2023-04-18,Groceries,Olive Oil,4,799,0.0,3196.0,Credit Card,5,0
ORD007632,CUST1134,Lucknow,2024-04-27,Electronics,Wireless Earbuds,4,2499,0.0,9996.0,UPI,5,0
ORD007633,CUST0793,Chennai,2023-04-25,Clothing,Formal Shirt,2,899,0.0,1798.0,Net Banking,2,1
ORD007634,CUST0409,Kolkata,2024-05-25,Groceries,Basmati Rice 5kg,3,499,0.15,1272.45,UPI,3,0
ORD007635,CUST1172,Jaipur,2024-12-16,Groceries,Olive Oil,1,799,0.2,639.2,Credit Card,2,1
ORD007636,CUST0837,Lucknow,2023-05-29,Clothing,Denim Jeans,1,1299,0.05,1234.05,Credit Card,4,0
ORD007637,CUST1019,Lucknow,2023-07-01,Sports,Running Shoes,3,3499,0.2,8397.6,Credit Card,4,0
ORD007638,CUST0484,Chennai,2023-02-05,Sports,Gym Gloves,4,399,0.15,1356.6,Net Banking,5,0
ORD007639,CUST0734,Jaipur,2023-08-24,Books,Fiction Novel,2,299,0.0,598.0,Net Banking,5,0
ORD007640,CUST0952,Ahmedabad,2024-11-01,Electronics,Wireless Earbuds,1,2499,0.1,2249.1,Debit Card,5,0
ORD007641,CUST0585,Hyderabad,2024-12-23,Beauty,Face Serum,1,999,0.2,799.2,Credit Card,5,0
ORD007642,CUST0304,Delhi,2024-10-01,Electronics,Webcam,1,2199,0.0,2199.0,Credit Card,4,0
ORD007643,CUST1448,Mumbai,2024-12-18,Beauty,Body Lotion,2,349,0.15,593.3,Debit Card,5,0
ORD007644,CUST0778,Chennai,2023-11-10,Sports,Gym Gloves,4,399,0.2,1276.8,UPI,5,0
ORD007645,CUST1116,Delhi,2023-06-03,Books,Fiction Novel,3,299,0.1,807.3,UPI,5,0
ORD007646,CUST0610,Kolkata,2023-12-05,Books,Data Science Guide,3,899,0.15,2292.45,Debit Card,5,0
ORD007647,CUST0521,Lucknow,2023-06-27,Home & Kitchen,Knife Set,3,1299,0.15,3312.45,Cash on Delivery,4,0
ORD007648,CUST0595,Chennai,2024-03-23,Books,Self Help,4,449,0.2,1436.8,Cash on Delivery,5,0
ORD007649,CUST0602,Ahmedabad,2023-03-13,Electronics,Wireless Earbuds,1,2499,0.0,2499.0,Debit Card,5,0
ORD007650,CUST0817,Lucknow,2023-10-05,Sports,Resistance Bands,4,499,0.0,1996.0,Net Banking,3,0
ORD007651,CUST0815,Ahmedabad,2024-06-13,Home & Kitchen,Knife Set,4,1299,0.1,4676.4,Net Banking,4,0
ORD007652,CUST0757,Jaipur,2024-05-20,Home & Kitchen,Knife Set,1,1299,0.0,1299.0,Debit Card,1,0
ORD007653,CUST0218,Hyderabad,2024-01-03,Groceries,Basmati Rice 5kg,2,499,0.15,848.3,Debit Card,3,0
ORD007654,CUST0756,Ahmedabad,2024-08-13,Clothing,Cotton T-Shirt,3,499,0.05,1422.15,Cash on Delivery,3,0
ORD007655,CUST0259,Hyderabad,2023-03-27,Clothing,Denim Jeans,4,1299,0.05,4936.2,Net Banking,5,0
ORD007656,CUST0200,Mumbai,2024-04-01,Books,Data Science Guide,1,899,0.0,899.0,Debit Card,5,0
ORD007657,CUST1407,Hyderabad,2023-05-24,Sports,Running Shoes,1,3499,0.15,2974.15,Net Banking,4,0
ORD007658,CUST0933,Jaipur,2024-03-09,Electronics,Webcam,4,2199,0.1,7916.4,Credit Card,5,0
ORD007659,CUST1018,Hyderabad,2024-11-20,Beauty,Face Serum,3,999,0.0,2997.0,Credit Card,4,0
ORD007660,CUST0582,Ahmedabad,2024-11-01,Books,Fiction Novel,2,299,0.15,508.3,Net Banking,5,0
ORD007661,CUST1367,Pune,2024-02-26,Home & Kitchen,Knife Set,2,1299,0.2,2078.4,Debit Card,1,0
ORD007662,CUST0992,Jaipur,2024-08-20,Beauty,Sunscreen SPF50,2,499,0.2,798.4,UPI,4,0
ORD007663,CUST1159,Jaipur,2024-02-19,Electronics,Laptop Stand,4,1299,0.15,4416.6,Net Banking,5,0
ORD007664,CUST0533,Jaipur,2023-01-21,Home & Kitchen,Air Fryer,3,3999,0.0,11997.0,Credit Card,4,0
ORD007665,CUST1445,Hyderabad,2023-02-19,Books,Python Programming,3,699,0.2,1677.6,Credit Card,5,0
ORD007666,CUST1231,Pune,2024-10-02,Sports,Resistance Bands,1,499,0.05,474.05,UPI,5,0
ORD007667,CUST1288,Delhi,2024-01-15,Electronics,Webcam,1,2199,0.0,2199.0,UPI,5,0
ORD007668,CUST0264,Mumbai,2023-03-11,Groceries,Basmati Rice 5kg,3,499,0.2,1197.6,UPI,5,0
ORD007669,CUST0412,Bangalore,2023-02-19,Clothing,Sneakers,1,2499,0.05,2374.05,Debit Card,4,0
ORD007670,CUST0438,Chennai,2024-02-13,Sports,Gym Gloves,1,399,0.05,379.05,Credit Card,3,0
ORD007671,CUST0412,Bangalore,2023-11-14,Beauty,Body Lotion,1,349,0.15,296.65,Cash on Delivery,5,0
ORD007672,CUST1294,Jaipur,2023-09-27,Clothing,Sneakers,4,2499,0.1,8996.4,Debit Card,5,0
ORD007673,CUST0053,Pune,2023-10-13,Clothing,Cotton T-Shirt,4,499,0.05,1896.2,Credit Card,4,0
ORD007674,CUST0121,Delhi,2023-12-07,Electronics,Laptop Stand,4,1299,0.05,4936.2,Credit Card,4,0
ORD007675,CUST0415,Mumbai,2024-10-19,Groceries,Olive Oil,4,799,0.0,3196.0,Credit Card,5,0
ORD007676,CUST0305,Kolkata,2024-11-11,Groceries,Protein Bar Pack,3,699,0.15,1782.45,Debit Card,5,0
ORD007677,CUST0362,Chennai,2024-07-05,Sports,Running Shoes,1,3499,0.15,2974.15,Cash on Delivery,4,0
ORD007678,CUST1198,Kolkata,2023-03-02,Home & Kitchen,Air Fryer,2,3999,0.1,7198.2,Net Banking,4,0
ORD007679,CUST0854,Bangalore,2024-01-04,Groceries,Green Tea,4,299,0.05,1136.2,Net Banking,5,0
ORD007680,CUST0009,Delhi,2023-11-20,Groceries,Olive Oil,3,799,0.0,2397.0,Net Banking,4,0
ORD007681,CUST0647,Mumbai,2023-01-02,Groceries,Olive Oil,2,799,0.05,1518.1,Debit Card,4,0
ORD007682,CUST0596,Kolkata,2023-01-27,Electronics,Laptop Stand,1,1299,0.2,1039.2,Cash on Delivery,4,0
ORD007683,CUST0186,Ahmedabad,2023-09-13,Electronics,Wireless Earbuds,1,2499,0.0,2499.0,Credit Card,5,0
ORD007684,CUST1038,Jaipur,2023-04-10,Sports,Resistance Bands,2,499,0.0,998.0,Net Banking,5,0
ORD007685,CUST1075,Pune,2024-04-20,Electronics,Webcam,1,2199,0.1,1979.1,Cash on Delivery,4,0
ORD007686,CUST1102,Jaipur,2024-02-13,Sports,Running Shoes,1,3499,0.05,3324.05,Credit Card,3,0
ORD007687,CUST1105,Ahmedabad,2023-09-30,Home & Kitchen,Knife Set,3,1299,0.0,3897.0,Credit Card,5,0
ORD007688,CUST0001,Delhi,2024-11-18,Groceries,Olive Oil,3,799,0.15,2037.45,Net Banking,5,0
ORD007689,CUST1438,Delhi,2023-05-25,Books,Python Programming,4,699,0.15,2376.6,Debit Card,3,0
ORD007690,CUST1223,Mumbai,2023-04-18,Home & Kitchen,Knife Set,2,1299,0.05,2468.1,Credit Card,1,1
ORD007691,CUST1361,Pune,2023-07-04,Clothing,Sneakers,1,2499,0.15,2124.15,UPI,4,0
ORD007692,CUST0031,Pune,2023-12-06,Beauty,Lip Balm Pack,3,199,0.15,507.45,Credit Card,4,0
ORD007693,CUST1408,Kolkata,2024-07-07,Books,Fiction Novel,3,299,0.05,852.15,Net Banking,4,0
ORD007694,CUST1215,Lucknow,2023-07-16,Groceries,Green Tea,2,299,0.2,478.4,Net Banking,5,0
ORD007695,CUST1251,Jaipur,2023-03-06,Groceries,Mixed Nuts,2,599,0.1,1078.2,Debit Card,4,0
ORD007696,CUST0151,Bangalore,2024-03-27,Clothing,Jacket,3,2999,0.1,8097.3,UPI,4,0
ORD007697,CUST1122,Chennai,2023-08-18,Groceries,Mixed Nuts,2,599,0.15,1018.3,Net Banking,5,0
ORD007698,CUST1445,Hyderabad,2023-03-05,Clothing,Sneakers,1,2499,0.1,2249.1,Net Banking,4,0
ORD007699,CUST1043,Bangalore,2023-11-10,Groceries,Olive Oil,4,799,0.1,2876.4,Debit Card,4,0
ORD007700,CUST0870,Hyderabad,2023-09-19,Electronics,Webcam,2,2199,0.15,3738.3,Cash on Delivery,3,0
ORD007701,CUST1426,Ahmedabad,2024-08-30,Electronics,Wireless Earbuds,2,2499,0.0,4998.0,Net Banking,3,0
ORD007702,CUST0676,Delhi,2023-07-27,Sports,Running Shoes,2,3499,0.2,5598.4,Credit Card,4,0
ORD007703,CUST0923,Kolkata,2024-03-12,Groceries,Basmati Rice 5kg,2,499,0.0,998.0,Credit Card,4,0
ORD007704,CUST0726,Ahmedabad,2023-04-01,Beauty,Body Lotion,4,349,0.0,1396.0,Net Banking,1,0
ORD007705,CUST1407,Hyderabad,2024-11-24,Beauty,Hair Mask,4,399,0.1,1436.4,UPI,3,0
ORD007706,CUST0121,Delhi,2024-07-19,Clothing,Formal Shirt,4,899,0.0,3596.0,Cash on Delivery,3,0
ORD007707,CUST0762,Pune,2024-12-20,Clothing,Jacket,3,2999,0.0,8997.0,Credit Card,5,0
ORD007708,CUST1053,Kolkata,2023-12-11,Books,Business Strategy,3,599,0.15,1527.45,Cash on Delivery,1,1
ORD007709,CUST1190,Lucknow,2023-07-23,Sports,Water Jug,2,599,0.1,1078.2,Net Banking,5,0
ORD007710,CUST0894,Ahmedabad,2023-05-03,Home & Kitchen,Coffee Mug,1,249,0.1,224.1,UPI,5,0
ORD007711,CUST1367,Pune,2023-05-21,Sports,Gym Gloves,4,399,0.0,1596.0,Net Banking,5,0
ORD007712,CUST1421,Bangalore,2024-12-04,Beauty,Hair Mask,2,399,0.0,798.0,Debit Card,4,0
ORD007713,CUST0108,Kolkata,2023-07-26,Beauty,Face Serum,3,999,0.15,2547.45,Cash on Delivery,1,1
ORD007714,CUST0582,Ahmedabad,2023-10-26,Beauty,Face Serum,1,999,0.2,799.2,Net Banking,5,0
ORD007715,CUST0042,Lucknow,2024-01-03,Sports,Water Jug,1,599,0.0,599.0,Debit Card,2,0
ORD007716,CUST0490,Hyderabad,2023-07-03,Clothing,Formal Shirt,3,899,0.0,2697.0,Debit Card,5,0
ORD007717,CUST0811,Ahmedabad,2023-03-31,Sports,Running Shoes,3,3499,0.0,10497.0,Debit Card,4,0
ORD007718,CUST1368,Delhi,2024-10-28,Beauty,Lip Balm Pack,1,199,0.0,199.0,UPI,4,0
ORD007719,CUST1272,Lucknow,2023-11-12,Clothing,Formal Shirt,1,899,0.05,854.05,Debit Card,4,0
ORD007720,CUST0201,Delhi,2024-11-20,Electronics,Phone Charger,3,599,0.2,1437.6,Credit Card,2,0
ORD007721,CUST0151,Bangalore,2024-04-02,Home & Kitchen,Coffee Mug,4,249,0.05,946.2,UPI,5,0
ORD007722,CUST0907,Mumbai,2023-11-23,Electronics,Wireless Earbuds,3,2499,0.0,7497.0,Net Banking,4,0
ORD007723,CUST0806,Ahmedabad,2024-04-08,Books,Python Programming,2,699,0.05,1328.1,Net Banking,4,0
ORD007724,CUST0406,Mumbai,2024-04-28,Electronics,USB Hub,2,899,0.0,1798.0,UPI,4,0
ORD007725,CUST1356,Jaipur,2023-08-18,Beauty,Face Serum,4,999,0.15,3396.6,UPI,3,0
ORD007726,CUST1396,Pune,2023-10-09,Home & Kitchen,Knife Set,1,1299,0.15,1104.15,Debit Card,4,0
ORD007727,CUST0582,Ahmedabad,2023-11-05,Books,Business Strategy,2,599,0.05,1138.1,Credit Card,4,0
ORD007728,CUST1343,Bangalore,2024-04-05,Home & Kitchen,Coffee Mug,2,249,0.15,423.3,Net Banking,5,0
ORD007729,CUST0553,Ahmedabad,2024-02-01,Home & Kitchen,Water Bottle,1,399,0.2,319.2,Net Banking,2,0
ORD007730,CUST1121,Lucknow,2023-09-19,Electronics,Wireless Earbuds,4,2499,0.15,8496.6,Cash on Delivery,5,0
ORD007731,CUST0725,Bangalore,2023-03-03,Home & Kitchen,Storage Box,1,299,0.15,254.15,Debit Card,2,0
ORD007732,CUST0198,Lucknow,2024-11-24,Groceries,Protein Bar Pack,2,699,0.2,1118.4,Cash on Delivery,4,0
ORD007733,CUST1397,Mumbai,2024-06-16,Books,Self Help,2,449,0.05,853.1,Cash on Delivery,4,0
ORD007734,CUST0689,Delhi,2023-12-03,Home & Kitchen,Knife Set,4,1299,0.05,4936.2,Debit Card,4,0
ORD007735,CUST1118,Kolkata,2023-05-05,Clothing,Formal Shirt,4,899,0.2,2876.8,Credit Card,4,0
ORD007736,CUST0533,Jaipur,2023-01-07,Clothing,Sneakers,3,2499,0.15,6372.45,Cash on Delivery,5,0
ORD007737,CUST0035,Pune,2023-12-31,Books,Data Science Guide,4,899,0.2,2876.8,Net Banking,5,0
ORD007738,CUST0162,Hyderabad,2024-01-21,Groceries,Olive Oil,2,799,0.15,1358.3,Net Banking,4,0
ORD007739,CUST0756,Ahmedabad,2023-09-15,Clothing,Sneakers,3,2499,0.2,5997.6,UPI,4,0
ORD007740,CUST1055,Ahmedabad,2024-10-11,Electronics,Phone Charger,3,599,0.1,1617.3,Cash on Delivery,5,0
ORD007741,CUST0500,Ahmedabad,2024-09-27,Clothing,Jacket,4,2999,0.0,11996.0,Debit Card,4,0
ORD007742,CUST1061,Chennai,2024-12-03,Home & Kitchen,Storage Box,2,299,0.0,598.0,Net Banking,2,0
ORD007743,CUST1063,Delhi,2024-05-21,Electronics,USB Hub,3,899,0.0,2697.0,UPI,5,0
ORD007744,CUST1078,Bangalore,2024-07-29,Sports,Resistance Bands,1,499,0.0,499.0,Net Banking,5,0
ORD007745,CUST0750,Hyderabad,2024-04-01,Home & Kitchen,Coffee Mug,2,249,0.2,398.4,Cash on Delivery,2,0
ORD007746,CUST1374,Hyderabad,2024-06-15,Sports,Running Shoes,2,3499,0.2,5598.4,UPI,4,0
ORD007747,CUST0746,Ahmedabad,2024-10-29,Beauty,Body Lotion,2,349,0.0,698.0,UPI,5,0
ORD007748,CUST0684,Mumbai,2024-08-19,Clothing,Cotton T-Shirt,2,499,0.2,798.4,Net Banking,5,0
ORD007749,CUST0305,Kolkata,2023-10-04,Books,Data Science Guide,3,899,0.0,2697.0,Debit Card,5,0
ORD007750,CUST0468,Delhi,2024-09-22,Beauty,Hair Mask,1,399,0.0,399.0,UPI,5,0
ORD007751,CUST0070,Hyderabad,2024-12-16,Beauty,Body Lotion,1,349,0.0,349.0,Cash on Delivery,4,0
ORD007752,CUST0986,Ahmedabad,2024-12-30,Home & Kitchen,Coffee Mug,1,249,0.1,224.1,Debit Card,4,0
ORD007753,CUST0386,Bangalore,2023-06-19,Beauty,Hair Mask,2,399,0.05,758.1,Net Banking,4,0
ORD007754,CUST0464,Delhi,2024-07-17,Electronics,Wireless Earbuds,3,2499,0.05,7122.15,Net Banking,4,0
ORD007755,CUST1161,Bangalore,2024-02-21,Beauty,Body Lotion,1,349,0.0,349.0,Net Banking,3,0
ORD007756,CUST0489,Chennai,2024-01-23,Clothing,Cotton T-Shirt,4,499,0.0,1996.0,Credit Card,5,0
ORD007757,CUST0379,Delhi,2023-03-06,Clothing,Jacket,4,2999,0.0,11996.0,Debit Card,4,0
ORD007758,CUST0259,Hyderabad,2024-03-11,Electronics,Webcam,1,2199,0.05,2089.05,Credit Card,4,0
ORD007759,CUST1167,Ahmedabad,2024-11-21,Home & Kitchen,Water Bottle,3,399,0.15,1017.45,Cash on Delivery,5,0
ORD007760,CUST0205,Mumbai,2024-02-07,Books,Fiction Novel,4,299,0.05,1136.2,Credit Card,3,0
ORD007761,CUST0687,Kolkata,2024-04-20,Sports,Resistance Bands,2,499,0.0,998.0,Debit Card,4,0
ORD007762,CUST0770,Hyderabad,2024-10-29,Clothing,Formal Shirt,4,899,0.05,3416.2,Cash on Delivery,5,0
ORD007763,CUST1053,Kolkata,2024-04-11,Home & Kitchen,Knife Set,1,1299,0.15,1104.15,Net Banking,3,0
ORD007764,CUST0985,Hyderabad,2024-09-16,Electronics,USB Hub,3,899,0.05,2562.15,Net Banking,3,0
ORD007765,CUST1218,Delhi,2023-11-20,Sports,Running Shoes,2,3499,0.0,6998.0,Cash on Delivery,5,0
ORD007766,CUST0074,Bangalore,2024-09-27,Sports,Yoga Mat,1,799,0.2,639.2,Credit Card,3,0
ORD007767,CUST0448,Kolkata,2023-12-16,Clothing,Sneakers,2,2499,0.0,4998.0,UPI,4,0
ORD007768,CUST0426,Kolkata,2023-11-19,Home & Kitchen,Air Fryer,1,3999,0.0,3999.0,Debit Card,4,0
ORD007769,CUST0232,Kolkata,2023-04-26,Beauty,Sunscreen SPF50,1,499,0.1,449.1,UPI,5,0
ORD007770,CUST0442,Mumbai,2024-09-10,Electronics,Laptop Stand,1,1299,0.2,1039.2,Net Banking,5,0
ORD007771,CUST0470,Jaipur,2024-04-28,Beauty,Face Serum,4,999,0.05,3796.2,Cash on Delivery,5,0
ORD007772,CUST0796,Jaipur,2024-02-05,Clothing,Cotton T-Shirt,2,499,0.0,998.0,UPI,5,0
ORD007773,CUST1023,Mumbai,2024-02-14,Groceries,Olive Oil,2,799,0.0,1598.0,Debit Card,5,0
ORD007774,CUST0550,Jaipur,2023-08-17,Groceries,Mixed Nuts,1,599,0.2,479.2,Debit Card,5,0
ORD007775,CUST1099,Mumbai,2023-04-13,Clothing,Denim Jeans,1,1299,0.0,1299.0,UPI,3,0
ORD007776,CUST0501,Bangalore,2024-09-02,Books,Self Help,4,449,0.0,1796.0,Cash on Delivery,2,0
ORD007777,CUST0443,Delhi,2023-02-13,Groceries,Green Tea,4,299,0.05,1136.2,Net Banking,4,0
ORD007778,CUST0814,Kolkata,2024-11-04,Electronics,USB Hub,4,899,0.1,3236.4,UPI,5,0
ORD007779,CUST0044,Mumbai,2023-03-10,Sports,Resistance Bands,2,499,0.0,998.0,Debit Card,5,0
ORD007780,CUST0127,Chennai,2023-07-17,Groceries,Mixed Nuts,3,599,0.05,1707.15,Net Banking,5,0
ORD007781,CUST0619,Lucknow,2024-05-27,Sports,Gym Gloves,2,399,0.05,758.1,Net Banking,4,0
ORD007782,CUST1425,Chennai,2023-11-13,Books,Business Strategy,3,599,0.15,1527.45,Cash on Delivery,5,0
ORD007783,CUST1102,Jaipur,2023-05-16,Electronics,Wireless Earbuds,4,2499,0.0,9996.0,Net Banking,5,0
ORD007784,CUST0140,Chennai,2023-01-28,Beauty,Sunscreen SPF50,2,499,0.15,848.3,Credit Card,4,0
ORD007785,CUST1272,Lucknow,2024-09-22,Groceries,Olive Oil,3,799,0.0,2397.0,Debit Card,5,0
ORD007786,CUST1111,Ahmedabad,2023-06-29,Beauty,Face Serum,1,999,0.1,899.1,UPI,4,0
ORD007787,CUST0943,Mumbai,2024-09-08,Clothing,Formal Shirt,1,899,0.05,854.05,Cash on Delivery,5,0
ORD007788,CUST1231,Pune,2024-05-06,Clothing,Cotton T-Shirt,2,499,0.1,898.2,Credit Card,3,0
ORD007789,CUST0583,Kolkata,2024-06-07,Electronics,Phone Charger,1,599,0.0,599.0,Cash on Delivery,3,0
ORD007790,CUST0344,Jaipur,2024-09-02,Sports,Gym Gloves,2,399,0.1,718.2,Credit Card,5,0
ORD007791,CUST0779,Lucknow,2024-11-13,Electronics,USB Hub,1,899,0.2,719.2,UPI,5,0
ORD007792,CUST0826,Jaipur,2024-03-12,Sports,Running Shoes,3,3499,0.05,9972.15,Credit Card,2,0
ORD007793,CUST0811,Ahmedabad,2023-02-09,Books,Self Help,1,449,0.0,449.0,Credit Card,4,0
ORD007794,CUST0858,Lucknow,2024-03-06,Electronics,USB Hub,3,899,0.2,2157.6,Credit Card,4,0
ORD007795,CUST1428,Ahmedabad,2023-10-08,Beauty,Sunscreen SPF50,1,499,0.2,399.2,Debit Card,4,0
ORD007796,CUST1357,Jaipur,2023-09-26,Home & Kitchen,Air Fryer,3,3999,0.05,11397.15,Credit Card,3,0
ORD007797,CUST1323,Lucknow,2023-09-30,Books,Python Programming,1,699,0.0,699.0,Cash on Delivery,4,0
ORD007798,CUST1201,Mumbai,2023-03-25,Books,Fiction Novel,2,299,0.1,538.2,Net Banking,5,0
ORD007799,CUST1425,Chennai,2024-09-28,Sports,Yoga Mat,4,799,0.2,2556.8,Credit Card,5,0
ORD007800,CUST0158,Mumbai,2023-10-27,Sports,Yoga Mat,2,799,0.05,1518.1,UPI,2,0
ORD007801,CUST0405,Kolkata,2024-01-13,Books,Fiction Novel,2,299,0.0,598.0,UPI,5,0
ORD007802,CUST0753,Chennai,2024-08-06,Sports,Resistance Bands,4,499,0.0,1996.0,Credit Card,5,0
ORD007803,CUST1272,Lucknow,2023-03-26,Home & Kitchen,Coffee Mug,1,249,0.0,249.0,Debit Card,4,0
ORD007804,CUST0768,Hyderabad,2024-01-30,Books,Self Help,1,449,0.1,404.1,Cash on Delivery,4,0
ORD007805,CUST1137,Hyderabad,2023-10-01,Groceries,Mixed Nuts,2,599,0.15,1018.3,Net Banking,5,0
ORD007806,CUST0222,Delhi,2024-08-20,Clothing,Denim Jeans,1,1299,0.0,1299.0,Credit Card,4,0
ORD007807,CUST0391,Pune,2024-10-07,Groceries,Olive Oil,3,799,0.0,2397.0,Credit Card,5,0
ORD007808,CUST1111,Ahmedabad,2023-12-19,Groceries,Olive Oil,2,799,0.2,1278.4,Debit Card,5,0
ORD007809,CUST0253,Delhi,2023-11-04,Groceries,Green Tea,1,299,0.2,239.2,Net Banking,5,0
ORD007810,CUST0518,Delhi,2024-07-18,Electronics,USB Hub,4,899,0.0,3596.0,UPI,5,0
ORD007811,CUST0404,Bangalore,2024-02-19,Groceries,Mixed Nuts,1,599,0.15,509.15,Debit Card,4,0
ORD007812,CUST0514,Mumbai,2023-12-07,Clothing,Formal Shirt,1,899,0.2,719.2,Net Banking,5,0
ORD007813,CUST1084,Bangalore,2024-10-17,Beauty,Hair Mask,1,399,0.0,399.0,UPI,4,0
ORD007814,CUST0533,Jaipur,2023-01-02,Clothing,Jacket,1,2999,0.15,2549.15,Cash on Delivery,4,0
ORD007815,CUST0840,Lucknow,2024-03-27,Electronics,Laptop Stand,4,1299,0.05,4936.2,Cash on Delivery,5,0
ORD007816,CUST0161,Chennai,2024-06-03,Beauty,Hair Mask,2,399,0.0,798.0,UPI,5,0
ORD007817,CUST1210,Kolkata,2023-02-13,Books,Fiction Novel,4,299,0.1,1076.4,Debit Card,4,0
ORD007818,CUST0535,Mumbai,2023-01-15,Sports,Running Shoes,2,3499,0.1,6298.2,Cash on Delivery,2,0
ORD007819,CUST1006,Bangalore,2024-07-06,Sports,Resistance Bands,3,499,0.2,1197.6,UPI,5,0
ORD007820,CUST1104,Delhi,2024-07-11,Home & Kitchen,Coffee Mug,2,249,0.1,448.2,Debit Card,2,0
ORD007821,CUST0321,Mumbai,2023-03-26,Home & Kitchen,Knife Set,2,1299,0.2,2078.4,UPI,3,0
ORD007822,CUST1335,Kolkata,2024-10-19,Sports,Gym Gloves,4,399,0.1,1436.4,Cash on Delivery,5,0
ORD007823,CUST0950,Pune,2023-09-16,Groceries,Olive Oil,1,799,0.05,759.05,Cash on Delivery,4,0
ORD007824,CUST0646,Mumbai,2024-08-29,Electronics,Phone Charger,3,599,0.0,1797.0,Credit Card,4,0
ORD007825,CUST0274,Chennai,2023-03-15,Groceries,Basmati Rice 5kg,3,499,0.0,1497.0,Debit Card,4,0
ORD007826,CUST1422,Lucknow,2023-02-04,Books,Self Help,1,449,0.05,426.55,Cash on Delivery,1,0
ORD007827,CUST1147,Pune,2024-11-03,Beauty,Hair Mask,3,399,0.15,1017.45,Debit Card,3,0
ORD007828,CUST0316,Bangalore,2023-04-17,Books,Data Science Guide,3,899,0.1,2427.3,UPI,1,0
ORD007829,CUST0504,Jaipur,2023-12-01,Books,Business Strategy,2,599,0.0,1198.0,Cash on Delivery,5,0
ORD007830,CUST1215,Lucknow,2024-01-05,Home & Kitchen,Water Bottle,3,399,0.2,957.6,UPI,4,0
ORD007831,CUST1062,Hyderabad,2024-12-09,Groceries,Basmati Rice 5kg,2,499,0.15,848.3,Cash on Delivery,5,0
ORD007832,CUST1156,Jaipur,2023-03-01,Sports,Water Jug,1,599,0.0,599.0,Debit Card,5,0
ORD007833,CUST0672,Lucknow,2023-09-19,Electronics,USB Hub,2,899,0.1,1618.2,Net Banking,3,0
ORD007834,CUST1091,Ahmedabad,2023-11-12,Electronics,Wireless Earbuds,1,2499,0.2,1999.2,Debit Card,4,0
ORD007835,CUST0559,Ahmedabad,2024-02-20,Clothing,Formal Shirt,1,899,0.1,809.1,Debit Card,5,0
ORD007836,CUST0323,Lucknow,2023-05-07,Books,Self Help,1,449,0.0,449.0,Net Banking,4,0
ORD007837,CUST0985,Hyderabad,2023-04-01,Books,Fiction Novel,3,299,0.1,807.3,Credit Card,5,0
ORD007838,CUST1465,Hyderabad,2024-12-27,Electronics,Wireless Earbuds,1,2499,0.0,2499.0,Credit Card,4,0
ORD007839,CUST0470,Jaipur,2024-01-26,Electronics,Laptop Stand,4,1299,0.1,4676.4,UPI,4,0
ORD007840,CUST0707,Ahmedabad,2023-07-11,Books,Self Help,4,449,0.0,1796.0,Debit Card,4,0
ORD007841,CUST1032,Jaipur,2023-10-28,Home & Kitchen,Coffee Mug,3,249,0.0,747.0,UPI,4,0
ORD007842,CUST0814,Kolkata,2024-06-01,Home & Kitchen,Water Bottle,2,399,0.2,638.4,Cash on Delivery,1,0
ORD007843,CUST1269,Mumbai,2024-06-08,Books,Python Programming,3,699,0.0,2097.0,Cash on Delivery,5,0
ORD007844,CUST1152,Kolkata,2024-09-20,Beauty,Face Serum,3,999,0.15,2547.45,Cash on Delivery,4,0
ORD007845,CUST0094,Hyderabad,2024-10-18,Beauty,Hair Mask,2,399,0.1,718.2,Net Banking,2,0
ORD007846,CUST1500,Kolkata,2023-07-03,Clothing,Formal Shirt,4,899,0.05,3416.2,Cash on Delivery,3,0
ORD007847,CUST1143,Chennai,2023-05-06,Home & Kitchen,Water Bottle,4,399,0.0,1596.0,UPI,5,0
ORD007848,CUST1307,Pune,2024-04-16,Sports,Yoga Mat,3,799,0.15,2037.45,Cash on Delivery,5,0
ORD007849,CUST1008,Jaipur,2023-12-11,Sports,Yoga Mat,3,799,0.0,2397.0,UPI,3,0
ORD007850,CUST1295,Chennai,2024-09-29,Sports,Running Shoes,3,3499,0.0,10497.0,Debit Card,4,0
ORD007851,CUST0184,Kolkata,2023-04-09,Books,Business Strategy,2,599,0.0,1198.0,Debit Card,4,0
ORD007852,CUST0513,Mumbai,2024-06-21,Sports,Running Shoes,2,3499,0.0,6998.0,Debit Card,4,0
ORD007853,CUST1325,Delhi,2023-06-15,Sports,Gym Gloves,1,399,0.15,339.15,Credit Card,1,1
ORD007854,CUST0306,Lucknow,2023-11-18,Books,Self Help,2,449,0.05,853.1,Debit Card,5,0
ORD007855,CUST0126,Jaipur,2023-11-16,Books,Business Strategy,2,599,0.0,1198.0,Net Banking,5,0
ORD007856,CUST1184,Kolkata,2023-10-25,Sports,Yoga Mat,2,799,0.0,1598.0,Net Banking,4,0
ORD007857,CUST1249,Hyderabad,2023-08-12,Clothing,Formal Shirt,2,899,0.0,1798.0,Credit Card,2,1
ORD007858,CUST0250,Mumbai,2023-04-26,Clothing,Cotton T-Shirt,1,499,0.0,499.0,UPI,4,0
ORD007859,CUST1293,Mumbai,2023-03-27,Home & Kitchen,Storage Box,3,299,0.0,897.0,Net Banking,4,0
ORD007860,CUST1053,Kolkata,2024-01-16,Books,Self Help,1,449,0.2,359.2,Cash on Delivery,4,0
ORD007861,CUST0792,Bangalore,2023-01-25,Clothing,Denim Jeans,4,1299,0.05,4936.2,Debit Card,5,0
ORD007862,CUST1243,Mumbai,2024-04-22,Home & Kitchen,Air Fryer,3,3999,0.1,10797.3,Net Banking,4,0
ORD007863,CUST0620,Mumbai,2023-07-08,Sports,Gym Gloves,4,399,0.15,1356.6,Cash on Delivery,4,0
ORD007864,CUST0293,Lucknow,2023-08-05,Home & Kitchen,Storage Box,1,299,0.0,299.0,Net Banking,4,0
ORD007865,CUST0436,Mumbai,2024-09-29,Books,Self Help,3,449,0.1,1212.3,Debit Card,4,0
ORD007866,CUST0768,Hyderabad,2023-08-11,Books,Self Help,4,449,0.0,1796.0,Cash on Delivery,4,0
ORD007867,CUST0806,Ahmedabad,2023-04-19,Electronics,Wireless Earbuds,4,2499,0.0,9996.0,UPI,5,0
ORD007868,CUST1210,Kolkata,2023-12-31,Home & Kitchen,Storage Box,1,299,0.15,254.15,Debit Card,5,0
ORD007869,CUST1190,Lucknow,2024-05-10,Electronics,Wireless Earbuds,1,2499,0.0,2499.0,Credit Card,5,0
ORD007870,CUST0892,Jaipur,2024-12-17,Books,Business Strategy,2,599,0.0,1198.0,Cash on Delivery,4,0
ORD007871,CUST1177,Chennai,2023-05-22,Books,Data Science Guide,2,899,0.15,1528.3,Cash on Delivery,4,0
ORD007872,CUST0287,Bangalore,2023-04-25,Electronics,USB Hub,2,899,0.0,1798.0,Credit Card,4,0
ORD007873,CUST0081,Jaipur,2024-11-25,Home & Kitchen,Knife Set,4,1299,0.0,5196.0,Net Banking,4,0
ORD007874,CUST1318,Lucknow,2023-04-28,Sports,Water Jug,1,599,0.05,569.05,Cash on Delivery,3,0
ORD007875,CUST0121,Delhi,2023-04-23,Beauty,Body Lotion,3,349,0.0,1047.0,Net Banking,3,0
ORD007876,CUST0385,Jaipur,2024-08-19,Sports,Water Jug,2,599,0.0,1198.0,Credit Card,2,1
ORD007877,CUST1061,Chennai,2023-07-06,Groceries,Mixed Nuts,4,599,0.0,2396.0,Debit Card,4,0
ORD007878,CUST0606,Ahmedabad,2023-11-06,Clothing,Sneakers,2,2499,0.15,4248.3,Cash on Delivery,4,0
ORD007879,CUST1325,Delhi,2024-08-17,Sports,Running Shoes,4,3499,0.15,11896.6,Net Banking,5,0
ORD007880,CUST0451,Delhi,2024-07-18,Electronics,USB Hub,4,899,0.15,3056.6,Credit Card,4,0
ORD007881,CUST0020,Jaipur,2024-12-11,Sports,Yoga Mat,3,799,0.15,2037.45,Credit Card,4,0
ORD007882,CUST0454,Hyderabad,2023-11-11,Electronics,Laptop Stand,3,1299,0.15,3312.45,Credit Card,4,0
ORD007883,CUST0887,Ahmedabad,2024-06-05,Clothing,Sneakers,3,2499,0.2,5997.6,Debit Card,5,0
ORD007884,CUST0541,Ahmedabad,2024-09-14,Groceries,Mixed Nuts,2,599,0.05,1138.1,Net Banking,5,0
ORD007885,CUST0808,Bangalore,2023-11-13,Home & Kitchen,Knife Set,1,1299,0.0,1299.0,Net Banking,4,0
ORD007886,CUST1325,Delhi,2024-07-05,Beauty,Lip Balm Pack,1,199,0.0,199.0,Net Banking,4,0
ORD007887,CUST1371,Hyderabad,2024-05-16,Electronics,Webcam,2,2199,0.15,3738.3,Debit Card,5,0
ORD007888,CUST0406,Mumbai,2024-08-25,Groceries,Protein Bar Pack,4,699,0.0,2796.0,Cash on Delivery,4,0
ORD007889,CUST0708,Kolkata,2023-05-09,Books,Business Strategy,3,599,0.15,1527.45,Debit Card,4,0
ORD007890,CUST0827,Kolkata,2024-06-12,Books,Data Science Guide,1,899,0.15,764.15,Cash on Delivery,5,0
ORD007891,CUST1429,Lucknow,2023-12-01,Electronics,USB Hub,4,899,0.05,3416.2,Credit Card,5,0
ORD007892,CUST1500,Kolkata,2024-10-04,Beauty,Sunscreen SPF50,3,499,0.0,1497.0,UPI,5,0
ORD007893,CUST0367,Mumbai,2023-01-31,Groceries,Protein Bar Pack,4,699,0.15,2376.6,Cash on Delivery,5,0
ORD007894,CUST1105,Ahmedabad,2024-10-19,Beauty,Face Serum,4,999,0.05,3796.2,UPI,2,1
ORD007895,CUST0544,Lucknow,2023-03-14,Groceries,Olive Oil,1,799,0.0,799.0,Credit Card,4,0
ORD007896,CUST0012,Mumbai,2024-04-27,Beauty,Hair Mask,1,399,0.0,399.0,UPI,3,0
ORD007897,CUST0012,Mumbai,2023-07-07,Sports,Resistance Bands,1,499,0.15,424.15,Cash on Delivery,4,0
ORD007898,CUST0706,Ahmedabad,2023-05-11,Groceries,Protein Bar Pack,4,699,0.15,2376.6,UPI,4,0
ORD007899,CUST0746,Ahmedabad,2023-04-18,Groceries,Mixed Nuts,2,599,0.0,1198.0,UPI,4,0
ORD007900,CUST0039,Delhi,2023-11-25,Books,Fiction Novel,3,299,0.05,852.15,Net Banking,3,0
ORD007901,CUST1053,Kolkata,2024-03-24,Groceries,Olive Oil,3,799,0.0,2397.0,Cash on Delivery,4,0
ORD007902,CUST0447,Pune,2023-07-09,Books,Data Science Guide,2,899,0.0,1798.0,UPI,3,0
ORD007903,CUST0848,Delhi,2024-08-07,Electronics,Wireless Earbuds,4,2499,0.0,9996.0,Net Banking,4,0
ORD007904,CUST0454,Hyderabad,2023-03-05,Clothing,Sneakers,3,2499,0.0,7497.0,Credit Card,5,0
ORD007905,CUST0257,Ahmedabad,2023-02-18,Books,Business Strategy,4,599,0.05,2276.2,Net Banking,5,0
ORD007906,CUST0595,Chennai,2023-02-04,Clothing,Sneakers,2,2499,0.0,4998.0,Debit Card,2,1
ORD007907,CUST0364,Delhi,2024-09-29,Electronics,Webcam,3,2199,0.05,6267.15,Debit Card,3,0
ORD007908,CUST0808,Bangalore,2023-12-22,Electronics,USB Hub,1,899,0.05,854.05,Net Banking,2,0
ORD007909,CUST0304,Delhi,2024-06-16,Books,Python Programming,3,699,0.1,1887.3,UPI,4,0
ORD007910,CUST0772,Delhi,2024-08-17,Clothing,Denim Jeans,4,1299,0.0,5196.0,Credit Card,5,0
ORD007911,CUST0247,Ahmedabad,2024-11-24,Electronics,Wireless Earbuds,1,2499,0.2,1999.2,Cash on Delivery,3,0
ORD007912,CUST1028,Bangalore,2023-02-04,Sports,Water Jug,4,599,0.05,2276.2,Net Banking,4,0
ORD007913,CUST1146,Lucknow,2024-01-07,Clothing,Denim Jeans,2,1299,0.0,2598.0,Net Banking,3,0
ORD007914,CUST0183,Chennai,2024-08-27,Groceries,Basmati Rice 5kg,4,499,0.05,1896.2,Cash on Delivery,5,0
ORD007915,CUST0717,Ahmedabad,2024-03-16,Home & Kitchen,Air Fryer,3,3999,0.1,10797.3,Credit Card,4,0
ORD007916,CUST0116,Delhi,2023-07-03,Groceries,Olive Oil,3,799,0.0,2397.0,UPI,2,0
ORD007917,CUST0922,Pune,2024-04-13,Clothing,Cotton T-Shirt,1,499,0.05,474.05,Debit Card,3,0
ORD007918,CUST0404,Bangalore,2024-09-03,Sports,Water Jug,3,599,0.1,1617.3,Cash on Delivery,5,0
ORD007919,CUST0800,Delhi,2023-10-28,Sports,Resistance Bands,4,499,0.05,1896.2,Net Banking,3,0
ORD007920,CUST0788,Bangalore,2024-02-06,Electronics,Wireless Earbuds,4,2499,0.2,7996.8,Net Banking,5,0
ORD007921,CUST1389,Lucknow,2024-05-29,Books,Fiction Novel,4,299,0.0,1196.0,Cash on Delivery,5,0
ORD007922,CUST0826,Jaipur,2023-07-31,Electronics,Wireless Earbuds,1,2499,0.0,2499.0,Cash on Delivery,2,1
ORD007923,CUST0894,Ahmedabad,2023-06-18,Clothing,Denim Jeans,2,1299,0.0,2598.0,Net Banking,3,0
ORD007924,CUST0582,Ahmedabad,2023-10-21,Home & Kitchen,Storage Box,1,299,0.0,299.0,Credit Card,5,0
ORD007925,CUST1429,Lucknow,2023-10-13,Home & Kitchen,Water Bottle,2,399,0.0,798.0,Cash on Delivery,4,0
ORD007926,CUST1172,Jaipur,2023-02-05,Home & Kitchen,Coffee Mug,3,249,0.05,709.65,Credit Card,4,0
ORD007927,CUST0436,Mumbai,2024-02-10,Books,Data Science Guide,4,899,0.0,3596.0,UPI,5,0
ORD007928,CUST1271,Hyderabad,2024-08-22,Groceries,Mixed Nuts,2,599,0.05,1138.1,Cash on Delivery,4,0
ORD007929,CUST0652,Bangalore,2023-05-04,Sports,Water Jug,1,599,0.0,599.0,UPI,5,0
ORD007930,CUST1241,Hyderabad,2024-01-30,Books,Self Help,1,449,0.15,381.65,Credit Card,5,0
ORD007931,CUST1236,Chennai,2023-02-21,Groceries,Protein Bar Pack,4,699,0.0,2796.0,Cash on Delivery,3,0
ORD007932,CUST0280,Pune,2023-10-28,Beauty,Lip Balm Pack,3,199,0.0,597.0,Credit Card,3,0
ORD007933,CUST1075,Pune,2024-04-21,Beauty,Hair Mask,2,399,0.05,758.1,Debit Card,5,0
ORD007934,CUST0445,Kolkata,2023-12-05,Sports,Water Jug,4,599,0.0,2396.0,Debit Card,1,1
ORD007935,CUST0449,Lucknow,2023-10-08,Clothing,Sneakers,2,2499,0.2,3998.4,UPI,4,0
ORD007936,CUST0448,Kolkata,2023-10-29,Beauty,Hair Mask,4,399,0.0,1596.0,UPI,4,0
ORD007937,CUST1104,Delhi,2024-08-30,Beauty,Face Serum,1,999,0.1,899.1,Net Banking,2,0
ORD007938,CUST0359,Chennai,2023-07-10,Books,Data Science Guide,2,899,0.2,1438.4,Net Banking,5,0
ORD007939,CUST0002,Mumbai,2024-05-18,Sports,Yoga Mat,1,799,0.0,799.0,Credit Card,4,0
ORD007940,CUST1090,Hyderabad,2024-04-10,Clothing,Formal Shirt,2,899,0.15,1528.3,Cash on Delivery,3,0
ORD007941,CUST0262,Bangalore,2023-05-30,Electronics,Laptop Stand,3,1299,0.0,3897.0,Cash on Delivery,3,0
ORD007942,CUST0171,Bangalore,2023-09-21,Clothing,Formal Shirt,2,899,0.1,1618.2,Net Banking,2,0
ORD007943,CUST0368,Mumbai,2024-01-19,Home & Kitchen,Air Fryer,4,3999,0.05,15196.2,Debit Card,5,0
ORD007944,CUST0549,Kolkata,2024-06-17,Clothing,Formal Shirt,3,899,0.2,2157.6,Cash on Delivery,5,0
ORD007945,CUST0725,Bangalore,2023-01-15,Beauty,Sunscreen SPF50,4,499,0.05,1896.2,Cash on Delivery,4,0
ORD007946,CUST0074,Bangalore,2024-06-10,Clothing,Denim Jeans,3,1299,0.0,3897.0,Debit Card,4,0
ORD007947,CUST1456,Pune,2024-10-12,Home & Kitchen,Coffee Mug,2,249,0.05,473.1,Cash on Delivery,3,0
ORD007948,CUST1091,Ahmedabad,2024-02-20,Clothing,Sneakers,4,2499,0.1,8996.4,Cash on Delivery,4,0
ORD007949,CUST0484,Chennai,2024-08-25,Electronics,Webcam,1,2199,0.05,2089.05,UPI,4,0
ORD007950,CUST0479,Kolkata,2023-07-10,Clothing,Cotton T-Shirt,1,499,0.0,499.0,Net Banking,5,0
ORD007951,CUST0680,Chennai,2024-02-23,Groceries,Basmati Rice 5kg,2,499,0.15,848.3,Credit Card,5,0
ORD007952,CUST0972,Delhi,2023-06-09,Groceries,Protein Bar Pack,1,699,0.1,629.1,Debit Card,4,0
ORD007953,CUST0233,Pune,2023-05-26,Clothing,Sneakers,1,2499,0.0,2499.0,Debit Card,5,0
ORD007954,CUST0281,Mumbai,2023-06-30,Beauty,Lip Balm Pack,3,199,0.05,567.15,Cash on Delivery,4,0
ORD007955,CUST1302,Delhi,2023-05-28,Clothing,Jacket,2,2999,0.15,5098.3,Cash on Delivery,5,0
ORD007956,CUST0396,Delhi,2023-06-11,Sports,Running Shoes,3,3499,0.0,10497.0,Net Banking,4,0
ORD007957,CUST0549,Kolkata,2023-09-10,Books,Data Science Guide,2,899,0.15,1528.3,Cash on Delivery,5,0
ORD007958,CUST1314,Lucknow,2023-11-13,Beauty,Body Lotion,2,349,0.0,698.0,Cash on Delivery,1,0
ORD007959,CUST1023,Mumbai,2024-05-29,Electronics,Webcam,3,2199,0.1,5937.3,Net Banking,3,0
ORD007960,CUST0507,Delhi,2024-06-02,Electronics,Webcam,1,2199,0.1,1979.1,Credit Card,5,0
ORD007961,CUST1051,Pune,2023-01-20,Sports,Gym Gloves,1,399,0.0,399.0,Debit Card,5,0
ORD007962,CUST0035,Pune,2023-10-03,Home & Kitchen,Water Bottle,4,399,0.0,1596.0,UPI,5,0
ORD007963,CUST1118,Kolkata,2024-01-04,Beauty,Sunscreen SPF50,2,499,0.05,948.1,Debit Card,5,0
ORD007964,CUST0743,Hyderabad,2023-05-18,Home & Kitchen,Knife Set,2,1299,0.2,2078.4,Net Banking,5,0
ORD007965,CUST1221,Kolkata,2023-11-19,Clothing,Denim Jeans,2,1299,0.0,2598.0,Debit Card,5,0
ORD007966,CUST1440,Lucknow,2023-04-09,Clothing,Formal Shirt,1,899,0.2,719.2,Cash on Delivery,4,0
ORD007967,CUST1394,Chennai,2024-01-06,Clothing,Denim Jeans,4,1299,0.0,5196.0,Net Banking,3,0
ORD007968,CUST1368,Delhi,2024-07-13,Groceries,Basmati Rice 5kg,4,499,0.0,1996.0,UPI,4,0
ORD007969,CUST0779,Lucknow,2023-08-19,Beauty,Body Lotion,3,349,0.0,1047.0,Net Banking,3,0
ORD007970,CUST0525,Kolkata,2024-04-20,Home & Kitchen,Air Fryer,3,3999,0.2,9597.6,Debit Card,4,0
ORD007971,CUST0712,Hyderabad,2023-11-09,Books,Fiction Novel,4,299,0.05,1136.2,Net Banking,5,0
ORD007972,CUST1055,Ahmedabad,2023-05-18,Electronics,Wireless Earbuds,1,2499,0.0,2499.0,Net Banking,5,0
ORD007973,CUST1334,Ahmedabad,2024-12-27,Clothing,Denim Jeans,1,1299,0.1,1169.1,UPI,3,0
ORD007974,CUST0315,Kolkata,2023-02-25,Home & Kitchen,Storage Box,3,299,0.2,717.6,Debit Card,5,0
ORD007975,CUST1380,Chennai,2023-03-06,Home & Kitchen,Coffee Mug,3,249,0.2,597.6,Net Banking,5,0
ORD007976,CUST1224,Pune,2024-09-26,Books,Self Help,3,449,0.0,1347.0,Cash on Delivery,5,0
ORD007977,CUST1467,Jaipur,2024-02-27,Electronics,Webcam,4,2199,0.2,7036.8,Net Banking,4,0
ORD007978,CUST1330,Ahmedabad,2024-01-23,Electronics,Phone Charger,2,599,0.0,1198.0,UPI,4,0
ORD007979,CUST0424,Mumbai,2023-04-17,Sports,Gym Gloves,3,399,0.15,1017.45,Debit Card,5,0
ORD007980,CUST0175,Bangalore,2024-11-27,Home & Kitchen,Air Fryer,3,3999,0.0,11997.0,Debit Card,4,0
ORD007981,CUST0184,Kolkata,2024-03-04,Groceries,Green Tea,1,299,0.2,239.2,Debit Card,3,0
ORD007982,CUST0445,Kolkata,2023-10-06,Electronics,Laptop Stand,4,1299,0.05,4936.2,UPI,5,0
ORD007983,CUST0948,Hyderabad,2023-07-10,Clothing,Denim Jeans,2,1299,0.0,2598.0,Debit Card,5,0
ORD007984,CUST1207,Hyderabad,2024-06-09,Books,Python Programming,4,699,0.0,2796.0,Cash on Delivery,3,0
ORD007985,CUST1355,Lucknow,2023-07-28,Electronics,Phone Charger,3,599,0.05,1707.15,UPI,3,0
ORD007986,CUST0967,Chennai,2024-01-10,Electronics,Wireless Earbuds,2,2499,0.1,4498.2,Cash on Delivery,4,0
ORD007987,CUST0009,Delhi,2023-06-22,Groceries,Basmati Rice 5kg,2,499,0.0,998.0,Credit Card,4,0
ORD007988,CUST0278,Jaipur,2023-11-27,Groceries,Mixed Nuts,2,599,0.15,1018.3,Debit Card,3,0
ORD007989,CUST0160,Pune,2024-12-26,Groceries,Protein Bar Pack,2,699,0.15,1188.3,Debit Card,4,0
ORD007990,CUST0531,Hyderabad,2024-11-20,Electronics,Laptop Stand,1,1299,0.1,1169.1,Credit Card,5,0
ORD007991,CUST0764,Ahmedabad,2023-12-23,Home & Kitchen,Water Bottle,2,399,0.2,638.4,Credit Card,4,0
ORD007992,CUST0071,Chennai,2023-08-05,Books,Business Strategy,3,599,0.2,1437.6,Cash on Delivery,4,0
ORD007993,CUST0513,Mumbai,2024-05-11,Clothing,Formal Shirt,3,899,0.0,2697.0,Cash on Delivery,5,0
ORD007994,CUST0272,Bangalore,2024-02-12,Sports,Resistance Bands,2,499,0.0,998.0,Debit Card,5,0
ORD007995,CUST1005,Ahmedabad,2024-07-18,Sports,Gym Gloves,3,399,0.0,1197.0,Debit Card,5,0
ORD007996,CUST0711,Pune,2023-05-02,Sports,Running Shoes,3,3499,0.05,9972.15,Net Banking,5,0
ORD007997,CUST0753,Chennai,2023-06-30,Sports,Yoga Mat,1,799,0.05,759.05,UPI,4,0
ORD007998,CUST0646,Mumbai,2023-11-06,Sports,Gym Gloves,2,399,0.0,798.0,Net Banking,4,0
ORD007999,CUST1441,Ahmedabad,2024-06-13,Groceries,Basmati Rice 5kg,2,499,0.0,998.0,Credit Card,5,0
ORD008000,CUST0326,Delhi,2024-12-09,Beauty,Sunscreen SPF50,4,499,0.05,1896.2,Net Banking,4,0
ORD008001,CUST0786,Hyderabad,2023-01-12,Electronics,Laptop Stand,1,1299,0.05,1234.05,Debit Card,4,0
ORD008002,CUST1119,Lucknow,2024-11-15,Clothing,Sneakers,1,2499,0.05,2374.05,Debit Card,5,0
ORD008003,CUST0844,Delhi,2024-05-25,Home & Kitchen,Knife Set,1,1299,0.0,1299.0,Net Banking,5,0
ORD008004,CUST1400,Lucknow,2023-03-21,Electronics,Laptop Stand,3,1299,0.0,3897.0,Net Banking,3,0
ORD008005,CUST0544,Lucknow,2023-01-01,Beauty,Body Lotion,3,349,0.2,837.6,Net Banking,5,0
ORD008006,CUST0711,Pune,2024-03-12,Sports,Water Jug,2,599,0.1,1078.2,Debit Card,4,0
ORD008007,CUST0141,Jaipur,2024-07-21,Beauty,Face Serum,3,999,0.0,2997.0,Cash on Delivery,4,0
ORD008008,CUST0938,Chennai,2024-01-22,Clothing,Cotton T-Shirt,1,499,0.15,424.15,Cash on Delivery,5,0
ORD008009,CUST0442,Mumbai,2024-12-07,Books,Self Help,3,449,0.15,1144.95,Net Banking,5,0
ORD008010,CUST0249,Delhi,2023-01-15,Books,Business Strategy,4,599,0.0,2396.0,Credit Card,5,0
ORD008011,CUST0817,Lucknow,2023-09-10,Sports,Resistance Bands,3,499,0.0,1497.0,Net Banking,5,0
ORD008012,CUST0807,Pune,2024-02-05,Groceries,Mixed Nuts,1,599,0.0,599.0,Net Banking,5,0
ORD008013,CUST0121,Delhi,2023-10-06,Electronics,USB Hub,2,899,0.1,1618.2,Net Banking,2,0
ORD008014,CUST1063,Delhi,2023-10-16,Clothing,Sneakers,4,2499,0.0,9996.0,Net Banking,4,0
ORD008015,CUST0967,Chennai,2023-10-29,Beauty,Body Lotion,1,349,0.1,314.1,Debit Card,3,0
ORD008016,CUST0281,Mumbai,2023-07-21,Groceries,Basmati Rice 5kg,3,499,0.05,1422.15,Credit Card,4,0
ORD008017,CUST0718,Lucknow,2023-11-26,Clothing,Jacket,3,2999,0.15,7647.45,Cash on Delivery,3,0
ORD008018,CUST1099,Mumbai,2023-06-02,Clothing,Denim Jeans,1,1299,0.0,1299.0,Net Banking,5,0
ORD008019,CUST0801,Mumbai,2023-11-13,Home & Kitchen,Coffee Mug,2,249,0.2,398.4,UPI,4,0
ORD008020,CUST0575,Bangalore,2024-09-13,Sports,Running Shoes,1,3499,0.2,2799.2,Net Banking,4,0
ORD008021,CUST0483,Lucknow,2024-02-06,Home & Kitchen,Water Bottle,3,399,0.1,1077.3,Cash on Delivery,5,0
ORD008022,CUST0943,Mumbai,2024-10-24,Clothing,Denim Jeans,3,1299,0.15,3312.45,UPI,5,0
ORD008023,CUST1416,Lucknow,2024-03-07,Clothing,Sneakers,4,2499,0.0,9996.0,Cash on Delivery,4,0
ORD008024,CUST1028,Bangalore,2023-04-29,Home & Kitchen,Air Fryer,1,3999,0.05,3799.05,Net Banking,5,0
ORD008025,CUST0120,Lucknow,2023-12-07,Groceries,Olive Oil,3,799,0.1,2157.3,Debit Card,4,0
ORD008026,CUST0706,Ahmedabad,2023-02-18,Sports,Running Shoes,3,3499,0.2,8397.6,Cash on Delivery,4,0
ORD008027,CUST1344,Ahmedabad,2024-11-04,Sports,Gym Gloves,3,399,0.1,1077.3,UPI,3,0
ORD008028,CUST0154,Mumbai,2023-03-04,Sports,Water Jug,2,599,0.2,958.4,Net Banking,5,0
ORD008029,CUST1478,Kolkata,2024-12-12,Books,Data Science Guide,3,899,0.0,2697.0,Credit Card,5,0
ORD008030,CUST1429,Lucknow,2024-09-23,Home & Kitchen,Coffee Mug,2,249,0.15,423.3,Debit Card,4,0
ORD008031,CUST0126,Jaipur,2023-06-12,Electronics,USB Hub,1,899,0.0,899.0,UPI,5,0
ORD008032,CUST1407,Hyderabad,2024-02-16,Groceries,Mixed Nuts,1,599,0.1,539.1,Net Banking,4,0
ORD008033,CUST0531,Hyderabad,2024-01-05,Clothing,Formal Shirt,2,899,0.1,1618.2,Credit Card,4,0
ORD008034,CUST1271,Hyderabad,2024-11-16,Groceries,Basmati Rice 5kg,3,499,0.0,1497.0,Net Banking,5,0
ORD008035,CUST0620,Mumbai,2023-09-15,Beauty,Face Serum,2,999,0.0,1998.0,Net Banking,5,0
ORD008036,CUST0672,Lucknow,2024-11-05,Home & Kitchen,Water Bottle,1,399,0.05,379.05,Cash on Delivery,5,0
ORD008037,CUST0987,Jaipur,2023-03-20,Beauty,Body Lotion,4,349,0.0,1396.0,Credit Card,5,0
ORD008038,CUST1167,Ahmedabad,2024-11-02,Sports,Yoga Mat,4,799,0.15,2716.6,Credit Card,4,0
ORD008039,CUST0054,Lucknow,2023-06-23,Sports,Running Shoes,1,3499,0.05,3324.05,Debit Card,5,0
ORD008040,CUST0918,Kolkata,2023-02-12,Groceries,Protein Bar Pack,1,699,0.0,699.0,Credit Card,4,0
ORD008041,CUST0279,Mumbai,2023-06-05,Home & Kitchen,Air Fryer,2,3999,0.1,7198.2,Cash on Delivery,3,0
ORD008042,CUST0510,Hyderabad,2024-12-17,Clothing,Formal Shirt,1,899,0.2,719.2,Credit Card,4,0
ORD008043,CUST0513,Mumbai,2023-03-07,Electronics,Phone Charger,3,599,0.0,1797.0,Credit Card,5,0
ORD008044,CUST0717,Ahmedabad,2024-04-01,Groceries,Protein Bar Pack,3,699,0.15,1782.45,Cash on Delivery,3,0
ORD008045,CUST0500,Ahmedabad,2023-05-10,Electronics,USB Hub,3,899,0.0,2697.0,Cash on Delivery,4,0
ORD008046,CUST0177,Jaipur,2024-09-19,Clothing,Jacket,1,2999,0.0,2999.0,Net Banking,5,0
ORD008047,CUST0231,Mumbai,2024-01-21,Groceries,Protein Bar Pack,3,699,0.0,2097.0,UPI,5,0
ORD008048,CUST0054,Lucknow,2023-07-20,Groceries,Olive Oil,4,799,0.0,3196.0,Debit Card,4,0
ORD008049,CUST0718,Lucknow,2024-02-29,Beauty,Body Lotion,3,349,0.15,889.95,Cash on Delivery,4,0
ORD008050,CUST1440,Lucknow,2023-07-24,Electronics,Phone Charger,3,599,0.1,1617.3,Cash on Delivery,5,0
ORD008051,CUST0188,Ahmedabad,2023-02-12,Clothing,Formal Shirt,1,899,0.0,899.0,Credit Card,3,0
ORD008052,CUST1426,Ahmedabad,2024-08-18,Home & Kitchen,Storage Box,3,299,0.2,717.6,Cash on Delivery,2,1
ORD008053,CUST1115,Ahmedabad,2024-11-30,Clothing,Formal Shirt,1,899,0.05,854.05,Debit Card,4,0
ORD008054,CUST0991,Lucknow,2024-12-26,Clothing,Formal Shirt,2,899,0.2,1438.4,Net Banking,5,0
ORD008055,CUST1003,Lucknow,2023-04-13,Electronics,Webcam,2,2199,0.2,3518.4,Cash on Delivery,5,0
ORD008056,CUST1239,Ahmedabad,2023-01-18,Clothing,Cotton T-Shirt,4,499,0.15,1696.6,Debit Card,5,0
ORD008057,CUST0177,Jaipur,2024-06-24,Sports,Resistance Bands,2,499,0.0,998.0,Net Banking,5,0
ORD008058,CUST0768,Hyderabad,2023-03-28,Books,Fiction Novel,1,299,0.15,254.15,Credit Card,5,0
ORD008059,CUST1062,Hyderabad,2023-08-30,Sports,Yoga Mat,2,799,0.2,1278.4,Cash on Delivery,5,0
ORD008060,CUST0905,Lucknow,2024-11-22,Clothing,Sneakers,4,2499,0.0,9996.0,UPI,3,0
ORD008061,CUST1245,Pune,2024-01-02,Home & Kitchen,Coffee Mug,3,249,0.0,747.0,UPI,4,0
ORD008062,CUST0117,Bangalore,2024-11-02,Books,Python Programming,1,699,0.1,629.1,UPI,5,0
ORD008063,CUST1055,Ahmedabad,2024-02-05,Groceries,Protein Bar Pack,2,699,0.1,1258.2,Cash on Delivery,4,0
ORD008064,CUST0807,Pune,2023-01-18,Books,Self Help,2,449,0.0,898.0,Debit Card,5,0
ORD008065,CUST0548,Jaipur,2023-08-19,Sports,Running Shoes,2,3499,0.0,6998.0,Cash on Delivery,2,0
ORD008066,CUST0507,Delhi,2024-09-13,Electronics,USB Hub,3,899,0.0,2697.0,Debit Card,2,0
ORD008067,CUST0957,Jaipur,2024-06-17,Sports,Running Shoes,4,3499,0.0,13996.0,Cash on Delivery,5,0
ORD008068,CUST1344,Ahmedabad,2024-08-13,Clothing,Jacket,3,2999,0.0,8997.0,Credit Card,5,0
ORD008069,CUST0756,Ahmedabad,2023-08-14,Electronics,Laptop Stand,4,1299,0.0,5196.0,Cash on Delivery,4,0
ORD008070,CUST1238,Delhi,2023-08-10,Clothing,Sneakers,4,2499,0.0,9996.0,UPI,5,0
ORD008071,CUST0582,Ahmedabad,2023-11-04,Sports,Yoga Mat,2,799,0.15,1358.3,Net Banking,4,0
ORD008072,CUST0166,Delhi,2024-07-24,Sports,Gym Gloves,2,399,0.0,798.0,UPI,4,0
ORD008073,CUST0102,Jaipur,2023-03-17,Books,Business Strategy,2,599,0.0,1198.0,UPI,1,0
ORD008074,CUST0082,Hyderabad,2023-11-12,Books,Business Strategy,3,599,0.2,1437.6,UPI,4,0
ORD008075,CUST0549,Kolkata,2024-04-02,Home & Kitchen,Coffee Mug,2,249,0.0,498.0,UPI,4,0
ORD008076,CUST0502,Delhi,2023-07-13,Electronics,Webcam,4,2199,0.0,8796.0,Debit Card,5,0
ORD008077,CUST1092,Lucknow,2024-09-22,Electronics,Laptop Stand,4,1299,0.0,5196.0,Debit Card,5,0
ORD008078,CUST1124,Mumbai,2023-03-18,Groceries,Mixed Nuts,2,599,0.1,1078.2,Debit Card,1,0
ORD008079,CUST0082,Hyderabad,2023-02-23,Electronics,USB Hub,1,899,0.15,764.15,Net Banking,4,0
ORD008080,CUST0342,Jaipur,2023-06-03,Clothing,Jacket,1,2999,0.0,2999.0,Cash on Delivery,5,0
ORD008081,CUST0415,Mumbai,2024-04-03,Home & Kitchen,Water Bottle,3,399,0.2,957.6,UPI,4,0
ORD008082,CUST0826,Jaipur,2024-04-19,Electronics,Phone Charger,4,599,0.0,2396.0,Cash on Delivery,2,1
ORD008083,CUST0230,Delhi,2023-01-24,Home & Kitchen,Water Bottle,2,399,0.15,678.3,Debit Card,5,0
ORD008084,CUST0215,Lucknow,2024-03-15,Groceries,Basmati Rice 5kg,4,499,0.05,1896.2,Cash on Delivery,4,0
ORD008085,CUST1425,Chennai,2023-06-18,Sports,Gym Gloves,2,399,0.0,798.0,Net Banking,4,0
ORD008086,CUST1207,Hyderabad,2023-11-07,Clothing,Cotton T-Shirt,2,499,0.0,998.0,UPI,4,0
ORD008087,CUST0273,Hyderabad,2023-12-25,Sports,Resistance Bands,3,499,0.05,1422.15,Credit Card,4,0
ORD008088,CUST0595,Chennai,2024-09-04,Sports,Resistance Bands,3,499,0.2,1197.6,Cash on Delivery,2,0
ORD008089,CUST0523,Kolkata,2023-11-02,Groceries,Mixed Nuts,1,599,0.2,479.2,Debit Card,4,0
ORD008090,CUST1187,Hyderabad,2023-07-20,Beauty,Lip Balm Pack,4,199,0.2,636.8,Cash on Delivery,5,0
ORD008091,CUST0775,Hyderabad,2023-10-27,Books,Data Science Guide,3,899,0.05,2562.15,UPI,5,0
ORD008092,CUST0204,Delhi,2024-03-23,Sports,Water Jug,3,599,0.05,1707.15,UPI,4,0
ORD008093,CUST1122,Chennai,2023-01-05,Books,Business Strategy,4,599,0.05,2276.2,Cash on Delivery,4,0
ORD008094,CUST0576,Hyderabad,2024-04-20,Home & Kitchen,Storage Box,1,299,0.05,284.05,Cash on Delivery,4,0
ORD008095,CUST0402,Hyderabad,2023-04-12,Home & Kitchen,Storage Box,3,299,0.0,897.0,Credit Card,4,0
ORD008096,CUST0541,Ahmedabad,2023-12-06,Groceries,Green Tea,2,299,0.2,478.4,Net Banking,4,0
ORD008097,CUST0758,Jaipur,2023-09-26,Electronics,USB Hub,2,899,0.05,1708.1,Cash on Delivery,4,0
ORD008098,CUST0508,Hyderabad,2024-07-12,Home & Kitchen,Coffee Mug,3,249,0.0,747.0,Net Banking,2,0
ORD008099,CUST0379,Delhi,2024-06-03,Home & Kitchen,Air Fryer,4,3999,0.0,15996.0,Debit Card,5,0
ORD008100,CUST0576,Hyderabad,2023-10-30,Sports,Running Shoes,1,3499,0.15,2974.15,Debit Card,3,0
ORD008101,CUST0035,Pune,2024-10-06,Beauty,Lip Balm Pack,3,199,0.0,597.0,Credit Card,5,0
ORD008102,CUST1166,Delhi,2023-12-09,Books,Fiction Novel,2,299,0.0,598.0,Debit Card,3,0
ORD008103,CUST0262,Bangalore,2024-08-17,Beauty,Sunscreen SPF50,1,499,0.0,499.0,UPI,5,0
ORD008104,CUST0071,Chennai,2024-01-23,Groceries,Protein Bar Pack,2,699,0.05,1328.1,Credit Card,4,0
ORD008105,CUST1012,Jaipur,2024-08-27,Beauty,Hair Mask,4,399,0.0,1596.0,Credit Card,5,0
ORD008106,CUST1167,Ahmedabad,2024-09-03,Groceries,Basmati Rice 5kg,2,499,0.15,848.3,UPI,5,0
ORD008107,CUST1221,Kolkata,2024-07-13,Groceries,Green Tea,2,299,0.15,508.3,Debit Card,4,0
ORD008108,CUST0752,Hyderabad,2024-09-15,Groceries,Green Tea,3,299,0.1,807.3,Cash on Delivery,5,0
ORD008109,CUST0314,Chennai,2024-08-27,Books,Fiction Novel,1,299,0.05,284.05,UPI,4,0
ORD008110,CUST1121,Lucknow,2023-05-17,Beauty,Body Lotion,3,349,0.0,1047.0,Net Banking,4,0
ORD008111,CUST1066,Delhi,2023-01-08,Books,Business Strategy,1,599,0.0,599.0,Credit Card,4,0
ORD008112,CUST0385,Jaipur,2024-11-14,Electronics,Webcam,1,2199,0.05,2089.05,Cash on Delivery,4,0
ORD008113,CUST1360,Kolkata,2023-03-23,Home & Kitchen,Water Bottle,1,399,0.0,399.0,Cash on Delivery,4,0
ORD008114,CUST0171,Bangalore,2023-01-27,Home & Kitchen,Water Bottle,2,399,0.05,758.1,Cash on Delivery,4,0
ORD008115,CUST1470,Kolkata,2024-11-16,Books,Python Programming,1,699,0.0,699.0,UPI,1,0
ORD008116,CUST1302,Delhi,2024-11-01,Sports,Water Jug,1,599,0.1,539.1,UPI,4,0
ORD008117,CUST1054,Pune,2024-05-17,Electronics,Wireless Earbuds,3,2499,0.1,6747.3,Cash on Delivery,4,0
ORD008118,CUST1416,Lucknow,2024-09-06,Clothing,Formal Shirt,3,899,0.0,2697.0,Debit Card,5,0
ORD008119,CUST1102,Jaipur,2023-01-18,Electronics,Wireless Earbuds,3,2499,0.0,7497.0,UPI,5,0
ORD008120,CUST0281,Mumbai,2024-10-04,Beauty,Face Serum,2,999,0.1,1798.2,Net Banking,5,0
ORD008121,CUST0675,Hyderabad,2024-04-21,Groceries,Mixed Nuts,1,599,0.2,479.2,Debit Card,4,0
ORD008122,CUST0117,Bangalore,2024-01-18,Groceries,Mixed Nuts,1,599,0.15,509.15,UPI,4,0
ORD008123,CUST0566,Chennai,2023-07-29,Electronics,Webcam,1,2199,0.1,1979.1,Net Banking,4,0
ORD008124,CUST1124,Mumbai,2024-03-29,Beauty,Lip Balm Pack,1,199,0.2,159.2,Cash on Delivery,5,0
ORD008125,CUST0559,Ahmedabad,2024-11-17,Home & Kitchen,Air Fryer,4,3999,0.0,15996.0,UPI,4,0
ORD008126,CUST0492,Lucknow,2023-04-13,Electronics,Phone Charger,3,599,0.2,1437.6,Cash on Delivery,3,0
ORD008127,CUST0919,Ahmedabad,2024-09-07,Groceries,Green Tea,2,299,0.05,568.1,UPI,4,0
ORD008128,CUST1316,Pune,2024-04-19,Sports,Running Shoes,2,3499,0.05,6648.1,Net Banking,5,0
ORD008129,CUST0076,Hyderabad,2024-03-01,Sports,Gym Gloves,2,399,0.0,798.0,Credit Card,4,0
ORD008130,CUST0555,Chennai,2024-11-19,Beauty,Hair Mask,4,399,0.1,1436.4,UPI,5,0
ORD008131,CUST0248,Jaipur,2024-06-20,Sports,Yoga Mat,4,799,0.0,3196.0,Net Banking,5,0
ORD008132,CUST1061,Chennai,2023-06-23,Home & Kitchen,Air Fryer,1,3999,0.0,3999.0,UPI,5,0
ORD008133,CUST0175,Bangalore,2024-09-30,Beauty,Face Serum,2,999,0.0,1998.0,UPI,5,0
ORD008134,CUST1024,Pune,2023-04-23,Groceries,Green Tea,4,299,0.1,1076.4,Net Banking,4,0
ORD008135,CUST0438,Chennai,2024-07-29,Clothing,Formal Shirt,3,899,0.0,2697.0,Net Banking,4,0
ORD008136,CUST0305,Kolkata,2024-08-03,Clothing,Denim Jeans,4,1299,0.0,5196.0,UPI,5,0
ORD008137,CUST1410,Ahmedabad,2024-07-07,Sports,Yoga Mat,2,799,0.15,1358.3,Cash on Delivery,5,0
ORD008138,CUST0035,Pune,2024-06-12,Home & Kitchen,Air Fryer,1,3999,0.1,3599.1,Credit Card,3,0
ORD008139,CUST0662,Bangalore,2024-04-29,Electronics,Phone Charger,2,599,0.2,958.4,Debit Card,5,0
ORD008140,CUST0036,Delhi,2023-08-29,Clothing,Denim Jeans,1,1299,0.0,1299.0,Credit Card,3,0
ORD008141,CUST0737,Hyderabad,2024-04-21,Books,Self Help,1,449,0.15,381.65,Credit Card,5,0
ORD008142,CUST0761,Jaipur,2024-09-08,Clothing,Sneakers,4,2499,0.2,7996.8,Debit Card,4,0
ORD008143,CUST0482,Lucknow,2024-09-23,Books,Fiction Novel,4,299,0.2,956.8,Cash on Delivery,5,0
ORD008144,CUST0212,Hyderabad,2023-06-26,Books,Python Programming,2,699,0.15,1188.3,Credit Card,3,0
ORD008145,CUST0541,Ahmedabad,2023-02-25,Beauty,Body Lotion,2,349,0.0,698.0,Cash on Delivery,4,0
ORD008146,CUST1029,Ahmedabad,2024-09-10,Groceries,Olive Oil,3,799,0.0,2397.0,Cash on Delivery,4,0
ORD008147,CUST1179,Delhi,2023-12-28,Electronics,Laptop Stand,3,1299,0.1,3507.3,Credit Card,4,0
ORD008148,CUST0804,Ahmedabad,2023-12-15,Beauty,Hair Mask,2,399,0.15,678.3,Cash on Delivery,5,0
ORD008149,CUST0907,Mumbai,2023-10-29,Electronics,Wireless Earbuds,2,2499,0.1,4498.2,UPI,3,0
ORD008150,CUST0306,Lucknow,2024-12-24,Beauty,Face Serum,4,999,0.0,3996.0,Debit Card,3,0
ORD008151,CUST0439,Bangalore,2024-05-19,Beauty,Face Serum,2,999,0.05,1898.1,Debit Card,5,0
ORD008152,CUST0250,Mumbai,2023-12-16,Groceries,Basmati Rice 5kg,2,499,0.0,998.0,Net Banking,5,0
ORD008153,CUST0389,Mumbai,2024-10-16,Sports,Resistance Bands,3,499,0.15,1272.45,Debit Card,3,0
ORD008154,CUST0352,Bangalore,2023-04-28,Clothing,Denim Jeans,3,1299,0.1,3507.3,Cash on Delivery,4,0
ORD008155,CUST0790,Mumbai,2024-10-05,Clothing,Denim Jeans,1,1299,0.0,1299.0,Debit Card,5,0
ORD008156,CUST0852,Jaipur,2024-01-12,Sports,Water Jug,4,599,0.1,2156.4,Net Banking,5,0
ORD008157,CUST1426,Ahmedabad,2024-04-07,Clothing,Cotton T-Shirt,1,499,0.05,474.05,Debit Card,1,1
ORD008158,CUST0297,Delhi,2023-05-16,Electronics,Webcam,2,2199,0.0,4398.0,Net Banking,4,0
ORD008159,CUST0999,Chennai,2024-10-13,Beauty,Lip Balm Pack,4,199,0.0,796.0,Debit Card,5,0
ORD008160,CUST1226,Ahmedabad,2024-12-13,Home & Kitchen,Water Bottle,2,399,0.0,798.0,UPI,4,0
ORD008161,CUST0848,Delhi,2023-10-05,Electronics,Wireless Earbuds,1,2499,0.0,2499.0,Cash on Delivery,4,0
ORD008162,CUST0394,Hyderabad,2024-08-27,Home & Kitchen,Coffee Mug,3,249,0.0,747.0,Cash on Delivery,3,0
ORD008163,CUST0402,Hyderabad,2024-08-22,Electronics,Webcam,3,2199,0.1,5937.3,UPI,5,0
ORD008164,CUST0066,Pune,2024-08-31,Groceries,Mixed Nuts,3,599,0.15,1527.45,UPI,4,0
ORD008165,CUST0465,Pune,2023-02-26,Groceries,Protein Bar Pack,2,699,0.15,1188.3,UPI,4,0
ORD008166,CUST1130,Lucknow,2023-04-21,Beauty,Hair Mask,2,399,0.15,678.3,UPI,4,0
ORD008167,CUST0076,Hyderabad,2023-01-02,Home & Kitchen,Water Bottle,3,399,0.1,1077.3,Net Banking,5,0
ORD008168,CUST0338,Ahmedabad,2023-09-22,Groceries,Basmati Rice 5kg,3,499,0.0,1497.0,UPI,4,0
ORD008169,CUST1080,Jaipur,2023-10-27,Home & Kitchen,Storage Box,1,299,0.2,239.2,Debit Card,5,0
ORD008170,CUST1179,Delhi,2024-01-24,Groceries,Olive Oil,4,799,0.0,3196.0,Credit Card,4,0
ORD008171,CUST0691,Pune,2023-09-14,Sports,Gym Gloves,2,399,0.0,798.0,Credit Card,4,0
ORD008172,CUST1063,Delhi,2023-03-20,Home & Kitchen,Coffee Mug,3,249,0.0,747.0,Cash on Delivery,4,0
ORD008173,CUST0560,Hyderabad,2024-09-15,Electronics,Phone Charger,4,599,0.15,2036.6,Net Banking,5,0
ORD008174,CUST0249,Delhi,2023-08-08,Groceries,Mixed Nuts,2,599,0.1,1078.2,Net Banking,4,0
ORD008175,CUST0576,Hyderabad,2023-09-15,Clothing,Sneakers,1,2499,0.0,2499.0,Debit Card,5,0
ORD008176,CUST0892,Jaipur,2023-01-02,Groceries,Basmati Rice 5kg,2,499,0.0,998.0,Cash on Delivery,5,0
ORD008177,CUST1428,Ahmedabad,2023-04-11,Books,Data Science Guide,3,899,0.2,2157.6,Net Banking,3,0
ORD008178,CUST0114,Delhi,2024-04-11,Clothing,Denim Jeans,2,1299,0.2,2078.4,Credit Card,5,0
ORD008179,CUST0772,Delhi,2024-05-09,Home & Kitchen,Storage Box,1,299,0.1,269.1,Net Banking,4,0
ORD008180,CUST0490,Hyderabad,2023-06-15,Electronics,Wireless Earbuds,4,2499,0.0,9996.0,Cash on Delivery,4,0
ORD008181,CUST0772,Delhi,2023-08-03,Sports,Gym Gloves,4,399,0.05,1516.2,UPI,4,0
ORD008182,CUST0044,Mumbai,2023-12-16,Clothing,Cotton T-Shirt,1,499,0.1,449.1,Debit Card,5,0
ORD008183,CUST0474,Kolkata,2024-11-29,Books,Self Help,3,449,0.0,1347.0,Debit Card,5,0
ORD008184,CUST1230,Delhi,2024-06-24,Home & Kitchen,Water Bottle,2,399,0.0,798.0,UPI,5,0
ORD008185,CUST0838,Kolkata,2024-06-03,Electronics,Wireless Earbuds,3,2499,0.2,5997.6,Cash on Delivery,4,0
ORD008186,CUST0684,Mumbai,2024-09-08,Sports,Yoga Mat,1,799,0.0,799.0,Debit Card,5,0
ORD008187,CUST0436,Mumbai,2024-12-28,Sports,Yoga Mat,4,799,0.2,2556.8,UPI,4,0
ORD008188,CUST0451,Delhi,2023-07-14,Clothing,Cotton T-Shirt,4,499,0.0,1996.0,Cash on Delivery,4,0
ORD008189,CUST0552,Bangalore,2023-11-13,Books,Business Strategy,3,599,0.0,1797.0,UPI,3,0
ORD008190,CUST1249,Hyderabad,2024-09-02,Sports,Water Jug,1,599,0.2,479.2,Credit Card,4,0
ORD008191,CUST1453,Bangalore,2023-10-26,Groceries,Basmati Rice 5kg,2,499,0.0,998.0,Debit Card,3,0
ORD008192,CUST0662,Bangalore,2024-10-22,Beauty,Face Serum,1,999,0.1,899.1,Net Banking,3,0
ORD008193,CUST0572,Bangalore,2023-08-15,Clothing,Cotton T-Shirt,4,499,0.0,1996.0,Debit Card,3,0
ORD008194,CUST1272,Lucknow,2023-06-24,Electronics,Webcam,4,2199,0.2,7036.8,Net Banking,4,0
ORD008195,CUST0639,Ahmedabad,2023-05-02,Sports,Resistance Bands,1,499,0.05,474.05,Credit Card,5,0
ORD008196,CUST0837,Lucknow,2024-07-06,Clothing,Formal Shirt,4,899,0.1,3236.4,Net Banking,5,0
ORD008197,CUST0360,Jaipur,2023-11-07,Sports,Yoga Mat,1,799,0.0,799.0,Cash on Delivery,5,0
ORD008198,CUST1125,Kolkata,2023-06-16,Sports,Resistance Bands,4,499,0.2,1596.8,UPI,5,0
ORD008199,CUST0806,Ahmedabad,2023-02-08,Books,Fiction Novel,3,299,0.0,897.0,Cash on Delivery,4,0
ORD008200,CUST1214,Kolkata,2024-07-07,Sports,Yoga Mat,3,799,0.0,2397.0,Credit Card,4,0
ORD008201,CUST1177,Chennai,2024-06-02,Beauty,Body Lotion,4,349,0.05,1326.2,Credit Card,4,0
ORD008202,CUST0327,Jaipur,2023-02-27,Home & Kitchen,Knife Set,3,1299,0.2,3117.6,Cash on Delivery,5,0
ORD008203,CUST1091,Ahmedabad,2023-10-31,Electronics,Wireless Earbuds,3,2499,0.0,7497.0,Debit Card,5,0
ORD008204,CUST1199,Delhi,2023-04-30,Home & Kitchen,Knife Set,4,1299,0.0,5196.0,Debit Card,5,0
ORD008205,CUST0510,Hyderabad,2023-12-14,Clothing,Cotton T-Shirt,4,499,0.0,1996.0,UPI,5,0
ORD008206,CUST0264,Mumbai,2023-08-09,Electronics,Wireless Earbuds,1,2499,0.0,2499.0,Net Banking,4,0
ORD008207,CUST0003,Chennai,2023-11-16,Beauty,Body Lotion,3,349,0.05,994.65,Net Banking,4,0
ORD008208,CUST0684,Mumbai,2024-04-06,Books,Data Science Guide,3,899,0.2,2157.6,Credit Card,5,0
ORD008209,CUST0519,Ahmedabad,2024-01-10,Books,Fiction Novel,3,299,0.2,717.6,Net Banking,4,0
ORD008210,CUST0840,Lucknow,2023-06-28,Clothing,Cotton T-Shirt,2,499,0.0,998.0,Credit Card,4,0
ORD008211,CUST0280,Pune,2023-07-18,Sports,Resistance Bands,2,499,0.05,948.1,Net Banking,5,0
ORD008212,CUST1302,Delhi,2023-05-23,Clothing,Formal Shirt,1,899,0.0,899.0,Cash on Delivery,4,0
ORD008213,CUST0397,Pune,2023-06-07,Electronics,Phone Charger,1,599,0.0,599.0,Debit Card,4,0
ORD008214,CUST0353,Chennai,2024-01-28,Home & Kitchen,Air Fryer,3,3999,0.0,11997.0,UPI,5,0
ORD008215,CUST0733,Chennai,2023-06-06,Sports,Resistance Bands,3,499,0.0,1497.0,UPI,4,0
ORD008216,CUST0759,Pune,2024-12-21,Groceries,Protein Bar Pack,3,699,0.2,1677.6,Net Banking,5,0
ORD008217,CUST0327,Jaipur,2024-09-08,Home & Kitchen,Water Bottle,1,399,0.05,379.05,UPI,3,0
ORD008218,CUST0413,Delhi,2024-01-30,Groceries,Green Tea,1,299,0.0,299.0,UPI,4,0
ORD008219,CUST0261,Mumbai,2023-07-28,Books,Business Strategy,2,599,0.2,958.4,UPI,4,0
ORD008220,CUST1093,Bangalore,2024-01-29,Home & Kitchen,Knife Set,4,1299,0.2,4156.8,Debit Card,5,0
ORD008221,CUST1161,Bangalore,2023-03-17,Clothing,Sneakers,4,2499,0.05,9496.2,Net Banking,4,0
ORD008222,CUST0708,Kolkata,2023-12-31,Sports,Yoga Mat,3,799,0.2,1917.6,UPI,5,0
ORD008223,CUST1089,Lucknow,2023-06-24,Clothing,Denim Jeans,3,1299,0.15,3312.45,UPI,5,0
ORD008224,CUST1118,Kolkata,2024-01-11,Sports,Water Jug,3,599,0.0,1797.0,Net Banking,4,0
ORD008225,CUST0221,Hyderabad,2023-08-23,Sports,Yoga Mat,4,799,0.0,3196.0,Cash on Delivery,4,0
ORD008226,CUST1452,Hyderabad,2024-10-24,Beauty,Lip Balm Pack,1,199,0.15,169.15,Cash on Delivery,3,0
ORD008227,CUST1231,Pune,2023-04-22,Sports,Water Jug,2,599,0.0,1198.0,Credit Card,4,0
ORD008228,CUST0314,Chennai,2024-08-02,Groceries,Protein Bar Pack,3,699,0.0,2097.0,Debit Card,5,0
ORD008229,CUST0278,Jaipur,2023-07-07,Electronics,Wireless Earbuds,3,2499,0.0,7497.0,Credit Card,4,0
ORD008230,CUST0199,Hyderabad,2024-10-16,Groceries,Basmati Rice 5kg,3,499,0.0,1497.0,Credit Card,4,0
ORD008231,CUST0221,Hyderabad,2024-07-15,Books,Fiction Novel,4,299,0.2,956.8,Debit Card,1,0
ORD008232,CUST1137,Hyderabad,2024-05-29,Groceries,Green Tea,3,299,0.0,897.0,Debit Card,5,0
ORD008233,CUST0718,Lucknow,2024-10-10,Home & Kitchen,Storage Box,3,299,0.0,897.0,UPI,4,0
ORD008234,CUST1180,Ahmedabad,2024-08-01,Beauty,Body Lotion,4,349,0.1,1256.4,Net Banking,5,0
ORD008235,CUST1135,Pune,2023-10-27,Groceries,Olive Oil,3,799,0.15,2037.45,Cash on Delivery,5,0
ORD008236,CUST0933,Jaipur,2024-01-29,Books,Python Programming,3,699,0.0,2097.0,Net Banking,4,0
ORD008237,CUST1053,Kolkata,2024-05-21,Groceries,Protein Bar Pack,3,699,0.1,1887.3,Cash on Delivery,5,0
ORD008238,CUST0035,Pune,2024-10-18,Groceries,Basmati Rice 5kg,4,499,0.1,1796.4,Net Banking,5,0
ORD008239,CUST0472,Kolkata,2024-06-07,Clothing,Formal Shirt,2,899,0.0,1798.0,Cash on Delivery,3,0
ORD008240,CUST0992,Jaipur,2024-06-18,Electronics,Webcam,4,2199,0.05,8356.2,Cash on Delivery,5,0
ORD008241,CUST0013,Mumbai,2024-09-08,Groceries,Mixed Nuts,1,599,0.0,599.0,Debit Card,5,0
ORD008242,CUST0054,Lucknow,2023-03-14,Beauty,Hair Mask,4,399,0.05,1516.2,Cash on Delivery,5,0
ORD008243,CUST1282,Delhi,2023-12-11,Sports,Gym Gloves,2,399,0.05,758.1,Net Banking,3,0
ORD008244,CUST1051,Pune,2023-05-31,Electronics,Wireless Earbuds,1,2499,0.15,2124.15,Cash on Delivery,5,0
ORD008245,CUST0406,Mumbai,2023-11-22,Beauty,Hair Mask,4,399,0.0,1596.0,Net Banking,2,0
ORD008246,CUST1054,Pune,2023-07-28,Groceries,Protein Bar Pack,1,699,0.0,699.0,Credit Card,5,0
ORD008247,CUST1192,Pune,2023-08-15,Sports,Resistance Bands,4,499,0.0,1996.0,Credit Card,5,0
ORD008248,CUST0466,Lucknow,2024-02-22,Electronics,USB Hub,3,899,0.2,2157.6,Credit Card,4,0
ORD008249,CUST0056,Delhi,2024-07-31,Sports,Water Jug,2,599,0.15,1018.3,UPI,5,0
ORD008250,CUST1407,Hyderabad,2024-05-19,Electronics,Wireless Earbuds,2,2499,0.05,4748.1,Credit Card,4,0
ORD008251,CUST0509,Chennai,2024-12-27,Home & Kitchen,Coffee Mug,2,249,0.0,498.0,Cash on Delivery,5,0
ORD008252,CUST0177,Jaipur,2023-04-04,Sports,Running Shoes,1,3499,0.0,3499.0,Debit Card,4,0
ORD008253,CUST0749,Chennai,2024-09-25,Electronics,Phone Charger,4,599,0.0,2396.0,Cash on Delivery,4,0
ORD008254,CUST1159,Jaipur,2023-02-28,Groceries,Protein Bar Pack,4,699,0.1,2516.4,Net Banking,4,0
ORD008255,CUST0345,Chennai,2024-10-14,Beauty,Sunscreen SPF50,4,499,0.0,1996.0,Net Banking,3,0
ORD008256,CUST0412,Bangalore,2023-12-20,Beauty,Body Lotion,2,349,0.05,663.1,Net Banking,5,0
ORD008257,CUST0379,Delhi,2023-02-14,Groceries,Protein Bar Pack,1,699,0.0,699.0,Cash on Delivery,1,1
ORD008258,CUST1481,Kolkata,2023-02-22,Books,Self Help,4,449,0.0,1796.0,Credit Card,1,0
ORD008259,CUST0302,Mumbai,2024-01-15,Electronics,Webcam,2,2199,0.0,4398.0,Net Banking,5,0
ORD008260,CUST0878,Delhi,2023-04-07,Home & Kitchen,Air Fryer,1,3999,0.05,3799.05,Debit Card,1,0
ORD008261,CUST1390,Chennai,2024-05-26,Beauty,Lip Balm Pack,1,199,0.0,199.0,Credit Card,2,1
ORD008262,CUST0234,Delhi,2023-04-30,Clothing,Denim Jeans,2,1299,0.15,2208.3,Net Banking,3,0
ORD008263,CUST1457,Delhi,2023-04-09,Sports,Resistance Bands,1,499,0.0,499.0,Credit Card,5,0
ORD008264,CUST1428,Ahmedabad,2024-01-23,Electronics,Wireless Earbuds,1,2499,0.15,2124.15,UPI,4,0
ORD008265,CUST1335,Kolkata,2024-01-27,Books,Fiction Novel,1,299,0.0,299.0,Net Banking,5,0
ORD008266,CUST0326,Delhi,2023-03-08,Sports,Gym Gloves,4,399,0.2,1276.8,UPI,2,0
ORD008267,CUST0987,Jaipur,2024-03-11,Sports,Running Shoes,1,3499,0.0,3499.0,Debit Card,4,0
ORD008268,CUST1151,Pune,2023-04-25,Sports,Resistance Bands,2,499,0.0,998.0,UPI,4,0
ORD008269,CUST1473,Mumbai,2024-10-08,Beauty,Sunscreen SPF50,3,499,0.1,1347.3,Net Banking,4,0
ORD008270,CUST0273,Hyderabad,2024-05-11,Home & Kitchen,Water Bottle,1,399,0.0,399.0,UPI,1,0
ORD008271,CUST1156,Jaipur,2023-12-01,Groceries,Mixed Nuts,4,599,0.0,2396.0,UPI,2,1
ORD008272,CUST0504,Jaipur,2024-06-14,Books,Data Science Guide,1,899,0.2,719.2,Debit Card,5,0
ORD008273,CUST0267,Ahmedabad,2024-12-13,Groceries,Mixed Nuts,1,599,0.0,599.0,UPI,4,0
ORD008274,CUST0628,Kolkata,2023-10-29,Sports,Running Shoes,1,3499,0.0,3499.0,UPI,3,0
ORD008275,CUST1196,Ahmedabad,2023-09-08,Books,Data Science Guide,4,899,0.0,3596.0,Debit Card,5,0
ORD008276,CUST0712,Hyderabad,2023-11-25,Clothing,Cotton T-Shirt,4,499,0.15,1696.6,Net Banking,4,0
ORD008277,CUST0811,Ahmedabad,2023-01-03,Home & Kitchen,Air Fryer,2,3999,0.0,7998.0,Net Banking,3,0
ORD008278,CUST1490,Pune,2023-08-29,Electronics,Phone Charger,2,599,0.0,1198.0,Cash on Delivery,3,0
ORD008279,CUST0578,Kolkata,2024-04-18,Home & Kitchen,Knife Set,4,1299,0.2,4156.8,Cash on Delivery,4,0
ORD008280,CUST0949,Jaipur,2023-01-12,Clothing,Denim Jeans,4,1299,0.1,4676.4,Debit Card,4,0
ORD008281,CUST0532,Bangalore,2023-11-03,Sports,Yoga Mat,1,799,0.2,639.2,Debit Card,5,0
ORD008282,CUST0571,Bangalore,2024-02-05,Electronics,Webcam,4,2199,0.05,8356.2,Net Banking,5,0
ORD008283,CUST1062,Hyderabad,2024-10-09,Clothing,Jacket,4,2999,0.0,11996.0,Cash on Delivery,3,0
ORD008284,CUST1416,Lucknow,2024-09-16,Beauty,Lip Balm Pack,3,199,0.2,477.6,Credit Card,4,0
ORD008285,CUST0815,Ahmedabad,2023-11-01,Groceries,Protein Bar Pack,1,699,0.05,664.05,Cash on Delivery,5,0
ORD008286,CUST1159,Jaipur,2024-05-29,Groceries,Mixed Nuts,3,599,0.15,1527.45,UPI,5,0
ORD008287,CUST0141,Jaipur,2023-05-01,Home & Kitchen,Storage Box,4,299,0.05,1136.2,Net Banking,4,0
ORD008288,CUST0323,Lucknow,2023-06-21,Electronics,USB Hub,2,899,0.0,1798.0,Cash on Delivery,4,0
ORD008289,CUST0764,Ahmedabad,2023-08-09,Clothing,Denim Jeans,4,1299,0.2,4156.8,Debit Card,3,0
ORD008290,CUST0035,Pune,2023-11-25,Beauty,Lip Balm Pack,4,199,0.05,756.2,Cash on Delivery,4,0
ORD008291,CUST0391,Pune,2023-11-09,Books,Business Strategy,2,599,0.05,1138.1,UPI,5,0
ORD008292,CUST0788,Bangalore,2023-10-09,Home & Kitchen,Storage Box,3,299,0.15,762.45,Debit Card,5,0
ORD008293,CUST0029,Bangalore,2024-10-20,Books,Python Programming,1,699,0.0,699.0,UPI,3,0
ORD008294,CUST0404,Bangalore,2024-07-30,Clothing,Sneakers,4,2499,0.0,9996.0,Debit Card,4,0
ORD008295,CUST0781,Lucknow,2023-05-20,Sports,Gym Gloves,2,399,0.0,798.0,UPI,5,0
ORD008296,CUST0873,Jaipur,2023-12-24,Beauty,Hair Mask,2,399,0.0,798.0,Cash on Delivery,4,0
ORD008297,CUST1394,Chennai,2024-06-20,Beauty,Sunscreen SPF50,2,499,0.2,798.4,Net Banking,4,0
ORD008298,CUST1003,Lucknow,2024-01-13,Beauty,Hair Mask,4,399,0.15,1356.6,Debit Card,4,0
ORD008299,CUST0615,Jaipur,2024-12-17,Books,Python Programming,2,699,0.2,1118.4,Credit Card,5,0
ORD008300,CUST1404,Mumbai,2024-10-12,Electronics,Phone Charger,2,599,0.2,958.4,Net Banking,4,0
ORD008301,CUST1181,Pune,2024-11-19,Electronics,Webcam,1,2199,0.0,2199.0,Credit Card,4,0
ORD008302,CUST0306,Lucknow,2023-03-22,Electronics,USB Hub,1,899,0.0,899.0,Cash on Delivery,4,0
ORD008303,CUST0208,Jaipur,2023-03-12,Electronics,Laptop Stand,2,1299,0.0,2598.0,Cash on Delivery,4,0
ORD008304,CUST1038,Jaipur,2024-01-02,Groceries,Olive Oil,1,799,0.0,799.0,Net Banking,4,0
ORD008305,CUST0848,Delhi,2023-07-26,Groceries,Basmati Rice 5kg,1,499,0.05,474.05,Net Banking,5,0
ORD008306,CUST1186,Delhi,2024-03-25,Books,Business Strategy,1,599,0.0,599.0,Cash on Delivery,5,0
ORD008307,CUST1122,Chennai,2024-01-15,Beauty,Sunscreen SPF50,1,499,0.2,399.2,Cash on Delivery,2,0
ORD008308,CUST0970,Jaipur,2024-10-21,Sports,Yoga Mat,1,799,0.0,799.0,UPI,4,0
ORD008309,CUST1475,Delhi,2023-05-23,Groceries,Olive Oil,1,799,0.0,799.0,Debit Card,4,0
ORD008310,CUST0807,Pune,2024-02-11,Clothing,Cotton T-Shirt,4,499,0.0,1996.0,Debit Card,4,0
ORD008311,CUST0184,Kolkata,2023-01-09,Home & Kitchen,Knife Set,2,1299,0.1,2338.2,Cash on Delivery,5,0
ORD008312,CUST1241,Hyderabad,2024-02-08,Clothing,Sneakers,2,2499,0.0,4998.0,Net Banking,5,0
ORD008313,CUST0391,Pune,2023-11-13,Books,Data Science Guide,1,899,0.0,899.0,Credit Card,4,0
ORD008314,CUST1172,Jaipur,2024-09-03,Home & Kitchen,Storage Box,2,299,0.2,478.4,Net Banking,4,0
ORD008315,CUST1441,Ahmedabad,2023-07-10,Electronics,USB Hub,1,899,0.0,899.0,UPI,4,0
ORD008316,CUST1062,Hyderabad,2024-01-21,Clothing,Jacket,2,2999,0.0,5998.0,UPI,5,0
ORD008317,CUST0919,Ahmedabad,2023-07-23,Books,Self Help,1,449,0.0,449.0,Debit Card,4,0
ORD008318,CUST0706,Ahmedabad,2024-05-24,Beauty,Body Lotion,1,349,0.05,331.55,Debit Card,4,0
ORD008319,CUST0532,Bangalore,2023-02-22,Books,Fiction Novel,3,299,0.0,897.0,UPI,4,0
ORD008320,CUST0519,Ahmedabad,2024-07-25,Books,Self Help,3,449,0.0,1347.0,UPI,5,0
ORD008321,CUST0990,Hyderabad,2024-06-04,Home & Kitchen,Storage Box,2,299,0.2,478.4,Net Banking,5,0
ORD008322,CUST1141,Delhi,2024-09-13,Beauty,Sunscreen SPF50,3,499,0.0,1497.0,Cash on Delivery,4,0
ORD008323,CUST1042,Kolkata,2023-10-22,Sports,Gym Gloves,2,399,0.0,798.0,UPI,4,0
ORD008324,CUST0304,Delhi,2023-01-22,Electronics,USB Hub,2,899,0.0,1798.0,Cash on Delivery,1,1
ORD008325,CUST0752,Hyderabad,2024-04-29,Sports,Water Jug,1,599,0.0,599.0,UPI,4,0
ORD008326,CUST1190,Lucknow,2024-08-02,Beauty,Hair Mask,3,399,0.0,1197.0,Credit Card,5,0
ORD008327,CUST0725,Bangalore,2024-09-26,Books,Business Strategy,4,599,0.15,2036.6,Net Banking,4,0
ORD008328,CUST0811,Ahmedabad,2023-08-09,Clothing,Sneakers,2,2499,0.2,3998.4,UPI,4,0
ORD008329,CUST1164,Chennai,2024-11-18,Beauty,Sunscreen SPF50,1,499,0.0,499.0,Debit Card,5,0
ORD008330,CUST1019,Lucknow,2024-09-01,Books,Business Strategy,3,599,0.0,1797.0,Debit Card,4,0
ORD008331,CUST0606,Ahmedabad,2023-07-31,Beauty,Hair Mask,4,399,0.15,1356.6,Net Banking,4,0
ORD008332,CUST1349,Kolkata,2024-01-03,Books,Data Science Guide,1,899,0.0,899.0,UPI,3,0
ORD008333,CUST0250,Mumbai,2023-08-15,Sports,Water Jug,1,599,0.0,599.0,Credit Card,5,0
ORD008334,CUST1492,Kolkata,2024-05-17,Electronics,Laptop Stand,3,1299,0.0,3897.0,Debit Card,4,0
ORD008335,CUST0193,Pune,2023-05-26,Groceries,Green Tea,2,299,0.05,568.1,Cash on Delivery,5,0
ORD008336,CUST0029,Bangalore,2023-03-30,Books,Data Science Guide,1,899,0.0,899.0,Cash on Delivery,4,0
ORD008337,CUST1343,Bangalore,2024-05-22,Groceries,Mixed Nuts,2,599,0.1,1078.2,Net Banking,5,0
ORD008338,CUST0384,Lucknow,2023-11-28,Electronics,Laptop Stand,1,1299,0.0,1299.0,Cash on Delivery,5,0
ORD008339,CUST1108,Chennai,2023-12-25,Clothing,Formal Shirt,1,899,0.0,899.0,UPI,5,0
ORD008340,CUST1218,Delhi,2023-06-12,Sports,Resistance Bands,3,499,0.05,1422.15,Net Banking,5,0
ORD008341,CUST1302,Delhi,2023-10-15,Clothing,Jacket,4,2999,0.2,9596.8,Debit Card,3,0
ORD008342,CUST1481,Kolkata,2023-06-07,Beauty,Face Serum,4,999,0.0,3996.0,Debit Card,1,0
ORD008343,CUST0447,Pune,2023-10-28,Sports,Water Jug,4,599,0.1,2156.4,Net Banking,3,0
ORD008344,CUST1085,Bangalore,2023-08-16,Home & Kitchen,Storage Box,1,299,0.0,299.0,Net Banking,4,0
ORD008345,CUST0187,Jaipur,2024-08-27,Beauty,Sunscreen SPF50,1,499,0.15,424.15,UPI,4,0
ORD008346,CUST0595,Chennai,2024-08-30,Electronics,Laptop Stand,4,1299,0.1,4676.4,Debit Card,3,0
ORD008347,CUST1275,Bangalore,2024-02-10,Books,Fiction Novel,3,299,0.2,717.6,Cash on Delivery,4,0
ORD008348,CUST0533,Jaipur,2024-03-06,Beauty,Hair Mask,3,399,0.0,1197.0,Cash on Delivery,4,0
ORD008349,CUST0912,Ahmedabad,2023-03-27,Clothing,Denim Jeans,1,1299,0.2,1039.2,Net Banking,3,0
ORD008350,CUST0767,Chennai,2023-01-30,Beauty,Body Lotion,3,349,0.0,1047.0,Debit Card,3,0
ORD008351,CUST1003,Lucknow,2024-12-10,Electronics,Webcam,1,2199,0.05,2089.05,Credit Card,5,0
ORD008352,CUST1460,Kolkata,2023-06-23,Books,Data Science Guide,4,899,0.0,3596.0,UPI,4,0
ORD008353,CUST0090,Delhi,2023-06-25,Books,Python Programming,3,699,0.2,1677.6,Credit Card,3,0
ORD008354,CUST0877,Bangalore,2023-07-24,Home & Kitchen,Storage Box,4,299,0.0,1196.0,Credit Card,5,0
ORD008355,CUST1306,Delhi,2024-09-27,Beauty,Lip Balm Pack,2,199,0.2,318.4,Net Banking,4,0
ORD008356,CUST0734,Jaipur,2023-11-26,Electronics,USB Hub,3,899,0.15,2292.45,UPI,5,0
ORD008357,CUST0127,Chennai,2024-04-20,Beauty,Sunscreen SPF50,1,499,0.0,499.0,UPI,5,0
ORD008358,CUST0848,Delhi,2023-10-25,Beauty,Lip Balm Pack,4,199,0.05,756.2,UPI,3,0
ORD008359,CUST0499,Jaipur,2023-08-04,Home & Kitchen,Storage Box,1,299,0.1,269.1,Debit Card,3,0
ORD008360,CUST0243,Chennai,2023-09-06,Clothing,Denim Jeans,3,1299,0.0,3897.0,Debit Card,5,0
ORD008361,CUST1278,Bangalore,2023-12-28,Electronics,USB Hub,4,899,0.15,3056.6,Cash on Delivery,4,0
ORD008362,CUST0794,Mumbai,2023-02-27,Beauty,Lip Balm Pack,4,199,0.2,636.8,Credit Card,4,0
ORD008363,CUST1407,Hyderabad,2024-01-26,Clothing,Formal Shirt,1,899,0.05,854.05,Credit Card,4,0
ORD008364,CUST1210,Kolkata,2024-06-11,Home & Kitchen,Coffee Mug,3,249,0.0,747.0,Debit Card,5,0
ORD008365,CUST1059,Delhi,2024-06-09,Home & Kitchen,Air Fryer,1,3999,0.05,3799.05,UPI,5,0
ORD008366,CUST0008,Jaipur,2023-09-18,Groceries,Olive Oil,2,799,0.05,1518.1,Credit Card,4,0
ORD008367,CUST0646,Mumbai,2024-11-19,Books,Business Strategy,1,599,0.0,599.0,UPI,4,0
ORD008368,CUST0302,Mumbai,2023-10-18,Clothing,Jacket,4,2999,0.1,10796.4,Debit Card,4,0
ORD008369,CUST1368,Delhi,2023-01-08,Groceries,Green Tea,4,299,0.0,1196.0,Debit Card,1,1
ORD008370,CUST0266,Chennai,2024-02-01,Electronics,Webcam,4,2199,0.0,8796.0,Cash on Delivery,5,0
ORD008371,CUST0438,Chennai,2024-11-24,Sports,Yoga Mat,2,799,0.15,1358.3,Debit Card,4,0
ORD008372,CUST0787,Pune,2024-08-29,Home & Kitchen,Air Fryer,1,3999,0.1,3599.1,Debit Card,4,0
ORD008373,CUST0403,Bangalore,2023-05-12,Sports,Yoga Mat,4,799,0.1,2876.4,UPI,3,0
ORD008374,CUST0322,Ahmedabad,2024-01-06,Electronics,Wireless Earbuds,1,2499,0.05,2374.05,Credit Card,4,0
ORD008375,CUST0923,Kolkata,2024-03-17,Electronics,Webcam,1,2199,0.1,1979.1,UPI,5,0
ORD008376,CUST0141,Jaipur,2023-05-15,Books,Data Science Guide,2,899,0.05,1708.1,Credit Card,4,0
ORD008377,CUST0094,Hyderabad,2024-06-06,Groceries,Olive Oil,2,799,0.0,1598.0,Net Banking,3,0
ORD008378,CUST0536,Jaipur,2023-03-24,Beauty,Lip Balm Pack,3,199,0.2,477.6,Net Banking,4,0
ORD008379,CUST1100,Ahmedabad,2024-09-21,Clothing,Cotton T-Shirt,2,499,0.0,998.0,Net Banking,5,0
ORD008380,CUST0840,Lucknow,2023-09-03,Groceries,Green Tea,2,299,0.0,598.0,Net Banking,4,0
ORD008381,CUST0631,Ahmedabad,2023-12-19,Books,Self Help,2,449,0.2,718.4,Debit Card,4,0
ORD008382,CUST0859,Ahmedabad,2023-04-06,Home & Kitchen,Knife Set,3,1299,0.0,3897.0,Debit Card,5,0
ORD008383,CUST0532,Bangalore,2023-12-12,Groceries,Protein Bar Pack,4,699,0.15,2376.6,Debit Card,3,0
ORD008384,CUST1410,Ahmedabad,2024-04-25,Sports,Yoga Mat,4,799,0.0,3196.0,UPI,3,0
ORD008385,CUST0089,Chennai,2023-06-26,Groceries,Green Tea,2,299,0.05,568.1,Debit Card,4,0
ORD008386,CUST1030,Mumbai,2023-12-08,Groceries,Basmati Rice 5kg,2,499,0.2,798.4,Net Banking,1,1
ORD008387,CUST1344,Ahmedabad,2024-03-01,Electronics,Laptop Stand,3,1299,0.1,3507.3,Cash on Delivery,5,0
ORD008388,CUST1207,Hyderabad,2024-10-23,Home & Kitchen,Storage Box,4,299,0.0,1196.0,Net Banking,5,0
ORD008389,CUST0275,Hyderabad,2023-09-17,Books,Business Strategy,3,599,0.15,1527.45,Credit Card,4,0
ORD008390,CUST0447,Pune,2024-07-25,Sports,Water Jug,2,599,0.1,1078.2,Credit Card,5,0
ORD008391,CUST1091,Ahmedabad,2024-06-06,Beauty,Sunscreen SPF50,3,499,0.0,1497.0,Net Banking,4,0
ORD008392,CUST0135,Chennai,2023-12-26,Home & Kitchen,Storage Box,1,299,0.2,239.2,UPI,2,0
ORD008393,CUST1219,Ahmedabad,2024-11-12,Electronics,Phone Charger,3,599,0.2,1437.6,Credit Card,4,0
ORD008394,CUST1094,Hyderabad,2024-03-04,Sports,Water Jug,3,599,0.15,1527.45,Net Banking,5,0
ORD008395,CUST1108,Chennai,2023-09-30,Books,Data Science Guide,4,899,0.2,2876.8,Net Banking,4,0
ORD008396,CUST0162,Hyderabad,2023-06-19,Electronics,Phone Charger,3,599,0.0,1797.0,Debit Card,4,0
ORD008397,CUST1092,Lucknow,2023-03-31,Books,Fiction Novel,2,299,0.0,598.0,Net Banking,1,1
ORD008398,CUST1045,Ahmedabad,2024-01-27,Beauty,Sunscreen SPF50,4,499,0.05,1896.2,Debit Card,4,0
ORD008399,CUST1243,Mumbai,2024-05-25,Books,Python Programming,4,699,0.2,2236.8,Debit Card,5,0
ORD008400,CUST0070,Hyderabad,2024-03-27,Sports,Resistance Bands,2,499,0.05,948.1,Net Banking,5,0
ORD008401,CUST0042,Lucknow,2023-04-08,Home & Kitchen,Storage Box,3,299,0.2,717.6,Cash on Delivery,2,0
ORD008402,CUST0537,Hyderabad,2023-04-25,Groceries,Olive Oil,4,799,0.0,3196.0,Credit Card,4,0
ORD008403,CUST0239,Ahmedabad,2024-09-29,Electronics,Phone Charger,3,599,0.0,1797.0,UPI,5,0
ORD008404,CUST0846,Hyderabad,2024-12-01,Books,Fiction Novel,2,299,0.05,568.1,Net Banking,3,0
ORD008405,CUST1378,Pune,2023-03-23,Clothing,Denim Jeans,1,1299,0.0,1299.0,Net Banking,5,0
ORD008406,CUST0569,Jaipur,2024-12-20,Home & Kitchen,Knife Set,3,1299,0.05,3702.15,Cash on Delivery,4,0
ORD008407,CUST1271,Hyderabad,2024-10-19,Groceries,Protein Bar Pack,4,699,0.15,2376.6,Cash on Delivery,5,0
ORD008408,CUST0002,Mumbai,2024-05-27,Sports,Gym Gloves,3,399,0.0,1197.0,Net Banking,5,0
ORD008409,CUST0258,Ahmedabad,2024-08-17,Sports,Running Shoes,4,3499,0.15,11896.6,Credit Card,4,0
ORD008410,CUST0052,Lucknow,2024-09-08,Groceries,Green Tea,1,299,0.05,284.05,Net Banking,5,0
ORD008411,CUST0490,Hyderabad,2024-08-26,Electronics,Webcam,1,2199,0.05,2089.05,Debit Card,5,0
ORD008412,CUST1367,Pune,2023-01-22,Beauty,Sunscreen SPF50,3,499,0.0,1497.0,Debit Card,4,0
ORD008413,CUST0157,Ahmedabad,2024-06-16,Clothing,Sneakers,4,2499,0.05,9496.2,Cash on Delivery,5,0
ORD008414,CUST0933,Jaipur,2023-01-19,Books,Fiction Novel,3,299,0.0,897.0,Net Banking,1,1
ORD008415,CUST0685,Pune,2023-08-22,Beauty,Hair Mask,1,399,0.15,339.15,UPI,5,0
ORD008416,CUST1416,Lucknow,2023-10-07,Clothing,Formal Shirt,1,899,0.0,899.0,Credit Card,5,0
ORD008417,CUST0198,Lucknow,2023-04-08,Books,Self Help,4,449,0.0,1796.0,Debit Card,5,0
ORD008418,CUST0325,Delhi,2024-07-30,Clothing,Formal Shirt,2,899,0.2,1438.4,UPI,4,0
ORD008419,CUST0052,Lucknow,2024-12-30,Home & Kitchen,Knife Set,1,1299,0.0,1299.0,Cash on Delivery,5,0
ORD008420,CUST0654,Bangalore,2023-10-04,Home & Kitchen,Air Fryer,1,3999,0.1,3599.1,Cash on Delivery,5,0
ORD008421,CUST0421,Chennai,2023-11-05,Clothing,Jacket,4,2999,0.0,11996.0,Debit Card,5,0
ORD008422,CUST1313,Lucknow,2023-03-13,Sports,Water Jug,4,599,0.05,2276.2,Cash on Delivery,3,0
ORD008423,CUST0933,Jaipur,2023-06-05,Home & Kitchen,Knife Set,4,1299,0.05,4936.2,Debit Card,3,0
ORD008424,CUST0948,Hyderabad,2023-03-11,Groceries,Mixed Nuts,3,599,0.05,1707.15,Debit Card,5,0
ORD008425,CUST0806,Ahmedabad,2023-07-22,Beauty,Face Serum,3,999,0.15,2547.45,Cash on Delivery,5,0
ORD008426,CUST0148,Hyderabad,2024-10-18,Books,Data Science Guide,3,899,0.1,2427.3,Cash on Delivery,4,0
ORD008427,CUST0679,Delhi,2023-07-02,Books,Business Strategy,2,599,0.0,1198.0,Credit Card,5,0
ORD008428,CUST1500,Kolkata,2023-02-13,Electronics,Webcam,3,2199,0.1,5937.3,Credit Card,4,0
ORD008429,CUST1249,Hyderabad,2024-11-24,Beauty,Sunscreen SPF50,3,499,0.0,1497.0,Debit Card,4,0
ORD008430,CUST1349,Kolkata,2024-05-17,Home & Kitchen,Storage Box,2,299,0.0,598.0,Debit Card,5,0
ORD008431,CUST1237,Hyderabad,2024-10-10,Electronics,Phone Charger,3,599,0.2,1437.6,Credit Card,3,0
ORD008432,CUST0166,Delhi,2024-06-08,Groceries,Protein Bar Pack,1,699,0.2,559.2,Net Banking,4,0
ORD008433,CUST0356,Hyderabad,2023-03-18,Beauty,Lip Balm Pack,2,199,0.2,318.4,Net Banking,5,0
ORD008434,CUST0003,Chennai,2024-09-16,Sports,Running Shoes,2,3499,0.15,5948.3,Credit Card,3,0
ORD008435,CUST0463,Kolkata,2024-05-22,Beauty,Face Serum,4,999,0.0,3996.0,Cash on Delivery,5,0
ORD008436,CUST0179,Kolkata,2023-12-15,Beauty,Sunscreen SPF50,1,499,0.15,424.15,Net Banking,5,0
ORD008437,CUST0721,Pune,2024-05-17,Beauty,Hair Mask,1,399,0.15,339.15,Net Banking,5,0
ORD008438,CUST1041,Bangalore,2023-10-08,Clothing,Cotton T-Shirt,2,499,0.0,998.0,UPI,5,0
ORD008439,CUST1323,Lucknow,2024-03-05,Sports,Water Jug,1,599,0.1,539.1,UPI,5,0
ORD008440,CUST1139,Chennai,2023-06-25,Electronics,Webcam,4,2199,0.05,8356.2,UPI,4,0
ORD008441,CUST1416,Lucknow,2023-11-21,Groceries,Protein Bar Pack,1,699,0.05,664.05,Cash on Delivery,5,0
ORD008442,CUST0089,Chennai,2023-08-08,Books,Self Help,4,449,0.0,1796.0,UPI,4,0
ORD008443,CUST0021,Hyderabad,2024-11-23,Books,Self Help,4,449,0.0,1796.0,Net Banking,5,0
ORD008444,CUST1019,Lucknow,2024-08-27,Electronics,Phone Charger,1,599,0.1,539.1,Debit Card,4,0
ORD008445,CUST0442,Mumbai,2024-01-24,Beauty,Body Lotion,1,349,0.05,331.55,Net Banking,5,0
ORD008446,CUST0391,Pune,2023-05-11,Electronics,Laptop Stand,1,1299,0.0,1299.0,Net Banking,3,0
ORD008447,CUST0495,Ahmedabad,2023-10-11,Sports,Water Jug,2,599,0.15,1018.3,Debit Card,4,0
ORD008448,CUST0412,Bangalore,2023-01-01,Home & Kitchen,Coffee Mug,3,249,0.0,747.0,Credit Card,5,0
ORD008449,CUST0778,Chennai,2024-10-14,Clothing,Jacket,4,2999,0.1,10796.4,Net Banking,5,0
ORD008450,CUST0672,Lucknow,2024-07-31,Beauty,Hair Mask,4,399,0.0,1596.0,Cash on Delivery,4,0
ORD008451,CUST0779,Lucknow,2024-10-23,Electronics,Webcam,4,2199,0.1,7916.4,UPI,5,0
ORD008452,CUST1030,Mumbai,2023-10-06,Sports,Gym Gloves,4,399,0.15,1356.6,Debit Card,5,0
ORD008453,CUST0559,Ahmedabad,2024-08-18,Books,Data Science Guide,1,899,0.0,899.0,Net Banking,3,0
ORD008454,CUST0391,Pune,2024-10-25,Sports,Water Jug,4,599,0.0,2396.0,Net Banking,5,0
ORD008455,CUST0257,Ahmedabad,2024-01-12,Groceries,Mixed Nuts,4,599,0.1,2156.4,UPI,5,0
ORD008456,CUST0514,Mumbai,2023-08-08,Groceries,Protein Bar Pack,4,699,0.0,2796.0,Net Banking,1,1
ORD008457,CUST1124,Mumbai,2023-04-25,Groceries,Olive Oil,1,799,0.1,719.1,Debit Card,4,0
ORD008458,CUST1148,Bangalore,2023-01-20,Clothing,Formal Shirt,4,899,0.0,3596.0,Debit Card,4,0
ORD008459,CUST1025,Ahmedabad,2023-09-02,Clothing,Sneakers,4,2499,0.0,9996.0,UPI,5,0
ORD008460,CUST0365,Kolkata,2023-11-19,Books,Python Programming,3,699,0.2,1677.6,Net Banking,4,0
ORD008461,CUST0906,Lucknow,2024-08-06,Clothing,Cotton T-Shirt,3,499,0.2,1197.6,Net Banking,3,0
ORD008462,CUST0870,Hyderabad,2024-11-04,Home & Kitchen,Water Bottle,2,399,0.2,638.4,Net Banking,4,0
ORD008463,CUST0738,Delhi,2023-06-05,Home & Kitchen,Air Fryer,2,3999,0.1,7198.2,Cash on Delivery,5,0
ORD008464,CUST0829,Lucknow,2023-02-20,Electronics,Laptop Stand,1,1299,0.0,1299.0,UPI,3,0
ORD008465,CUST0749,Chennai,2023-04-26,Sports,Gym Gloves,4,399,0.0,1596.0,Cash on Delivery,5,0
ORD008466,CUST0859,Ahmedabad,2024-05-04,Clothing,Jacket,4,2999,0.1,10796.4,Debit Card,5,0
ORD008467,CUST1091,Ahmedabad,2024-06-01,Beauty,Body Lotion,2,349,0.0,698.0,Debit Card,3,0
ORD008468,CUST0181,Jaipur,2024-06-08,Sports,Water Jug,4,599,0.1,2156.4,Net Banking,4,0
ORD008469,CUST1140,Bangalore,2024-06-09,Sports,Gym Gloves,2,399,0.0,798.0,Net Banking,3,0
ORD008470,CUST0219,Ahmedabad,2023-04-15,Clothing,Jacket,4,2999,0.1,10796.4,Net Banking,5,0
ORD008471,CUST0113,Ahmedabad,2023-12-07,Groceries,Olive Oil,2,799,0.0,1598.0,Cash on Delivery,2,0
ORD008472,CUST1465,Hyderabad,2024-07-10,Beauty,Body Lotion,2,349,0.05,663.1,Debit Card,5,0
ORD008473,CUST1441,Ahmedabad,2024-08-16,Books,Business Strategy,2,599,0.0,1198.0,Credit Card,5,0
ORD008474,CUST0097,Ahmedabad,2024-02-18,Home & Kitchen,Coffee Mug,3,249,0.1,672.3,Debit Card,2,1
ORD008475,CUST0676,Delhi,2024-07-08,Groceries,Olive Oil,3,799,0.0,2397.0,Debit Card,4,0
ORD008476,CUST0278,Jaipur,2024-10-08,Books,Data Science Guide,4,899,0.15,3056.6,Cash on Delivery,4,0
ORD008477,CUST0739,Hyderabad,2024-03-26,Electronics,Wireless Earbuds,4,2499,0.05,9496.2,Net Banking,4,0
ORD008478,CUST1243,Mumbai,2024-11-17,Beauty,Body Lotion,4,349,0.05,1326.2,Cash on Delivery,5,0
ORD008479,CUST1430,Ahmedabad,2023-02-16,Home & Kitchen,Air Fryer,1,3999,0.1,3599.1,Cash on Delivery,4,0
ORD008480,CUST0987,Jaipur,2024-08-10,Home & Kitchen,Storage Box,4,299,0.1,1076.4,Debit Card,5,0
ORD008481,CUST0519,Ahmedabad,2024-12-09,Clothing,Cotton T-Shirt,3,499,0.0,1497.0,Credit Card,4,0
ORD008482,CUST0932,Kolkata,2023-05-24,Books,Self Help,2,449,0.0,898.0,Credit Card,4,0
ORD008483,CUST0472,Kolkata,2023-10-14,Books,Data Science Guide,2,899,0.0,1798.0,Net Banking,5,0
ORD008484,CUST1368,Delhi,2023-04-22,Home & Kitchen,Water Bottle,4,399,0.0,1596.0,UPI,4,0
ORD008485,CUST1314,Lucknow,2024-07-03,Beauty,Body Lotion,1,349,0.1,314.1,Net Banking,5,0
ORD008486,CUST0844,Delhi,2023-11-05,Electronics,Phone Charger,2,599,0.1,1078.2,UPI,1,1
ORD008487,CUST0486,Jaipur,2024-02-17,Home & Kitchen,Water Bottle,3,399,0.05,1137.15,Cash on Delivery,5,0
ORD008488,CUST0446,Pune,2023-05-31,Sports,Running Shoes,4,3499,0.2,11196.8,Cash on Delivery,5,0
ORD008489,CUST0054,Lucknow,2023-05-24,Groceries,Basmati Rice 5kg,1,499,0.05,474.05,UPI,4,0
ORD008490,CUST1224,Pune,2023-01-09,Beauty,Sunscreen SPF50,3,499,0.1,1347.3,Cash on Delivery,1,0
ORD008491,CUST0684,Mumbai,2024-12-17,Sports,Water Jug,4,599,0.15,2036.6,UPI,4,0
ORD008492,CUST0486,Jaipur,2023-03-08,Books,Business Strategy,1,599,0.0,599.0,Cash on Delivery,5,0
ORD008493,CUST0718,Lucknow,2023-08-17,Electronics,USB Hub,4,899,0.15,3056.6,Cash on Delivery,4,0
ORD008494,CUST1229,Pune,2023-10-21,Home & Kitchen,Storage Box,3,299,0.0,897.0,UPI,5,0
ORD008495,CUST0199,Hyderabad,2024-08-01,Clothing,Sneakers,3,2499,0.1,6747.3,Credit Card,4,0
ORD008496,CUST1299,Ahmedabad,2023-05-26,Home & Kitchen,Knife Set,4,1299,0.05,4936.2,Debit Card,3,0
ORD008497,CUST1352,Bangalore,2024-01-23,Books,Self Help,3,449,0.2,1077.6,Credit Card,5,0
ORD008498,CUST1426,Ahmedabad,2023-02-04,Beauty,Hair Mask,2,399,0.0,798.0,Debit Card,1,0
ORD008499,CUST0576,Hyderabad,2024-05-02,Home & Kitchen,Storage Box,1,299,0.2,239.2,Cash on Delivery,5,0
ORD008500,CUST0332,Pune,2024-07-04,Home & Kitchen,Knife Set,2,1299,0.2,2078.4,UPI,5,0
ORD008501,CUST0537,Hyderabad,2024-07-21,Electronics,USB Hub,3,899,0.0,2697.0,Cash on Delivery,4,0
ORD008502,CUST0499,Jaipur,2024-06-12,Books,Python Programming,1,699,0.05,664.05,Credit Card,5,0
ORD008503,CUST0267,Ahmedabad,2023-01-07,Clothing,Cotton T-Shirt,4,499,0.0,1996.0,Cash on Delivery,2,0
ORD008504,CUST0938,Chennai,2024-06-26,Books,Python Programming,3,699,0.0,2097.0,UPI,5,0
ORD008505,CUST0726,Ahmedabad,2023-05-28,Sports,Resistance Bands,2,499,0.2,798.4,UPI,5,0
ORD008506,CUST1308,Lucknow,2023-07-07,Groceries,Mixed Nuts,4,599,0.0,2396.0,Debit Card,4,0
ORD008507,CUST0053,Pune,2023-03-27,Electronics,USB Hub,3,899,0.0,2697.0,Cash on Delivery,3,0
ORD008508,CUST1002,Chennai,2024-02-16,Sports,Running Shoes,1,3499,0.05,3324.05,Debit Card,4,0
ORD008509,CUST1153,Bangalore,2023-03-23,Clothing,Cotton T-Shirt,2,499,0.1,898.2,Cash on Delivery,4,0
ORD008510,CUST1150,Chennai,2023-01-14,Groceries,Green Tea,1,299,0.05,284.05,Net Banking,4,0
ORD008511,CUST1335,Kolkata,2024-03-17,Sports,Running Shoes,1,3499,0.0,3499.0,Debit Card,5,0
ORD008512,CUST1108,Chennai,2023-05-24,Home & Kitchen,Air Fryer,1,3999,0.2,3199.2,Net Banking,4,0
ORD008513,CUST1397,Mumbai,2024-04-09,Groceries,Basmati Rice 5kg,1,499,0.0,499.0,Credit Card,5,0
ORD008514,CUST0499,Jaipur,2024-06-27,Books,Self Help,2,449,0.2,718.4,UPI,3,0
ORD008515,CUST0767,Chennai,2024-06-15,Groceries,Olive Oil,4,799,0.2,2556.8,Cash on Delivery,4,0
ORD008516,CUST0026,Lucknow,2024-08-13,Sports,Water Jug,2,599,0.1,1078.2,Debit Card,5,0
ORD008517,CUST0010,Lucknow,2024-01-05,Electronics,Phone Charger,3,599,0.0,1797.0,Cash on Delivery,3,0
ORD008518,CUST0377,Mumbai,2023-02-23,Groceries,Basmati Rice 5kg,3,499,0.05,1422.15,Debit Card,4,0
ORD008519,CUST0162,Hyderabad,2024-10-30,Books,Python Programming,1,699,0.0,699.0,UPI,4,0
ORD008520,CUST0399,Kolkata,2024-06-24,Books,Fiction Novel,3,299,0.15,762.45,UPI,4,0
ORD008521,CUST0268,Chennai,2023-10-06,Groceries,Green Tea,1,299,0.1,269.1,Credit Card,4,0
ORD008522,CUST0051,Chennai,2023-11-12,Sports,Resistance Bands,4,499,0.0,1996.0,Cash on Delivery,4,0
ORD008523,CUST1368,Delhi,2023-02-22,Beauty,Sunscreen SPF50,4,499,0.15,1696.6,UPI,5,0
ORD008524,CUST0012,Mumbai,2024-06-26,Groceries,Green Tea,4,299,0.0,1196.0,UPI,4,0
ORD008525,CUST1119,Lucknow,2023-01-29,Home & Kitchen,Knife Set,2,1299,0.0,2598.0,Credit Card,5,0
ORD008526,CUST0242,Bangalore,2024-08-21,Beauty,Hair Mask,4,399,0.0,1596.0,UPI,5,0
ORD008527,CUST1371,Hyderabad,2023-01-11,Groceries,Protein Bar Pack,1,699,0.0,699.0,Debit Card,5,0
ORD008528,CUST1346,Delhi,2024-03-03,Beauty,Sunscreen SPF50,3,499,0.0,1497.0,UPI,4,0
ORD008529,CUST1012,Jaipur,2023-02-26,Beauty,Lip Balm Pack,4,199,0.2,636.8,UPI,5,0
ORD008530,CUST1029,Ahmedabad,2024-06-07,Electronics,USB Hub,1,899,0.2,719.2,UPI,5,0
ORD008531,CUST0008,Jaipur,2024-05-11,Books,Self Help,4,449,0.0,1796.0,Cash on Delivery,4,0
ORD008532,CUST1473,Mumbai,2023-04-09,Clothing,Sneakers,2,2499,0.1,4498.2,UPI,5,0
ORD008533,CUST1325,Delhi,2023-06-05,Home & Kitchen,Storage Box,2,299,0.05,568.1,Cash on Delivery,5,0
ORD008534,CUST1349,Kolkata,2023-06-06,Electronics,Phone Charger,3,599,0.2,1437.6,Cash on Delivery,3,0
ORD008535,CUST1017,Hyderabad,2023-05-08,Books,Self Help,1,449,0.1,404.1,UPI,1,0
ORD008536,CUST0509,Chennai,2023-09-15,Home & Kitchen,Air Fryer,3,3999,0.0,11997.0,Debit Card,5,0
ORD008537,CUST1349,Kolkata,2024-10-09,Clothing,Cotton T-Shirt,1,499,0.0,499.0,Debit Card,4,0
ORD008538,CUST0445,Kolkata,2024-05-11,Home & Kitchen,Knife Set,2,1299,0.0,2598.0,Cash on Delivery,4,0
ORD008539,CUST0852,Jaipur,2024-09-18,Electronics,Phone Charger,2,599,0.0,1198.0,Cash on Delivery,5,0
ORD008540,CUST0160,Pune,2023-06-16,Clothing,Cotton T-Shirt,3,499,0.0,1497.0,Cash on Delivery,4,0
ORD008541,CUST1387,Jaipur,2024-01-31,Beauty,Face Serum,2,999,0.0,1998.0,Debit Card,4,0
ORD008542,CUST0227,Kolkata,2024-10-10,Books,Data Science Guide,4,899,0.0,3596.0,UPI,3,0
ORD008543,CUST0352,Bangalore,2024-02-07,Home & Kitchen,Storage Box,4,299,0.1,1076.4,Cash on Delivery,4,0
ORD008544,CUST0844,Delhi,2023-02-20,Electronics,USB Hub,1,899,0.0,899.0,Cash on Delivery,5,0
ORD008545,CUST1154,Hyderabad,2023-04-29,Sports,Running Shoes,2,3499,0.1,6298.2,UPI,4,0
ORD008546,CUST0954,Mumbai,2023-11-18,Beauty,Face Serum,1,999,0.2,799.2,Cash on Delivery,4,0
ORD008547,CUST0363,Mumbai,2023-04-20,Books,Business Strategy,4,599,0.1,2156.4,Credit Card,4,0
ORD008548,CUST0002,Mumbai,2023-04-20,Home & Kitchen,Knife Set,3,1299,0.1,3507.3,Cash on Delivery,5,0
ORD008549,CUST1149,Delhi,2024-10-11,Sports,Yoga Mat,3,799,0.15,2037.45,Credit Card,5,0
ORD008550,CUST1473,Mumbai,2023-04-05,Groceries,Mixed Nuts,4,599,0.05,2276.2,Cash on Delivery,5,0
ORD008551,CUST1215,Lucknow,2023-04-06,Groceries,Mixed Nuts,1,599,0.05,569.05,Net Banking,2,0
ORD008552,CUST0706,Ahmedabad,2024-02-05,Groceries,Protein Bar Pack,2,699,0.05,1328.1,Cash on Delivery,4,0
ORD008553,CUST1361,Pune,2023-12-07,Groceries,Mixed Nuts,3,599,0.15,1527.45,Net Banking,4,0
ORD008554,CUST0609,Pune,2024-03-19,Clothing,Sneakers,4,2499,0.05,9496.2,Cash on Delivery,4,0
ORD008555,CUST0797,Chennai,2024-11-09,Groceries,Green Tea,1,299,0.0,299.0,UPI,4,0
ORD008556,CUST0726,Ahmedabad,2024-07-28,Beauty,Sunscreen SPF50,2,499,0.2,798.4,Net Banking,3,0
ORD008557,CUST0680,Chennai,2023-10-03,Clothing,Denim Jeans,4,1299,0.05,4936.2,UPI,4,0
ORD008558,CUST1168,Delhi,2023-11-16,Sports,Yoga Mat,4,799,0.0,3196.0,Debit Card,4,0
ORD008559,CUST0800,Delhi,2023-08-12,Sports,Gym Gloves,2,399,0.05,758.1,Cash on Delivery,5,0
ORD008560,CUST0476,Jaipur,2023-03-30,Electronics,USB Hub,2,899,0.0,1798.0,Credit Card,5,0
ORD008561,CUST0397,Pune,2023-07-21,Books,Data Science Guide,1,899,0.15,764.15,Credit Card,4,0
ORD008562,CUST0063,Kolkata,2023-06-17,Beauty,Face Serum,4,999,0.0,3996.0,UPI,4,0
ORD008563,CUST0895,Delhi,2024-04-12,Home & Kitchen,Water Bottle,3,399,0.0,1197.0,Cash on Delivery,5,0
ORD008564,CUST0359,Chennai,2023-06-29,Beauty,Sunscreen SPF50,4,499,0.0,1996.0,Cash on Delivery,4,0
ORD008565,CUST0236,Hyderabad,2024-01-25,Beauty,Face Serum,4,999,0.2,3196.8,Net Banking,2,0
ORD008566,CUST1012,Jaipur,2024-06-18,Sports,Resistance Bands,2,499,0.0,998.0,Cash on Delivery,4,0
ORD008567,CUST1046,Chennai,2023-08-09,Beauty,Hair Mask,2,399,0.0,798.0,UPI,5,0
ORD008568,CUST1143,Chennai,2024-06-24,Books,Self Help,3,449,0.0,1347.0,Net Banking,4,0
ORD008569,CUST0767,Chennai,2024-09-16,Groceries,Basmati Rice 5kg,4,499,0.0,1996.0,Cash on Delivery,4,0
ORD008570,CUST1349,Kolkata,2024-05-13,Books,Self Help,1,449,0.15,381.65,UPI,4,0
ORD008571,CUST1410,Ahmedabad,2023-05-08,Home & Kitchen,Knife Set,1,1299,0.05,1234.05,Debit Card,4,0
ORD008572,CUST1211,Ahmedabad,2023-12-03,Books,Business Strategy,3,599,0.0,1797.0,Cash on Delivery,3,0
ORD008573,CUST0990,Hyderabad,2023-12-08,Electronics,Webcam,3,2199,0.0,6597.0,Cash on Delivery,4,0
ORD008574,CUST0463,Kolkata,2024-01-13,Books,Data Science Guide,3,899,0.0,2697.0,Cash on Delivery,5,0
ORD008575,CUST1471,Mumbai,2023-09-15,Home & Kitchen,Water Bottle,3,399,0.1,1077.3,Credit Card,1,0
ORD008576,CUST0415,Mumbai,2024-10-27,Books,Self Help,1,449,0.2,359.2,UPI,5,0
ORD008577,CUST0308,Jaipur,2023-11-30,Sports,Yoga Mat,3,799,0.0,2397.0,Debit Card,4,0
ORD008578,CUST0675,Hyderabad,2023-04-09,Home & Kitchen,Storage Box,2,299,0.0,598.0,Net Banking,5,0
ORD008579,CUST0093,Pune,2024-11-20,Sports,Yoga Mat,3,799,0.05,2277.15,UPI,3,0
ORD008580,CUST1467,Jaipur,2023-07-12,Electronics,USB Hub,4,899,0.0,3596.0,Cash on Delivery,4,0
ORD008581,CUST0906,Lucknow,2023-10-01,Groceries,Basmati Rice 5kg,1,499,0.0,499.0,Credit Card,2,0
ORD008582,CUST0844,Delhi,2023-04-24,Electronics,Webcam,1,2199,0.05,2089.05,Net Banking,4,0
ORD008583,CUST1013,Jaipur,2023-04-15,Books,Python Programming,3,699,0.0,2097.0,UPI,4,0
ORD008584,CUST0757,Jaipur,2024-06-28,Electronics,USB Hub,3,899,0.0,2697.0,Cash on Delivery,5,0
ORD008585,CUST0053,Pune,2023-02-07,Home & Kitchen,Water Bottle,4,399,0.1,1436.4,Net Banking,5,0
ORD008586,CUST0944,Jaipur,2023-03-21,Clothing,Jacket,4,2999,0.05,11396.2,Cash on Delivery,5,0
ORD008587,CUST1091,Ahmedabad,2024-06-16,Electronics,Webcam,3,2199,0.0,6597.0,Credit Card,4,0
ORD008588,CUST0618,Lucknow,2023-05-24,Home & Kitchen,Coffee Mug,3,249,0.1,672.3,Debit Card,5,0
ORD008589,CUST1149,Delhi,2023-01-18,Clothing,Cotton T-Shirt,1,499,0.05,474.05,Net Banking,5,0
ORD008590,CUST0353,Chennai,2023-08-30,Groceries,Mixed Nuts,3,599,0.0,1797.0,Credit Card,1,1
ORD008591,CUST0342,Jaipur,2024-09-16,Groceries,Mixed Nuts,1,599,0.15,509.15,Cash on Delivery,5,0
ORD008592,CUST0249,Delhi,2023-08-05,Electronics,Webcam,4,2199,0.0,8796.0,Net Banking,2,1
ORD008593,CUST0536,Jaipur,2023-06-20,Clothing,Denim Jeans,4,1299,0.0,5196.0,Net Banking,4,0
ORD008594,CUST1273,Pune,2023-09-26,Clothing,Sneakers,3,2499,0.0,7497.0,Debit Card,5,0
ORD008595,CUST1241,Hyderabad,2024-08-22,Books,Self Help,1,449,0.0,449.0,UPI,2,0
ORD008596,CUST0552,Bangalore,2024-03-04,Clothing,Formal Shirt,2,899,0.0,1798.0,UPI,5,0
ORD008597,CUST0907,Mumbai,2023-12-19,Groceries,Green Tea,2,299,0.0,598.0,Cash on Delivery,5,0
ORD008598,CUST1102,Jaipur,2024-01-14,Home & Kitchen,Water Bottle,3,399,0.2,957.6,UPI,3,0
ORD008599,CUST0377,Mumbai,2023-05-29,Beauty,Body Lotion,4,349,0.0,1396.0,Net Banking,4,0
ORD008600,CUST0258,Ahmedabad,2024-07-29,Beauty,Face Serum,1,999,0.1,899.1,Net Banking,5,0
ORD008601,CUST1458,Mumbai,2024-12-18,Clothing,Sneakers,3,2499,0.0,7497.0,UPI,4,0
ORD008602,CUST0952,Ahmedabad,2024-02-01,Books,Data Science Guide,1,899,0.2,719.2,Credit Card,4,0
ORD008603,CUST1469,Delhi,2023-07-24,Sports,Gym Gloves,1,399,0.15,339.15,Net Banking,4,0
ORD008604,CUST0504,Jaipur,2024-01-05,Groceries,Basmati Rice 5kg,2,499,0.15,848.3,Debit Card,5,0
ORD008605,CUST1075,Pune,2023-05-11,Home & Kitchen,Air Fryer,1,3999,0.05,3799.05,Cash on Delivery,4,0
ORD008606,CUST0347,Bangalore,2024-06-17,Books,Data Science Guide,2,899,0.0,1798.0,UPI,4,0
ORD008607,CUST0400,Lucknow,2024-10-23,Beauty,Lip Balm Pack,2,199,0.1,358.2,Cash on Delivery,4,0
ORD008608,CUST0779,Lucknow,2023-11-30,Groceries,Mixed Nuts,2,599,0.0,1198.0,Net Banking,2,0
ORD008609,CUST0479,Kolkata,2024-03-31,Groceries,Olive Oil,3,799,0.1,2157.3,Net Banking,4,0
ORD008610,CUST0257,Ahmedabad,2024-06-11,Groceries,Mixed Nuts,1,599,0.0,599.0,Cash on Delivery,5,0
ORD008611,CUST0402,Hyderabad,2023-07-26,Books,Fiction Novel,3,299,0.05,852.15,Net Banking,4,0
ORD008612,CUST0056,Delhi,2024-04-09,Home & Kitchen,Knife Set,4,1299,0.0,5196.0,Credit Card,2,1
ORD008613,CUST1078,Bangalore,2023-03-15,Electronics,Phone Charger,2,599,0.15,1018.3,Cash on Delivery,4,0
ORD008614,CUST0750,Hyderabad,2024-11-27,Home & Kitchen,Storage Box,2,299,0.15,508.3,Debit Card,5,0
ORD008615,CUST0154,Mumbai,2024-06-07,Electronics,USB Hub,3,899,0.15,2292.45,UPI,4,0
ORD008616,CUST0262,Bangalore,2024-07-31,Groceries,Mixed Nuts,4,599,0.0,2396.0,Debit Card,4,0
ORD008617,CUST0166,Delhi,2024-12-10,Sports,Water Jug,2,599,0.1,1078.2,Debit Card,3,0
ORD008618,CUST0945,Ahmedabad,2024-09-30,Groceries,Mixed Nuts,2,599,0.0,1198.0,UPI,5,0
ORD008619,CUST0154,Mumbai,2023-03-07,Books,Data Science Guide,3,899,0.0,2697.0,Net Banking,4,0
ORD008620,CUST1146,Lucknow,2023-01-22,Clothing,Formal Shirt,4,899,0.05,3416.2,Net Banking,5,0
ORD008621,CUST0036,Delhi,2023-09-19,Sports,Gym Gloves,2,399,0.15,678.3,UPI,4,0
ORD008622,CUST0389,Mumbai,2023-01-18,Home & Kitchen,Storage Box,4,299,0.0,1196.0,Credit Card,4,0
ORD008623,CUST1344,Ahmedabad,2023-07-03,Electronics,Phone Charger,1,599,0.0,599.0,Debit Card,5,0
ORD008624,CUST1093,Bangalore,2023-04-20,Clothing,Jacket,3,2999,0.0,8997.0,Net Banking,3,0
ORD008625,CUST0119,Kolkata,2023-07-15,Sports,Gym Gloves,2,399,0.0,798.0,UPI,3,0
ORD008626,CUST1231,Pune,2023-06-18,Groceries,Basmati Rice 5kg,3,499,0.0,1497.0,Debit Card,4,0
ORD008627,CUST0752,Hyderabad,2023-05-11,Books,Data Science Guide,4,899,0.15,3056.6,UPI,3,0
ORD008628,CUST1273,Pune,2023-12-11,Groceries,Olive Oil,4,799,0.0,3196.0,UPI,5,0
ORD008629,CUST0924,Pune,2024-07-10,Groceries,Basmati Rice 5kg,4,499,0.05,1896.2,Net Banking,5,0
ORD008630,CUST1047,Pune,2023-03-22,Sports,Gym Gloves,1,399,0.2,319.2,UPI,5,0
ORD008631,CUST1486,Pune,2023-07-02,Beauty,Body Lotion,1,349,0.0,349.0,UPI,4,0
ORD008632,CUST0364,Delhi,2024-12-03,Clothing,Denim Jeans,2,1299,0.15,2208.3,UPI,4,0
ORD008633,CUST0967,Chennai,2024-11-27,Groceries,Mixed Nuts,4,599,0.1,2156.4,Net Banking,2,1
ORD008634,CUST0706,Ahmedabad,2023-02-05,Beauty,Body Lotion,2,349,0.0,698.0,UPI,5,0
ORD008635,CUST0066,Pune,2023-06-30,Home & Kitchen,Air Fryer,4,3999,0.0,15996.0,Cash on Delivery,4,0
ORD008636,CUST0027,Chennai,2023-12-13,Electronics,USB Hub,3,899,0.0,2697.0,Cash on Delivery,3,0
ORD008637,CUST0193,Pune,2023-06-15,Books,Self Help,4,449,0.15,1526.6,Credit Card,5,0
ORD008638,CUST1006,Bangalore,2023-10-19,Clothing,Denim Jeans,3,1299,0.05,3702.15,Debit Card,1,0
ORD008639,CUST0862,Hyderabad,2024-09-13,Electronics,Webcam,4,2199,0.1,7916.4,Cash on Delivery,5,0
ORD008640,CUST0837,Lucknow,2024-12-13,Books,Business Strategy,1,599,0.05,569.05,Net Banking,4,0
ORD008641,CUST0053,Pune,2024-06-21,Sports,Water Jug,2,599,0.15,1018.3,Cash on Delivery,5,0
ORD008642,CUST0718,Lucknow,2024-11-29,Books,Python Programming,3,699,0.1,1887.3,Net Banking,4,0
ORD008643,CUST1389,Lucknow,2023-03-27,Electronics,Phone Charger,2,599,0.15,1018.3,Credit Card,4,0
ORD008644,CUST0576,Hyderabad,2024-01-06,Electronics,Phone Charger,3,599,0.0,1797.0,Net Banking,4,0
ORD008645,CUST0969,Mumbai,2024-04-08,Beauty,Hair Mask,4,399,0.0,1596.0,Debit Card,4,0
ORD008646,CUST1175,Kolkata,2023-05-14,Clothing,Denim Jeans,4,1299,0.0,5196.0,Cash on Delivery,4,0
ORD008647,CUST1181,Pune,2024-05-28,Sports,Water Jug,4,599,0.05,2276.2,Cash on Delivery,4,0
ORD008648,CUST0790,Mumbai,2023-03-13,Groceries,Green Tea,3,299,0.0,897.0,Debit Card,3,0
ORD008649,CUST1300,Kolkata,2023-03-28,Electronics,Wireless Earbuds,4,2499,0.0,9996.0,Cash on Delivery,4,0
ORD008650,CUST0569,Jaipur,2024-09-20,Groceries,Protein Bar Pack,2,699,0.2,1118.4,UPI,5,0
ORD008651,CUST1342,Pune,2023-01-19,Books,Business Strategy,2,599,0.0,1198.0,Net Banking,4,0
ORD008652,CUST0377,Mumbai,2024-11-27,Home & Kitchen,Air Fryer,1,3999,0.0,3999.0,Debit Card,2,0
ORD008653,CUST0426,Kolkata,2024-07-24,Home & Kitchen,Storage Box,4,299,0.0,1196.0,Cash on Delivery,5,0
ORD008654,CUST0088,Kolkata,2024-04-07,Sports,Running Shoes,4,3499,0.1,12596.4,UPI,5,0
ORD008655,CUST1197,Chennai,2023-09-19,Beauty,Body Lotion,3,349,0.0,1047.0,Debit Card,5,0
ORD008656,CUST0619,Lucknow,2023-12-08,Electronics,USB Hub,3,899,0.2,2157.6,Credit Card,3,0
ORD008657,CUST0359,Chennai,2024-03-10,Clothing,Formal Shirt,4,899,0.0,3596.0,Credit Card,3,0
ORD008658,CUST0362,Chennai,2023-02-15,Beauty,Body Lotion,1,349,0.1,314.1,Credit Card,5,0
ORD008659,CUST1357,Jaipur,2023-05-08,Books,Fiction Novel,1,299,0.0,299.0,UPI,5,0
ORD008660,CUST1246,Hyderabad,2024-01-02,Books,Python Programming,3,699,0.0,2097.0,Cash on Delivery,5,0
ORD008661,CUST0837,Lucknow,2023-09-05,Groceries,Basmati Rice 5kg,1,499,0.15,424.15,Net Banking,5,0
ORD008662,CUST0950,Pune,2024-12-05,Books,Business Strategy,2,599,0.1,1078.2,Debit Card,4,0
ORD008663,CUST0721,Pune,2023-07-07,Beauty,Lip Balm Pack,3,199,0.0,597.0,Net Banking,3,0
ORD008664,CUST0569,Jaipur,2024-12-09,Groceries,Protein Bar Pack,2,699,0.0,1398.0,Debit Card,4,0
ORD008665,CUST1376,Pune,2023-12-15,Books,Fiction Novel,2,299,0.0,598.0,Net Banking,4,0
ORD008666,CUST0199,Hyderabad,2023-01-27,Electronics,USB Hub,2,899,0.0,1798.0,Credit Card,4,0
ORD008667,CUST0620,Mumbai,2024-01-12,Home & Kitchen,Storage Box,3,299,0.0,897.0,Cash on Delivery,5,0
ORD008668,CUST0509,Chennai,2024-10-02,Books,Self Help,3,449,0.2,1077.6,Net Banking,3,0
ORD008669,CUST0759,Pune,2023-04-11,Sports,Resistance Bands,1,499,0.1,449.1,Cash on Delivery,4,0
ORD008670,CUST0700,Kolkata,2024-01-29,Electronics,Phone Charger,2,599,0.0,1198.0,UPI,4,0
ORD008671,CUST0790,Mumbai,2024-05-14,Clothing,Jacket,1,2999,0.1,2699.1,Net Banking,1,1
ORD008672,CUST0227,Kolkata,2023-09-10,Sports,Yoga Mat,4,799,0.15,2716.6,Credit Card,4,0
ORD008673,CUST0780,Jaipur,2024-04-25,Beauty,Hair Mask,1,399,0.0,399.0,Debit Card,4,0
ORD008674,CUST0379,Delhi,2023-05-19,Clothing,Cotton T-Shirt,4,499,0.0,1996.0,UPI,5,0
ORD008675,CUST0276,Mumbai,2024-04-30,Clothing,Denim Jeans,4,1299,0.1,4676.4,UPI,1,1
ORD008676,CUST0108,Kolkata,2024-05-05,Books,Data Science Guide,4,899,0.2,2876.8,Cash on Delivery,5,0
ORD008677,CUST1153,Bangalore,2024-04-23,Home & Kitchen,Water Bottle,3,399,0.0,1197.0,Debit Card,3,0
ORD008678,CUST0644,Hyderabad,2023-09-03,Electronics,Wireless Earbuds,3,2499,0.0,7497.0,Credit Card,4,0
ORD008679,CUST0972,Delhi,2024-08-12,Clothing,Denim Jeans,3,1299,0.05,3702.15,Net Banking,5,0
ORD008680,CUST1105,Ahmedabad,2023-07-15,Groceries,Protein Bar Pack,3,699,0.0,2097.0,Debit Card,5,0
ORD008681,CUST1044,Delhi,2024-09-01,Electronics,Wireless Earbuds,3,2499,0.0,7497.0,Debit Card,4,0
ORD008682,CUST0718,Lucknow,2023-05-25,Sports,Running Shoes,3,3499,0.0,10497.0,Net Banking,4,0
ORD008683,CUST0560,Hyderabad,2023-08-06,Clothing,Cotton T-Shirt,3,499,0.0,1497.0,Cash on Delivery,1,0
ORD008684,CUST0541,Ahmedabad,2024-08-05,Electronics,Phone Charger,3,599,0.15,1527.45,Credit Card,3,0
ORD008685,CUST0997,Pune,2024-12-27,Groceries,Protein Bar Pack,3,699,0.0,2097.0,Net Banking,4,0
ORD008686,CUST0753,Chennai,2024-03-04,Electronics,Phone Charger,4,599,0.0,2396.0,Debit Card,5,0
ORD008687,CUST1278,Bangalore,2023-06-22,Groceries,Basmati Rice 5kg,3,499,0.0,1497.0,Debit Card,3,0
ORD008688,CUST1323,Lucknow,2023-08-10,Clothing,Denim Jeans,3,1299,0.15,3312.45,Cash on Delivery,5,0
ORD008689,CUST0262,Bangalore,2024-09-01,Books,Business Strategy,2,599,0.2,958.4,Cash on Delivery,4,0
ORD008690,CUST0219,Ahmedabad,2024-02-21,Sports,Resistance Bands,3,499,0.1,1347.3,Net Banking,4,0
ORD008691,CUST0980,Jaipur,2023-08-15,Home & Kitchen,Storage Box,2,299,0.15,508.3,Credit Card,4,0
ORD008692,CUST0454,Hyderabad,2024-11-30,Books,Fiction Novel,4,299,0.0,1196.0,Credit Card,4,0
ORD008693,CUST0035,Pune,2023-07-20,Home & Kitchen,Storage Box,1,299,0.0,299.0,Credit Card,5,0
ORD008694,CUST1342,Pune,2023-11-12,Groceries,Mixed Nuts,1,599,0.0,599.0,Net Banking,4,0
ORD008695,CUST0353,Chennai,2023-12-09,Sports,Resistance Bands,1,499,0.05,474.05,Debit Card,1,1
ORD008696,CUST1400,Lucknow,2023-10-03,Home & Kitchen,Air Fryer,2,3999,0.15,6798.3,UPI,4,0
ORD008697,CUST1092,Lucknow,2024-01-25,Electronics,Wireless Earbuds,3,2499,0.0,7497.0,Net Banking,5,0
ORD008698,CUST1153,Bangalore,2024-04-20,Clothing,Sneakers,3,2499,0.0,7497.0,Credit Card,5,0
ORD008699,CUST0306,Lucknow,2023-11-17,Clothing,Sneakers,3,2499,0.15,6372.45,Debit Card,5,0
ORD008700,CUST0365,Kolkata,2024-10-25,Home & Kitchen,Knife Set,4,1299,0.1,4676.4,Net Banking,5,0
ORD008701,CUST0794,Mumbai,2023-11-10,Sports,Water Jug,4,599,0.15,2036.6,Debit Card,4,0
ORD008702,CUST0262,Bangalore,2023-07-19,Home & Kitchen,Coffee Mug,4,249,0.15,846.6,Debit Card,1,0
ORD008703,CUST0465,Pune,2024-09-21,Clothing,Denim Jeans,2,1299,0.05,2468.1,Cash on Delivery,5,0
ORD008704,CUST0482,Lucknow,2023-06-25,Clothing,Cotton T-Shirt,4,499,0.0,1996.0,Net Banking,5,0
ORD008705,CUST0249,Delhi,2024-08-03,Books,Self Help,1,449,0.1,404.1,UPI,4,0
ORD008706,CUST0314,Chennai,2023-04-07,Beauty,Body Lotion,3,349,0.1,942.3,UPI,5,0
ORD008707,CUST1186,Delhi,2024-03-08,Electronics,USB Hub,4,899,0.0,3596.0,Net Banking,5,0
ORD008708,CUST0257,Ahmedabad,2023-10-17,Books,Python Programming,2,699,0.1,1258.2,UPI,4,0
ORD008709,CUST0051,Chennai,2024-03-04,Books,Data Science Guide,4,899,0.0,3596.0,Debit Card,4,0
ORD008710,CUST0977,Bangalore,2023-11-17,Beauty,Sunscreen SPF50,4,499,0.1,1796.4,Credit Card,5,0
ORD008711,CUST1465,Hyderabad,2024-01-25,Groceries,Basmati Rice 5kg,1,499,0.1,449.1,UPI,4,0
ORD008712,CUST0497,Ahmedabad,2023-12-12,Sports,Resistance Bands,2,499,0.0,998.0,Net Banking,5,0
ORD008713,CUST0193,Pune,2024-05-31,Sports,Gym Gloves,1,399,0.1,359.1,Credit Card,4,0
ORD008714,CUST0869,Lucknow,2023-02-26,Home & Kitchen,Coffee Mug,1,249,0.0,249.0,Debit Card,5,0
ORD008715,CUST1364,Chennai,2023-07-08,Groceries,Protein Bar Pack,1,699,0.0,699.0,Credit Card,2,0
ORD008716,CUST1181,Pune,2024-06-24,Beauty,Sunscreen SPF50,2,499,0.2,798.4,UPI,5,0
ORD008717,CUST0962,Delhi,2023-04-10,Books,Fiction Novel,3,299,0.15,762.45,Debit Card,5,0
ORD008718,CUST0475,Chennai,2023-06-06,Sports,Resistance Bands,1,499,0.05,474.05,Credit Card,3,0
ORD008719,CUST0814,Kolkata,2024-07-20,Beauty,Sunscreen SPF50,2,499,0.0,998.0,Debit Card,3,0
ORD008720,CUST0147,Lucknow,2023-04-19,Sports,Gym Gloves,3,399,0.0,1197.0,Debit Card,5,0
ORD008721,CUST1044,Delhi,2024-04-25,Books,Fiction Novel,4,299,0.2,956.8,Debit Card,5,0
ORD008722,CUST1104,Delhi,2024-07-18,Sports,Water Jug,2,599,0.05,1138.1,Net Banking,5,0
ORD008723,CUST1450,Hyderabad,2024-02-05,Home & Kitchen,Coffee Mug,2,249,0.0,498.0,UPI,1,0
ORD008724,CUST0400,Lucknow,2024-02-22,Clothing,Denim Jeans,4,1299,0.2,4156.8,UPI,4,0
ORD008725,CUST0035,Pune,2024-04-15,Groceries,Mixed Nuts,4,599,0.0,2396.0,Credit Card,4,0
ORD008726,CUST0821,Lucknow,2024-06-24,Home & Kitchen,Water Bottle,1,399,0.05,379.05,Cash on Delivery,2,0
ORD008727,CUST1081,Kolkata,2024-06-01,Books,Business Strategy,1,599,0.1,539.1,Debit Card,5,0
ORD008728,CUST1187,Hyderabad,2023-08-02,Electronics,Phone Charger,1,599,0.0,599.0,UPI,1,1
ORD008729,CUST0293,Lucknow,2023-03-28,Clothing,Denim Jeans,1,1299,0.0,1299.0,Cash on Delivery,4,0
ORD008730,CUST0402,Hyderabad,2024-02-25,Electronics,Wireless Earbuds,4,2499,0.1,8996.4,Debit Card,4,0
ORD008731,CUST0780,Jaipur,2023-10-14,Electronics,USB Hub,1,899,0.05,854.05,UPI,4,0
ORD008732,CUST0495,Ahmedabad,2023-06-24,Electronics,USB Hub,3,899,0.0,2697.0,Cash on Delivery,4,0
ORD008733,CUST1302,Delhi,2024-12-24,Clothing,Jacket,1,2999,0.0,2999.0,UPI,4,0
ORD008734,CUST0721,Pune,2024-11-21,Beauty,Face Serum,4,999,0.0,3996.0,Debit Card,4,0
ORD008735,CUST1198,Kolkata,2023-03-01,Books,Self Help,2,449,0.0,898.0,Cash on Delivery,4,0
ORD008736,CUST0892,Jaipur,2024-10-29,Beauty,Hair Mask,1,399,0.15,339.15,Debit Card,4,0
ORD008737,CUST1166,Delhi,2024-05-16,Clothing,Jacket,1,2999,0.0,2999.0,UPI,1,0
ORD008738,CUST0499,Jaipur,2023-09-06,Home & Kitchen,Storage Box,1,299,0.0,299.0,Debit Card,4,0
ORD008739,CUST1244,Mumbai,2023-10-02,Clothing,Sneakers,3,2499,0.1,6747.3,UPI,3,0
ORD008740,CUST0416,Ahmedabad,2023-12-25,Clothing,Formal Shirt,2,899,0.1,1618.2,Net Banking,3,0
ORD008741,CUST0821,Lucknow,2023-03-17,Clothing,Formal Shirt,4,899,0.1,3236.4,Credit Card,5,0
ORD008742,CUST0326,Delhi,2024-03-20,Home & Kitchen,Storage Box,3,299,0.15,762.45,Cash on Delivery,4,0
ORD008743,CUST0725,Bangalore,2023-07-14,Groceries,Protein Bar Pack,1,699,0.2,559.2,Cash on Delivery,3,0
ORD008744,CUST0479,Kolkata,2024-09-10,Electronics,Wireless Earbuds,1,2499,0.0,2499.0,UPI,5,0
ORD008745,CUST0406,Mumbai,2023-04-11,Sports,Running Shoes,1,3499,0.2,2799.2,Cash on Delivery,4,0
ORD008746,CUST1453,Bangalore,2023-10-20,Electronics,Wireless Earbuds,1,2499,0.0,2499.0,Debit Card,4,0
ORD008747,CUST0249,Delhi,2024-10-11,Clothing,Formal Shirt,2,899,0.0,1798.0,Net Banking,5,0
ORD008748,CUST1184,Kolkata,2023-10-05,Sports,Resistance Bands,1,499,0.0,499.0,Cash on Delivery,5,0
ORD008749,CUST1472,Kolkata,2024-03-15,Electronics,Phone Charger,2,599,0.0,1198.0,Credit Card,4,0
ORD008750,CUST0035,Pune,2023-02-20,Home & Kitchen,Knife Set,4,1299,0.05,4936.2,Credit Card,3,0
ORD008751,CUST1064,Kolkata,2024-06-25,Home & Kitchen,Coffee Mug,2,249,0.05,473.1,Cash on Delivery,5,0
ORD008752,CUST0391,Pune,2024-12-03,Sports,Running Shoes,4,3499,0.1,12596.4,Credit Card,5,0
ORD008753,CUST0068,Pune,2024-06-28,Sports,Yoga Mat,2,799,0.2,1278.4,Net Banking,4,0
ORD008754,CUST0582,Ahmedabad,2023-04-01,Books,Self Help,1,449,0.0,449.0,UPI,1,0
ORD008755,CUST1409,Kolkata,2024-07-22,Home & Kitchen,Water Bottle,1,399,0.15,339.15,Debit Card,2,0
ORD008756,CUST0019,Mumbai,2023-03-22,Electronics,Phone Charger,1,599,0.15,509.15,Cash on Delivery,5,0
ORD008757,CUST0906,Lucknow,2023-11-05,Clothing,Formal Shirt,1,899,0.2,719.2,Credit Card,5,0
ORD008758,CUST0764,Ahmedabad,2024-08-03,Groceries,Mixed Nuts,3,599,0.05,1707.15,Cash on Delivery,4,0
ORD008759,CUST1318,Lucknow,2024-02-27,Groceries,Olive Oil,3,799,0.1,2157.3,Cash on Delivery,4,0
ORD008760,CUST0135,Chennai,2024-08-27,Beauty,Face Serum,1,999,0.0,999.0,Cash on Delivery,4,0
ORD008761,CUST1046,Chennai,2023-10-11,Books,Fiction Novel,2,299,0.0,598.0,Credit Card,4,0
ORD008762,CUST1045,Ahmedabad,2024-11-13,Groceries,Basmati Rice 5kg,3,499,0.0,1497.0,Credit Card,3,0
ORD008763,CUST1026,Kolkata,2024-02-03,Clothing,Cotton T-Shirt,4,499,0.2,1596.8,Credit Card,5,0
ORD008764,CUST1422,Lucknow,2023-04-19,Home & Kitchen,Air Fryer,4,3999,0.15,13596.6,Net Banking,4,0
ORD008765,CUST1237,Hyderabad,2024-12-07,Sports,Running Shoes,4,3499,0.0,13996.0,Debit Card,4,0
ORD008766,CUST0070,Hyderabad,2024-06-27,Beauty,Face Serum,4,999,0.0,3996.0,Cash on Delivery,4,0
ORD008767,CUST0718,Lucknow,2024-02-03,Beauty,Face Serum,1,999,0.1,899.1,Cash on Delivery,4,0
ORD008768,CUST0576,Hyderabad,2023-09-20,Clothing,Denim Jeans,3,1299,0.0,3897.0,Debit Card,2,1
ORD008769,CUST0470,Jaipur,2024-04-17,Beauty,Hair Mask,4,399,0.2,1276.8,Debit Card,3,0
ORD008770,CUST0685,Pune,2023-07-20,Beauty,Body Lotion,4,349,0.2,1116.8,Net Banking,5,0
ORD008771,CUST0554,Ahmedabad,2023-01-08,Clothing,Cotton T-Shirt,1,499,0.05,474.05,UPI,5,0
ORD008772,CUST0650,Mumbai,2024-12-18,Sports,Running Shoes,1,3499,0.05,3324.05,Debit Card,3,0
ORD008773,CUST1467,Jaipur,2024-03-25,Electronics,Webcam,1,2199,0.0,2199.0,Net Banking,2,0
ORD008774,CUST0141,Jaipur,2024-03-24,Beauty,Body Lotion,4,349,0.0,1396.0,Cash on Delivery,3,0
ORD008775,CUST1387,Jaipur,2023-12-21,Beauty,Hair Mask,2,399,0.2,638.4,UPI,4,0
ORD008776,CUST0732,Lucknow,2023-02-10,Books,Python Programming,3,699,0.05,1992.15,UPI,5,0
ORD008777,CUST0967,Chennai,2023-06-12,Books,Self Help,1,449,0.2,359.2,UPI,5,0
ORD008778,CUST1243,Mumbai,2024-12-10,Home & Kitchen,Storage Box,4,299,0.2,956.8,Net Banking,4,0
ORD008779,CUST0525,Kolkata,2024-04-13,Groceries,Protein Bar Pack,4,699,0.05,2656.2,Net Banking,3,0
ORD008780,CUST0648,Hyderabad,2023-05-02,Beauty,Face Serum,1,999,0.2,799.2,Net Banking,3,0
ORD008781,CUST0606,Ahmedabad,2023-12-12,Electronics,Wireless Earbuds,1,2499,0.15,2124.15,Cash on Delivery,5,0
ORD008782,CUST0541,Ahmedabad,2024-10-08,Clothing,Formal Shirt,4,899,0.05,3416.2,Debit Card,4,0
ORD008783,CUST1391,Mumbai,2023-12-14,Beauty,Lip Balm Pack,2,199,0.0,398.0,Net Banking,3,0
ORD008784,CUST1242,Lucknow,2024-12-29,Home & Kitchen,Air Fryer,3,3999,0.0,11997.0,Debit Card,5,0
ORD008785,CUST0179,Kolkata,2023-02-18,Clothing,Formal Shirt,3,899,0.1,2427.3,Net Banking,5,0
ORD008786,CUST0179,Kolkata,2024-11-16,Electronics,Webcam,4,2199,0.15,7476.6,Cash on Delivery,5,0
ORD008787,CUST0646,Mumbai,2023-09-16,Books,Data Science Guide,1,899,0.2,719.2,Debit Card,4,0
ORD008788,CUST0158,Mumbai,2024-01-18,Clothing,Jacket,4,2999,0.1,10796.4,Credit Card,4,0
ORD008789,CUST0954,Mumbai,2023-09-04,Books,Python Programming,1,699,0.15,594.15,Cash on Delivery,4,0
ORD008790,CUST0229,Mumbai,2024-08-01,Sports,Gym Gloves,2,399,0.0,798.0,Debit Card,1,1
ORD008791,CUST0796,Jaipur,2023-11-13,Home & Kitchen,Knife Set,3,1299,0.1,3507.3,Cash on Delivery,5,0
ORD008792,CUST0012,Mumbai,2023-02-13,Books,Python Programming,1,699,0.0,699.0,Net Banking,5,0
ORD008793,CUST0476,Jaipur,2023-12-27,Groceries,Basmati Rice 5kg,2,499,0.2,798.4,Net Banking,4,0
ORD008794,CUST1041,Bangalore,2023-11-29,Electronics,Webcam,1,2199,0.1,1979.1,Debit Card,5,0
ORD008795,CUST0738,Delhi,2024-02-05,Books,Self Help,1,449,0.0,449.0,Cash on Delivery,3,0
ORD008796,CUST1467,Jaipur,2023-07-17,Beauty,Face Serum,1,999,0.1,899.1,Net Banking,5,0
ORD008797,CUST1323,Lucknow,2023-05-17,Groceries,Green Tea,2,299,0.05,568.1,Net Banking,4,0
ORD008798,CUST0525,Kolkata,2024-03-31,Electronics,Laptop Stand,2,1299,0.05,2468.1,Net Banking,5,0
ORD008799,CUST0074,Bangalore,2023-07-09,Electronics,Laptop Stand,4,1299,0.0,5196.0,Cash on Delivery,4,0
ORD008800,CUST1272,Lucknow,2024-01-29,Books,Business Strategy,2,599,0.15,1018.3,UPI,5,0
ORD008801,CUST1371,Hyderabad,2024-07-11,Beauty,Hair Mask,4,399,0.1,1436.4,UPI,5,0
ORD008802,CUST1231,Pune,2023-06-17,Electronics,Phone Charger,3,599,0.0,1797.0,Net Banking,5,0
ORD008803,CUST0204,Delhi,2024-06-30,Electronics,USB Hub,1,899,0.2,719.2,Net Banking,5,0
ORD008804,CUST1498,Jaipur,2024-03-16,Groceries,Mixed Nuts,1,599,0.0,599.0,UPI,3,0
ORD008805,CUST0397,Pune,2024-07-03,Beauty,Body Lotion,1,349,0.1,314.1,Net Banking,4,0
ORD008806,CUST1103,Bangalore,2023-01-26,Home & Kitchen,Coffee Mug,3,249,0.2,597.6,Cash on Delivery,3,0
ORD008807,CUST1365,Lucknow,2024-04-17,Electronics,Webcam,2,2199,0.1,3958.2,Credit Card,2,0
ORD008808,CUST0367,Mumbai,2023-09-04,Groceries,Olive Oil,1,799,0.0,799.0,Cash on Delivery,4,0
ORD008809,CUST1367,Pune,2024-07-19,Beauty,Body Lotion,3,349,0.0,1047.0,Debit Card,5,0
ORD008810,CUST0470,Jaipur,2023-10-27,Sports,Yoga Mat,3,799,0.0,2397.0,UPI,4,0
ORD008811,CUST1465,Hyderabad,2023-07-20,Home & Kitchen,Coffee Mug,4,249,0.15,846.6,Net Banking,5,0
ORD008812,CUST0428,Chennai,2024-11-10,Beauty,Sunscreen SPF50,2,499,0.05,948.1,Debit Card,3,0
ORD008813,CUST1438,Delhi,2023-11-10,Clothing,Cotton T-Shirt,1,499,0.0,499.0,UPI,4,0
ORD008814,CUST0088,Kolkata,2023-09-12,Groceries,Protein Bar Pack,3,699,0.2,1677.6,Debit Card,5,0
ORD008815,CUST1084,Bangalore,2024-08-31,Beauty,Face Serum,1,999,0.2,799.2,Cash on Delivery,4,0
ORD008816,CUST0806,Ahmedabad,2024-05-13,Home & Kitchen,Coffee Mug,4,249,0.0,996.0,Debit Card,4,0
ORD008817,CUST0728,Pune,2024-09-27,Electronics,Laptop Stand,1,1299,0.1,1169.1,Cash on Delivery,2,0
ORD008818,CUST0349,Delhi,2024-04-01,Sports,Gym Gloves,3,399,0.05,1137.15,Net Banking,4,0
ORD008819,CUST1080,Jaipur,2023-04-05,Electronics,Webcam,3,2199,0.0,6597.0,Debit Card,5,0
ORD008820,CUST0283,Lucknow,2023-06-16,Books,Business Strategy,4,599,0.15,2036.6,Net Banking,4,0
ORD008821,CUST0837,Lucknow,2024-10-02,Clothing,Cotton T-Shirt,1,499,0.15,424.15,Debit Card,4,0
ORD008822,CUST0391,Pune,2024-08-27,Sports,Yoga Mat,3,799,0.05,2277.15,UPI,5,0
ORD008823,CUST1441,Ahmedabad,2023-02-26,Groceries,Basmati Rice 5kg,1,499,0.2,399.2,UPI,5,0
ORD008824,CUST0051,Chennai,2024-01-27,Groceries,Basmati Rice 5kg,3,499,0.05,1422.15,Credit Card,5,0
ORD008825,CUST0305,Kolkata,2024-01-17,Groceries,Protein Bar Pack,2,699,0.05,1328.1,Debit Card,4,0
ORD008826,CUST0379,Delhi,2023-11-23,Electronics,Phone Charger,1,599,0.05,569.05,Debit Card,4,0
ORD008827,CUST0615,Jaipur,2024-12-18,Beauty,Body Lotion,2,349,0.1,628.2,Credit Card,1,1
ORD008828,CUST0364,Delhi,2024-02-06,Electronics,Phone Charger,4,599,0.15,2036.6,Credit Card,5,0
ORD008829,CUST0749,Chennai,2024-11-18,Books,Self Help,2,449,0.0,898.0,Debit Card,5,0
ORD008830,CUST1316,Pune,2023-05-25,Books,Business Strategy,2,599,0.2,958.4,Net Banking,4,0
ORD008831,CUST1086,Delhi,2024-05-02,Home & Kitchen,Storage Box,4,299,0.05,1136.2,UPI,5,0
ORD008832,CUST0892,Jaipur,2023-07-10,Home & Kitchen,Knife Set,3,1299,0.0,3897.0,UPI,4,0
ORD008833,CUST0141,Jaipur,2024-10-27,Sports,Running Shoes,2,3499,0.05,6648.1,Cash on Delivery,5,0
ORD008834,CUST1061,Chennai,2024-03-27,Sports,Gym Gloves,1,399,0.05,379.05,UPI,4,0
ORD008835,CUST0257,Ahmedabad,2024-03-25,Home & Kitchen,Storage Box,3,299,0.15,762.45,Net Banking,4,0
ORD008836,CUST1183,Lucknow,2024-12-13,Beauty,Hair Mask,3,399,0.0,1197.0,UPI,4,0
ORD008837,CUST0390,Chennai,2024-01-31,Clothing,Sneakers,2,2499,0.0,4998.0,Debit Card,4,0
ORD008838,CUST0619,Lucknow,2024-02-13,Beauty,Body Lotion,3,349,0.0,1047.0,Debit Card,4,0
ORD008839,CUST0514,Mumbai,2023-12-01,Books,Fiction Novel,4,299,0.0,1196.0,Cash on Delivery,3,0
ORD008840,CUST1302,Delhi,2023-09-23,Home & Kitchen,Knife Set,4,1299,0.0,5196.0,Credit Card,5,0
ORD008841,CUST0200,Mumbai,2024-05-11,Groceries,Mixed Nuts,4,599,0.15,2036.6,Net Banking,4,0
ORD008842,CUST0859,Ahmedabad,2023-03-21,Home & Kitchen,Water Bottle,4,399,0.15,1356.6,Credit Card,5,0
ORD008843,CUST0228,Ahmedabad,2023-07-03,Clothing,Cotton T-Shirt,4,499,0.2,1596.8,Cash on Delivery,4,0
ORD008844,CUST1080,Jaipur,2024-07-06,Home & Kitchen,Air Fryer,4,3999,0.15,13596.6,Cash on Delivery,4,0
ORD008845,CUST1361,Pune,2023-10-17,Books,Self Help,4,449,0.15,1526.6,Debit Card,5,0
ORD008846,CUST0655,Ahmedabad,2023-11-29,Electronics,USB Hub,1,899,0.15,764.15,UPI,4,0
ORD008847,CUST0746,Ahmedabad,2023-03-13,Home & Kitchen,Water Bottle,2,399,0.2,638.4,UPI,4,0
ORD008848,CUST1396,Pune,2024-06-28,Beauty,Lip Balm Pack,3,199,0.0,597.0,UPI,5,0
ORD008849,CUST0793,Chennai,2023-03-29,Beauty,Face Serum,3,999,0.0,2997.0,UPI,3,0
ORD008850,CUST0744,Ahmedabad,2024-09-22,Electronics,Phone Charger,2,599,0.15,1018.3,Net Banking,4,0
ORD008851,CUST0887,Ahmedabad,2024-06-05,Sports,Yoga Mat,4,799,0.15,2716.6,Credit Card,4,0
ORD008852,CUST1055,Ahmedabad,2024-02-24,Books,Business Strategy,4,599,0.2,1916.8,Credit Card,5,0
ORD008853,CUST0177,Jaipur,2023-08-31,Home & Kitchen,Air Fryer,3,3999,0.1,10797.3,Net Banking,5,0
ORD008854,CUST1231,Pune,2024-12-09,Electronics,Wireless Earbuds,3,2499,0.0,7497.0,Debit Card,5,0
ORD008855,CUST0659,Ahmedabad,2023-05-17,Home & Kitchen,Storage Box,1,299,0.15,254.15,Net Banking,4,0
ORD008856,CUST0117,Bangalore,2024-11-04,Groceries,Mixed Nuts,2,599,0.15,1018.3,Cash on Delivery,5,0
ORD008857,CUST1183,Lucknow,2023-07-20,Groceries,Protein Bar Pack,4,699,0.2,2236.8,Credit Card,5,0
ORD008858,CUST0542,Jaipur,2023-01-06,Home & Kitchen,Coffee Mug,2,249,0.0,498.0,Debit Card,5,0
ORD008859,CUST0162,Hyderabad,2023-08-08,Clothing,Sneakers,1,2499,0.0,2499.0,Cash on Delivery,5,0
ORD008860,CUST0987,Jaipur,2023-10-12,Electronics,Wireless Earbuds,2,2499,0.0,4998.0,Credit Card,5,0
ORD008861,CUST1329,Kolkata,2024-12-03,Electronics,Webcam,3,2199,0.05,6267.15,UPI,4,0
ORD008862,CUST1338,Pune,2023-10-25,Groceries,Protein Bar Pack,4,699,0.0,2796.0,Debit Card,5,0
ORD008863,CUST1443,Chennai,2024-09-12,Clothing,Jacket,2,2999,0.0,5998.0,Credit Card,2,1
ORD008864,CUST1310,Delhi,2024-08-17,Sports,Resistance Bands,4,499,0.05,1896.2,UPI,5,0
ORD008865,CUST0002,Mumbai,2024-08-24,Sports,Gym Gloves,2,399,0.0,798.0,Credit Card,4,0
ORD008866,CUST0549,Kolkata,2024-06-12,Sports,Running Shoes,4,3499,0.1,12596.4,Net Banking,5,0
ORD008867,CUST1229,Pune,2024-06-06,Clothing,Denim Jeans,4,1299,0.0,5196.0,UPI,4,0
ORD008868,CUST0532,Bangalore,2024-10-25,Home & Kitchen,Water Bottle,4,399,0.0,1596.0,Credit Card,3,0
ORD008869,CUST0925,Pune,2024-02-06,Books,Data Science Guide,3,899,0.0,2697.0,Cash on Delivery,5,0
ORD008870,CUST0933,Jaipur,2023-03-04,Groceries,Mixed Nuts,1,599,0.1,539.1,Credit Card,4,0
ORD008871,CUST0532,Bangalore,2023-07-23,Sports,Running Shoes,4,3499,0.1,12596.4,Net Banking,5,0
ORD008872,CUST1361,Pune,2023-12-06,Clothing,Sneakers,3,2499,0.05,7122.15,Cash on Delivery,4,0
ORD008873,CUST0767,Chennai,2023-10-02,Sports,Gym Gloves,4,399,0.0,1596.0,UPI,4,0
ORD008874,CUST0712,Hyderabad,2024-06-26,Home & Kitchen,Water Bottle,1,399,0.0,399.0,Debit Card,5,0
ORD008875,CUST1497,Kolkata,2023-11-10,Books,Python Programming,2,699,0.05,1328.1,Cash on Delivery,4,0
ORD008876,CUST0752,Hyderabad,2023-03-23,Beauty,Face Serum,1,999,0.15,849.15,Credit Card,3,0
ORD008877,CUST0271,Ahmedabad,2023-04-09,Clothing,Cotton T-Shirt,3,499,0.15,1272.45,Cash on Delivery,5,0
ORD008878,CUST0780,Jaipur,2024-06-05,Groceries,Basmati Rice 5kg,2,499,0.05,948.1,UPI,4,0
ORD008879,CUST1222,Chennai,2023-12-06,Groceries,Basmati Rice 5kg,4,499,0.15,1696.6,Debit Card,3,0
ORD008880,CUST1172,Jaipur,2024-07-04,Home & Kitchen,Air Fryer,1,3999,0.2,3199.2,Net Banking,5,0
ORD008881,CUST1186,Delhi,2024-09-21,Home & Kitchen,Knife Set,3,1299,0.0,3897.0,Debit Card,2,1
ORD008882,CUST1083,Bangalore,2023-09-05,Clothing,Sneakers,1,2499,0.05,2374.05,Net Banking,4,0
ORD008883,CUST0394,Hyderabad,2024-03-12,Sports,Running Shoes,2,3499,0.0,6998.0,UPI,4,0
ORD008884,CUST1305,Delhi,2024-10-13,Sports,Running Shoes,4,3499,0.0,13996.0,Credit Card,4,0
ORD008885,CUST1349,Kolkata,2023-08-26,Beauty,Sunscreen SPF50,2,499,0.0,998.0,UPI,4,0
ORD008886,CUST0293,Lucknow,2024-03-21,Beauty,Hair Mask,2,399,0.05,758.1,Net Banking,5,0
ORD008887,CUST0208,Jaipur,2023-12-18,Clothing,Cotton T-Shirt,3,499,0.1,1347.3,Credit Card,4,0
ORD008888,CUST1465,Hyderabad,2023-12-16,Sports,Water Jug,3,599,0.2,1437.6,Cash on Delivery,5,0
ORD008889,CUST1312,Chennai,2023-10-05,Home & Kitchen,Coffee Mug,2,249,0.0,498.0,Debit Card,4,0
ORD008890,CUST1349,Kolkata,2024-01-10,Books,Python Programming,2,699,0.0,1398.0,Cash on Delivery,5,0
ORD008891,CUST1335,Kolkata,2024-09-23,Sports,Gym Gloves,2,399,0.15,678.3,Debit Card,3,0
ORD008892,CUST0814,Kolkata,2023-04-24,Electronics,Laptop Stand,1,1299,0.0,1299.0,UPI,3,0
ORD008893,CUST1004,Lucknow,2023-03-01,Home & Kitchen,Air Fryer,4,3999,0.05,15196.2,Cash on Delivery,4,0
ORD008894,CUST0821,Lucknow,2024-12-30,Books,Data Science Guide,3,899,0.0,2697.0,UPI,5,0
ORD008895,CUST0082,Hyderabad,2024-09-08,Books,Self Help,3,449,0.15,1144.95,Credit Card,5,0
ORD008896,CUST1131,Ahmedabad,2024-12-11,Electronics,Phone Charger,1,599,0.0,599.0,Cash on Delivery,5,0
ORD008897,CUST0768,Hyderabad,2024-11-20,Beauty,Lip Balm Pack,2,199,0.0,398.0,Net Banking,2,1
ORD008898,CUST1005,Ahmedabad,2024-03-15,Beauty,Hair Mask,3,399,0.1,1077.3,Cash on Delivery,5,0
ORD008899,CUST0766,Chennai,2024-06-09,Groceries,Protein Bar Pack,3,699,0.0,2097.0,Credit Card,4,0
ORD008900,CUST0749,Chennai,2023-12-21,Beauty,Face Serum,1,999,0.0,999.0,UPI,4,0
ORD008901,CUST0262,Bangalore,2023-07-14,Sports,Water Jug,2,599,0.05,1138.1,Net Banking,5,0
ORD008902,CUST0422,Hyderabad,2024-10-11,Groceries,Basmati Rice 5kg,2,499,0.05,948.1,UPI,2,1
ORD008903,CUST0248,Jaipur,2023-08-29,Clothing,Cotton T-Shirt,1,499,0.0,499.0,Net Banking,4,0
ORD008904,CUST0297,Delhi,2023-09-13,Beauty,Sunscreen SPF50,1,499,0.05,474.05,Net Banking,4,0
ORD008905,CUST1460,Kolkata,2024-01-23,Books,Business Strategy,4,599,0.0,2396.0,UPI,5,0
ORD008906,CUST0242,Bangalore,2024-11-30,Sports,Gym Gloves,1,399,0.15,339.15,Cash on Delivery,5,0
ORD008907,CUST0412,Bangalore,2024-11-08,Beauty,Lip Balm Pack,3,199,0.0,597.0,Debit Card,5,0
ORD008908,CUST0911,Bangalore,2024-08-18,Groceries,Protein Bar Pack,2,699,0.0,1398.0,Credit Card,4,0
ORD008909,CUST0942,Jaipur,2023-05-04,Clothing,Cotton T-Shirt,1,499,0.2,399.2,Cash on Delivery,5,0
ORD008910,CUST0243,Chennai,2023-02-11,Home & Kitchen,Air Fryer,1,3999,0.0,3999.0,Debit Card,4,0
ORD008911,CUST1194,Hyderabad,2023-08-30,Clothing,Denim Jeans,1,1299,0.0,1299.0,Debit Card,3,0
ORD008912,CUST1181,Pune,2024-01-03,Electronics,Webcam,2,2199,0.1,3958.2,Credit Card,4,0
ORD008913,CUST0368,Mumbai,2024-03-10,Sports,Gym Gloves,1,399,0.0,399.0,Net Banking,4,0
ORD008914,CUST0442,Mumbai,2024-04-26,Electronics,Wireless Earbuds,1,2499,0.0,2499.0,Debit Card,5,0
ORD008915,CUST1416,Lucknow,2024-09-20,Groceries,Protein Bar Pack,3,699,0.1,1887.3,Credit Card,5,0
ORD008916,CUST1239,Ahmedabad,2024-02-06,Home & Kitchen,Water Bottle,1,399,0.2,319.2,Credit Card,4,0
ORD008917,CUST1063,Delhi,2024-03-15,Books,Self Help,3,449,0.05,1279.65,Debit Card,5,0
ORD008918,CUST0134,Delhi,2023-01-21,Home & Kitchen,Water Bottle,1,399,0.05,379.05,UPI,4,0
ORD008919,CUST0620,Mumbai,2023-12-15,Electronics,Phone Charger,3,599,0.2,1437.6,Debit Card,1,0
ORD008920,CUST0848,Delhi,2024-12-12,Clothing,Sneakers,1,2499,0.15,2124.15,Debit Card,5,0
ORD008921,CUST0279,Mumbai,2024-03-13,Beauty,Hair Mask,1,399,0.15,339.15,UPI,5,0
ORD008922,CUST0680,Chennai,2024-01-26,Beauty,Hair Mask,4,399,0.0,1596.0,Net Banking,4,0
ORD008923,CUST0924,Pune,2024-09-20,Home & Kitchen,Knife Set,3,1299,0.05,3702.15,Credit Card,5,0
ORD008924,CUST0489,Chennai,2023-01-18,Groceries,Olive Oil,3,799,0.0,2397.0,Credit Card,1,0
ORD008925,CUST1177,Chennai,2024-03-30,Beauty,Face Serum,2,999,0.2,1598.4,Net Banking,4,0
ORD008926,CUST1260,Chennai,2023-04-10,Sports,Running Shoes,4,3499,0.15,11896.6,Cash on Delivery,1,0
ORD008927,CUST0485,Kolkata,2023-05-31,Beauty,Sunscreen SPF50,2,499,0.0,998.0,Cash on Delivery,4,0
ORD008928,CUST1252,Hyderabad,2024-03-13,Books,Data Science Guide,2,899,0.05,1708.1,Debit Card,5,0
ORD008929,CUST0167,Delhi,2023-08-29,Books,Data Science Guide,2,899,0.15,1528.3,Credit Card,4,0
ORD008930,CUST1251,Jaipur,2024-04-27,Electronics,USB Hub,3,899,0.0,2697.0,UPI,4,0
ORD008931,CUST0242,Bangalore,2024-03-23,Home & Kitchen,Coffee Mug,4,249,0.2,796.8,Credit Card,2,0
ORD008932,CUST0135,Chennai,2023-03-30,Electronics,Wireless Earbuds,3,2499,0.1,6747.3,Credit Card,5,0
ORD008933,CUST0999,Chennai,2023-10-02,Sports,Water Jug,2,599,0.15,1018.3,Debit Card,4,0
ORD008934,CUST0720,Kolkata,2024-06-04,Sports,Resistance Bands,2,499,0.0,998.0,Credit Card,5,0
ORD008935,CUST1365,Lucknow,2024-08-25,Groceries,Basmati Rice 5kg,2,499,0.05,948.1,Net Banking,5,0
ORD008936,CUST0531,Hyderabad,2023-12-22,Clothing,Cotton T-Shirt,3,499,0.15,1272.45,Cash on Delivery,5,0
ORD008937,CUST0439,Bangalore,2024-05-25,Electronics,Wireless Earbuds,4,2499,0.0,9996.0,Net Banking,5,0
ORD008938,CUST0760,Kolkata,2024-06-05,Groceries,Basmati Rice 5kg,2,499,0.0,998.0,Debit Card,5,0
ORD008939,CUST0693,Kolkata,2024-05-17,Books,Fiction Novel,2,299,0.0,598.0,UPI,2,0
ORD008940,CUST0509,Chennai,2024-10-15,Groceries,Mixed Nuts,4,599,0.1,2156.4,Credit Card,4,0
ORD008941,CUST1060,Hyderabad,2024-06-02,Books,Data Science Guide,1,899,0.0,899.0,UPI,4,0
ORD008942,CUST1150,Chennai,2024-09-22,Beauty,Face Serum,3,999,0.0,2997.0,Net Banking,4,0
ORD008943,CUST1283,Ahmedabad,2023-02-17,Books,Business Strategy,3,599,0.05,1707.15,Net Banking,2,0
ORD008944,CUST1460,Kolkata,2023-02-08,Clothing,Denim Jeans,4,1299,0.15,4416.6,Debit Card,2,0
ORD008945,CUST0406,Mumbai,2024-08-01,Home & Kitchen,Air Fryer,3,3999,0.0,11997.0,Debit Card,4,0
ORD008946,CUST1091,Ahmedabad,2024-10-04,Home & Kitchen,Coffee Mug,2,249,0.0,498.0,Net Banking,2,1
ORD008947,CUST0573,Hyderabad,2024-03-04,Clothing,Sneakers,4,2499,0.0,9996.0,Cash on Delivery,5,0
ORD008948,CUST1041,Bangalore,2024-12-12,Sports,Gym Gloves,1,399,0.05,379.05,Net Banking,1,1
ORD008949,CUST0725,Bangalore,2024-01-04,Sports,Water Jug,1,599,0.1,539.1,Credit Card,4,0
ORD008950,CUST1487,Bangalore,2024-08-14,Electronics,Webcam,2,2199,0.1,3958.2,Credit Card,3,0
ORD008951,CUST1107,Lucknow,2024-05-29,Books,Python Programming,4,699,0.0,2796.0,Debit Card,4,0
ORD008952,CUST1434,Jaipur,2024-08-22,Groceries,Green Tea,2,299,0.0,598.0,Debit Card,4,0
ORD008953,CUST1249,Hyderabad,2023-09-26,Clothing,Sneakers,2,2499,0.0,4998.0,Debit Card,4,0
ORD008954,CUST1358,Pune,2023-04-07,Sports,Gym Gloves,4,399,0.1,1436.4,Net Banking,4,0
ORD008955,CUST1224,Pune,2024-02-09,Electronics,Laptop Stand,3,1299,0.15,3312.45,Debit Card,4,0
ORD008956,CUST0706,Ahmedabad,2024-08-28,Groceries,Mixed Nuts,3,599,0.2,1437.6,UPI,5,0
ORD008957,CUST0391,Pune,2024-03-02,Books,Data Science Guide,2,899,0.0,1798.0,Cash on Delivery,5,0
ORD008958,CUST0535,Mumbai,2023-12-18,Beauty,Body Lotion,2,349,0.0,698.0,Debit Card,4,0
ORD008959,CUST0035,Pune,2023-12-25,Electronics,Wireless Earbuds,2,2499,0.2,3998.4,Cash on Delivery,4,0
ORD008960,CUST0797,Chennai,2024-10-03,Beauty,Lip Balm Pack,3,199,0.05,567.15,Debit Card,5,0
ORD008961,CUST0768,Hyderabad,2023-02-10,Groceries,Mixed Nuts,1,599,0.15,509.15,UPI,4,0
ORD008962,CUST0797,Chennai,2024-07-13,Beauty,Sunscreen SPF50,3,499,0.1,1347.3,Credit Card,4,0
ORD008963,CUST1462,Bangalore,2023-06-17,Sports,Resistance Bands,4,499,0.15,1696.6,Net Banking,5,0
ORD008964,CUST1371,Hyderabad,2024-05-23,Sports,Resistance Bands,3,499,0.0,1497.0,Debit Card,4,0
ORD008965,CUST0250,Mumbai,2023-04-02,Clothing,Jacket,1,2999,0.1,2699.1,Net Banking,4,0
ORD008966,CUST0534,Ahmedabad,2023-04-07,Electronics,Laptop Stand,4,1299,0.15,4416.6,Debit Card,3,0
ORD008967,CUST0632,Pune,2024-05-18,Groceries,Basmati Rice 5kg,2,499,0.0,998.0,Net Banking,5,0
ORD008968,CUST0526,Hyderabad,2024-04-10,Electronics,Laptop Stand,3,1299,0.0,3897.0,UPI,5,0
ORD008969,CUST1198,Kolkata,2023-10-06,Electronics,Laptop Stand,1,1299,0.1,1169.1,Credit Card,5,0
ORD008970,CUST0797,Chennai,2023-01-16,Electronics,Wireless Earbuds,1,2499,0.2,1999.2,Credit Card,5,0
ORD008971,CUST0870,Hyderabad,2024-12-04,Clothing,Denim Jeans,1,1299,0.2,1039.2,Credit Card,5,0
ORD008972,CUST1283,Ahmedabad,2023-01-09,Groceries,Green Tea,1,299,0.0,299.0,Debit Card,2,0
ORD008973,CUST1210,Kolkata,2023-12-30,Beauty,Body Lotion,2,349,0.0,698.0,Cash on Delivery,5,0
ORD008974,CUST0212,Hyderabad,2024-05-18,Beauty,Face Serum,2,999,0.05,1898.1,UPI,5,0
ORD008975,CUST1089,Lucknow,2024-03-06,Groceries,Olive Oil,4,799,0.15,2716.6,UPI,5,0
ORD008976,CUST0659,Ahmedabad,2024-07-28,Home & Kitchen,Air Fryer,3,3999,0.05,11397.15,Credit Card,4,0
ORD008977,CUST0447,Pune,2024-02-11,Groceries,Green Tea,2,299,0.0,598.0,Cash on Delivery,5,0
ORD008978,CUST0081,Jaipur,2023-02-15,Beauty,Lip Balm Pack,3,199,0.05,567.15,Cash on Delivery,5,0
ORD008979,CUST0744,Ahmedabad,2024-12-05,Electronics,USB Hub,4,899,0.15,3056.6,Debit Card,3,0
ORD008980,CUST0523,Kolkata,2024-06-07,Books,Fiction Novel,1,299,0.2,239.2,Debit Card,5,0
ORD008981,CUST0391,Pune,2024-03-08,Sports,Resistance Bands,4,499,0.0,1996.0,Net Banking,3,0
ORD008982,CUST1061,Chennai,2023-03-14,Sports,Gym Gloves,4,399,0.1,1436.4,Net Banking,3,0
ORD008983,CUST1161,Bangalore,2024-08-10,Home & Kitchen,Coffee Mug,1,249,0.05,236.55,Debit Card,5,0
ORD008984,CUST0384,Lucknow,2023-01-28,Books,Self Help,4,449,0.15,1526.6,Cash on Delivery,5,0
ORD008985,CUST0081,Jaipur,2024-04-11,Beauty,Lip Balm Pack,4,199,0.0,796.0,UPI,5,0
ORD008986,CUST1278,Bangalore,2024-09-03,Sports,Water Jug,3,599,0.2,1437.6,UPI,4,0
ORD008987,CUST0013,Mumbai,2024-05-08,Sports,Water Jug,4,599,0.05,2276.2,Cash on Delivery,4,0
ORD008988,CUST1412,Bangalore,2023-02-04,Electronics,Wireless Earbuds,4,2499,0.0,9996.0,Net Banking,5,0
ORD008989,CUST0972,Delhi,2023-09-12,Sports,Resistance Bands,2,499,0.15,848.3,Debit Card,5,0
ORD008990,CUST0482,Lucknow,2024-04-23,Beauty,Sunscreen SPF50,2,499,0.0,998.0,Credit Card,5,0
ORD008991,CUST0385,Jaipur,2024-07-29,Books,Data Science Guide,4,899,0.05,3416.2,UPI,4,0
ORD008992,CUST0012,Mumbai,2024-10-22,Home & Kitchen,Air Fryer,4,3999,0.0,15996.0,UPI,5,0
ORD008993,CUST0367,Mumbai,2024-01-04,Groceries,Protein Bar Pack,1,699,0.15,594.15,Net Banking,3,0
ORD008994,CUST0220,Kolkata,2023-08-12,Clothing,Denim Jeans,1,1299,0.0,1299.0,Net Banking,1,1
ORD008995,CUST0944,Jaipur,2024-10-05,Books,Fiction Novel,2,299,0.2,478.4,Credit Card,4,0
ORD008996,CUST0257,Ahmedabad,2024-05-26,Clothing,Denim Jeans,3,1299,0.0,3897.0,Debit Card,4,0
ORD008997,CUST0800,Delhi,2024-12-01,Electronics,Webcam,2,2199,0.05,4178.1,Cash on Delivery,2,0
ORD008998,CUST0908,Chennai,2023-05-11,Books,Python Programming,1,699,0.05,664.05,Credit Card,3,0
ORD008999,CUST0451,Delhi,2023-11-10,Groceries,Mixed Nuts,2,599,0.2,958.4,Credit Card,4,0
ORD009000,CUST0056,Delhi,2024-04-10,Sports,Water Jug,3,599,0.2,1437.6,UPI,1,0
ORD009001,CUST0061,Hyderabad,2023-04-25,Sports,Water Jug,4,599,0.0,2396.0,Debit Card,5,0
ORD009002,CUST0048,Kolkata,2024-08-22,Groceries,Green Tea,3,299,0.2,717.6,UPI,4,0
ORD009003,CUST1122,Chennai,2023-02-18,Clothing,Sneakers,3,2499,0.2,5997.6,UPI,5,0
ORD009004,CUST0479,Kolkata,2024-12-13,Electronics,Laptop Stand,2,1299,0.15,2208.3,Net Banking,5,0
ORD009005,CUST1197,Chennai,2024-06-01,Home & Kitchen,Water Bottle,3,399,0.0,1197.0,Debit Card,5,0
ORD009006,CUST0649,Hyderabad,2024-12-31,Sports,Water Jug,1,599,0.0,599.0,Credit Card,4,0
ORD009007,CUST0686,Jaipur,2023-03-05,Groceries,Protein Bar Pack,4,699,0.05,2656.2,Credit Card,2,0
ORD009008,CUST0780,Jaipur,2023-04-24,Sports,Water Jug,1,599,0.05,569.05,Cash on Delivery,1,0
ORD009009,CUST1089,Lucknow,2023-02-16,Sports,Gym Gloves,2,399,0.15,678.3,Credit Card,4,0
ORD009010,CUST0414,Kolkata,2023-06-26,Sports,Gym Gloves,1,399,0.0,399.0,Cash on Delivery,2,1
ORD009011,CUST0197,Hyderabad,2023-02-05,Sports,Water Jug,1,599,0.0,599.0,UPI,3,0
ORD009012,CUST0842,Mumbai,2023-09-01,Home & Kitchen,Air Fryer,1,3999,0.05,3799.05,Net Banking,4,0
ORD009013,CUST0489,Chennai,2024-02-22,Books,Business Strategy,1,599,0.0,599.0,UPI,5,0
ORD009014,CUST0676,Delhi,2023-07-07,Groceries,Mixed Nuts,3,599,0.0,1797.0,Debit Card,5,0
ORD009015,CUST1004,Lucknow,2023-11-05,Groceries,Mixed Nuts,1,599,0.05,569.05,Credit Card,5,0
ORD009016,CUST0752,Hyderabad,2023-01-25,Groceries,Protein Bar Pack,4,699,0.0,2796.0,Net Banking,5,0
ORD009017,CUST0955,Hyderabad,2023-11-12,Clothing,Denim Jeans,4,1299,0.15,4416.6,UPI,4,0
ORD009018,CUST0817,Lucknow,2023-09-26,Electronics,Wireless Earbuds,4,2499,0.0,9996.0,Debit Card,4,0
ORD009019,CUST1122,Chennai,2024-08-03,Beauty,Hair Mask,1,399,0.0,399.0,UPI,3,0
ORD009020,CUST1080,Jaipur,2023-01-21,Clothing,Sneakers,3,2499,0.05,7122.15,Net Banking,5,0
ORD009021,CUST0808,Bangalore,2024-06-03,Sports,Water Jug,4,599,0.05,2276.2,Debit Card,5,0
ORD009022,CUST1044,Delhi,2023-12-17,Groceries,Basmati Rice 5kg,3,499,0.2,1197.6,UPI,3,0
ORD009023,CUST1318,Lucknow,2024-08-20,Sports,Water Jug,3,599,0.2,1437.6,Debit Card,2,0
ORD009024,CUST0650,Mumbai,2023-09-29,Groceries,Basmati Rice 5kg,1,499,0.15,424.15,UPI,3,0
ORD009025,CUST0613,Bangalore,2024-01-23,Books,Python Programming,3,699,0.0,2097.0,Cash on Delivery,5,0
ORD009026,CUST1154,Hyderabad,2024-02-18,Clothing,Jacket,3,2999,0.15,7647.45,Debit Card,4,0
ORD009027,CUST0893,Ahmedabad,2023-02-05,Clothing,Sneakers,1,2499,0.0,2499.0,Cash on Delivery,4,0
ORD009028,CUST0116,Delhi,2023-10-14,Electronics,Phone Charger,4,599,0.2,1916.8,Debit Card,5,0
ORD009029,CUST1345,Delhi,2023-01-27,Sports,Running Shoes,4,3499,0.15,11896.6,Cash on Delivery,5,0
ORD009030,CUST0053,Pune,2023-01-18,Electronics,Webcam,2,2199,0.15,3738.3,Cash on Delivery,4,0
ORD009031,CUST1137,Hyderabad,2024-08-03,Electronics,Laptop Stand,2,1299,0.0,2598.0,Debit Card,5,0
ORD009032,CUST1150,Chennai,2023-11-22,Books,Data Science Guide,4,899,0.0,3596.0,Debit Card,4,0
ORD009033,CUST1434,Jaipur,2024-05-16,Clothing,Jacket,4,2999,0.0,11996.0,Credit Card,5,0
ORD009034,CUST0089,Chennai,2023-10-28,Electronics,Webcam,2,2199,0.15,3738.3,Credit Card,5,0
ORD009035,CUST0921,Ahmedabad,2023-01-28,Clothing,Jacket,2,2999,0.0,5998.0,Debit Card,4,0
ORD009036,CUST0646,Mumbai,2023-08-05,Beauty,Body Lotion,1,349,0.1,314.1,Cash on Delivery,5,0
ORD009037,CUST0495,Ahmedabad,2024-02-29,Clothing,Formal Shirt,3,899,0.0,2697.0,Credit Card,4,0
ORD009038,CUST0142,Bangalore,2024-11-29,Home & Kitchen,Knife Set,4,1299,0.0,5196.0,Net Banking,5,0
ORD009039,CUST0852,Jaipur,2024-04-28,Electronics,Laptop Stand,1,1299,0.0,1299.0,Debit Card,3,0
ORD009040,CUST0732,Lucknow,2023-05-06,Clothing,Denim Jeans,3,1299,0.1,3507.3,Debit Card,4,0
ORD009041,CUST0171,Bangalore,2023-09-11,Groceries,Olive Oil,1,799,0.0,799.0,Debit Card,4,0
ORD009042,CUST0944,Jaipur,2023-05-21,Books,Fiction Novel,4,299,0.15,1016.6,UPI,5,0
ORD009043,CUST1122,Chennai,2024-12-09,Books,Python Programming,3,699,0.15,1782.45,UPI,1,1
ORD009044,CUST1158,Jaipur,2024-03-15,Beauty,Lip Balm Pack,4,199,0.0,796.0,Cash on Delivery,4,0
ORD009045,CUST1361,Pune,2024-07-03,Books,Fiction Novel,2,299,0.0,598.0,UPI,5,0
ORD009046,CUST0606,Ahmedabad,2023-04-10,Groceries,Protein Bar Pack,2,699,0.2,1118.4,Net Banking,4,0
ORD009047,CUST1434,Jaipur,2023-08-06,Clothing,Jacket,4,2999,0.0,11996.0,UPI,4,0
ORD009048,CUST1308,Lucknow,2023-06-16,Books,Self Help,2,449,0.0,898.0,Debit Card,4,0
ORD009049,CUST0448,Kolkata,2024-03-19,Clothing,Formal Shirt,2,899,0.2,1438.4,Cash on Delivery,3,0
ORD009050,CUST0248,Jaipur,2023-03-22,Books,Data Science Guide,4,899,0.1,3236.4,UPI,3,0
ORD009051,CUST0659,Ahmedabad,2024-06-17,Electronics,USB Hub,3,899,0.0,2697.0,Cash on Delivery,5,0
ORD009052,CUST0582,Ahmedabad,2023-01-08,Groceries,Protein Bar Pack,3,699,0.1,1887.3,Net Banking,4,0
ORD009053,CUST0881,Chennai,2023-11-16,Groceries,Basmati Rice 5kg,4,499,0.05,1896.2,UPI,4,0
ORD009054,CUST0895,Delhi,2024-08-23,Electronics,Wireless Earbuds,3,2499,0.05,7122.15,Credit Card,4,0
ORD009055,CUST1140,Bangalore,2023-12-25,Home & Kitchen,Storage Box,2,299,0.2,478.4,Cash on Delivery,4,0
ORD009056,CUST0775,Hyderabad,2023-10-03,Clothing,Denim Jeans,3,1299,0.0,3897.0,Debit Card,5,0
ORD009057,CUST0171,Bangalore,2024-08-24,Groceries,Mixed Nuts,1,599,0.1,539.1,Credit Card,4,0
ORD009058,CUST1300,Kolkata,2023-11-22,Beauty,Body Lotion,4,349,0.05,1326.2,UPI,5,0
ORD009059,CUST0470,Jaipur,2023-11-26,Home & Kitchen,Water Bottle,1,399,0.15,339.15,Credit Card,5,0
ORD009060,CUST1457,Delhi,2024-12-31,Home & Kitchen,Knife Set,2,1299,0.0,2598.0,Debit Card,1,0
ORD009061,CUST0192,Delhi,2024-11-06,Clothing,Cotton T-Shirt,3,499,0.0,1497.0,Net Banking,5,0
ORD009062,CUST1444,Mumbai,2024-05-02,Electronics,USB Hub,3,899,0.1,2427.3,Cash on Delivery,3,0
ORD009063,CUST0147,Lucknow,2023-04-30,Groceries,Green Tea,2,299,0.05,568.1,Cash on Delivery,4,0
ORD009064,CUST0361,Ahmedabad,2024-03-11,Beauty,Sunscreen SPF50,1,499,0.0,499.0,Credit Card,4,0
ORD009065,CUST0075,Jaipur,2023-06-29,Beauty,Body Lotion,1,349,0.1,314.1,Cash on Delivery,1,0
ORD009066,CUST1080,Jaipur,2023-02-06,Beauty,Face Serum,2,999,0.0,1998.0,Debit Card,4,0
ORD009067,CUST1278,Bangalore,2024-10-24,Groceries,Olive Oil,1,799,0.0,799.0,Cash on Delivery,5,0
ORD009068,CUST0654,Bangalore,2023-12-20,Groceries,Olive Oil,2,799,0.15,1358.3,Net Banking,5,0
ORD009069,CUST1399,Bangalore,2023-06-10,Sports,Yoga Mat,2,799,0.0,1598.0,Cash on Delivery,4,0
ORD009070,CUST0910,Mumbai,2023-11-19,Clothing,Jacket,1,2999,0.0,2999.0,Credit Card,3,0
ORD009071,CUST0979,Chennai,2024-09-04,Beauty,Sunscreen SPF50,2,499,0.05,948.1,Debit Card,4,0
ORD009072,CUST1272,Lucknow,2024-08-07,Beauty,Hair Mask,4,399,0.1,1436.4,Cash on Delivery,5,0
ORD009073,CUST0448,Kolkata,2023-06-22,Clothing,Formal Shirt,3,899,0.0,2697.0,Credit Card,4,0
ORD009074,CUST0519,Ahmedabad,2023-02-20,Clothing,Denim Jeans,2,1299,0.0,2598.0,Net Banking,4,0
ORD009075,CUST1363,Mumbai,2024-05-07,Home & Kitchen,Air Fryer,1,3999,0.0,3999.0,Credit Card,5,0
ORD009076,CUST1356,Jaipur,2024-01-24,Home & Kitchen,Air Fryer,3,3999,0.0,11997.0,Debit Card,4,0
ORD009077,CUST1465,Hyderabad,2024-06-06,Groceries,Protein Bar Pack,1,699,0.1,629.1,Cash on Delivery,5,0
ORD009078,CUST1357,Jaipur,2024-08-12,Beauty,Body Lotion,3,349,0.2,837.6,Credit Card,3,0
ORD009079,CUST0201,Delhi,2023-03-28,Sports,Running Shoes,1,3499,0.0,3499.0,Debit Card,5,0
ORD009080,CUST1237,Hyderabad,2023-02-16,Books,Fiction Novel,4,299,0.05,1136.2,Cash on Delivery,1,0
ORD009081,CUST0609,Pune,2023-10-15,Books,Self Help,3,449,0.1,1212.3,Credit Card,5,0
ORD009082,CUST1479,Lucknow,2024-08-19,Beauty,Lip Balm Pack,1,199,0.0,199.0,Debit Card,5,0
ORD009083,CUST0720,Kolkata,2024-04-27,Home & Kitchen,Storage Box,4,299,0.0,1196.0,UPI,3,0
ORD009084,CUST0838,Kolkata,2023-11-20,Sports,Yoga Mat,1,799,0.0,799.0,Net Banking,5,0
ORD009085,CUST0803,Chennai,2023-08-23,Sports,Running Shoes,2,3499,0.0,6998.0,Cash on Delivery,5,0
ORD009086,CUST0482,Lucknow,2024-05-17,Books,Self Help,4,449,0.15,1526.6,Debit Card,2,1
ORD009087,CUST0121,Delhi,2024-09-27,Beauty,Body Lotion,3,349,0.15,889.95,Cash on Delivery,5,0
ORD009088,CUST1351,Pune,2024-08-18,Beauty,Hair Mask,4,399,0.0,1596.0,Net Banking,4,0
ORD009089,CUST1206,Delhi,2024-09-06,Electronics,Wireless Earbuds,4,2499,0.0,9996.0,Credit Card,5,0
ORD009090,CUST0224,Kolkata,2024-02-16,Clothing,Formal Shirt,2,899,0.0,1798.0,UPI,5,0
ORD009091,CUST1172,Jaipur,2024-04-26,Sports,Resistance Bands,1,499,0.15,424.15,UPI,3,0
ORD009092,CUST0971,Kolkata,2023-11-25,Electronics,USB Hub,1,899,0.0,899.0,Cash on Delivery,4,0
ORD009093,CUST0602,Ahmedabad,2023-04-23,Books,Self Help,4,449,0.0,1796.0,UPI,5,0
ORD009094,CUST0394,Hyderabad,2024-01-20,Books,Data Science Guide,4,899,0.0,3596.0,UPI,3,0
ORD009095,CUST1302,Delhi,2024-12-14,Groceries,Olive Oil,1,799,0.0,799.0,Cash on Delivery,4,0
ORD009096,CUST1066,Delhi,2024-12-27,Sports,Running Shoes,3,3499,0.1,9447.3,Cash on Delivery,5,0
ORD009097,CUST0826,Jaipur,2024-08-17,Clothing,Sneakers,3,2499,0.15,6372.45,Net Banking,4,0
ORD009098,CUST0940,Delhi,2024-02-04,Clothing,Denim Jeans,4,1299,0.15,4416.6,Cash on Delivery,4,0
ORD009099,CUST0147,Lucknow,2023-08-12,Electronics,USB Hub,2,899,0.0,1798.0,UPI,5,0
ORD009100,CUST0721,Pune,2024-07-13,Electronics,Wireless Earbuds,1,2499,0.1,2249.1,Credit Card,2,1
ORD009101,CUST0293,Lucknow,2023-06-18,Electronics,Laptop Stand,2,1299,0.1,2338.2,UPI,3,0
ORD009102,CUST0316,Bangalore,2023-09-29,Clothing,Denim Jeans,4,1299,0.0,5196.0,Cash on Delivery,5,0
ORD009103,CUST1019,Lucknow,2024-06-10,Beauty,Hair Mask,1,399,0.15,339.15,Cash on Delivery,5,0
ORD009104,CUST1371,Hyderabad,2024-10-31,Electronics,Webcam,4,2199,0.1,7916.4,UPI,5,0
ORD009105,CUST0583,Kolkata,2023-10-19,Electronics,Laptop Stand,1,1299,0.0,1299.0,Net Banking,5,0
ORD009106,CUST0315,Kolkata,2023-08-07,Sports,Gym Gloves,1,399,0.15,339.15,Cash on Delivery,4,0
ORD009107,CUST1006,Bangalore,2023-10-18,Books,Business Strategy,2,599,0.0,1198.0,Credit Card,5,0
ORD009108,CUST1314,Lucknow,2023-01-06,Sports,Yoga Mat,1,799,0.0,799.0,UPI,4,0
ORD009109,CUST1137,Hyderabad,2024-07-02,Home & Kitchen,Coffee Mug,1,249,0.1,224.1,Debit Card,5,0
ORD009110,CUST1312,Chennai,2024-08-26,Clothing,Cotton T-Shirt,4,499,0.05,1896.2,Debit Card,5,0
ORD009111,CUST0811,Ahmedabad,2024-12-17,Home & Kitchen,Knife Set,3,1299,0.0,3897.0,Credit Card,4,0
ORD009112,CUST1143,Chennai,2024-07-31,Home & Kitchen,Storage Box,1,299,0.0,299.0,Cash on Delivery,5,0
ORD009113,CUST0227,Kolkata,2024-06-12,Electronics,Laptop Stand,3,1299,0.0,3897.0,Net Banking,3,0
ORD009114,CUST0513,Mumbai,2023-04-18,Home & Kitchen,Air Fryer,1,3999,0.1,3599.1,Net Banking,4,0
ORD009115,CUST0566,Chennai,2023-11-30,Groceries,Basmati Rice 5kg,1,499,0.2,399.2,Credit Card,5,0
ORD009116,CUST0778,Chennai,2024-05-25,Sports,Water Jug,3,599,0.0,1797.0,UPI,4,0
ORD009117,CUST1400,Lucknow,2023-07-12,Groceries,Mixed Nuts,2,599,0.1,1078.2,UPI,3,0
ORD009118,CUST1323,Lucknow,2023-12-07,Beauty,Lip Balm Pack,4,199,0.15,676.6,Cash on Delivery,4,0
ORD009119,CUST0217,Ahmedabad,2023-04-19,Clothing,Formal Shirt,4,899,0.1,3236.4,Net Banking,5,0
ORD009120,CUST0265,Kolkata,2024-04-25,Sports,Gym Gloves,1,399,0.0,399.0,Cash on Delivery,5,0
ORD009121,CUST0524,Ahmedabad,2023-03-02,Beauty,Lip Balm Pack,2,199,0.0,398.0,Net Banking,3,0
ORD009122,CUST0445,Kolkata,2024-10-04,Electronics,Phone Charger,1,599,0.05,569.05,Credit Card,5,0
ORD009123,CUST0949,Jaipur,2023-06-26,Home & Kitchen,Knife Set,2,1299,0.0,2598.0,Cash on Delivery,4,0
ORD009124,CUST1358,Pune,2024-09-28,Sports,Yoga Mat,1,799,0.15,679.15,Debit Card,5,0
ORD009125,CUST1448,Mumbai,2023-04-11,Books,Self Help,4,449,0.05,1706.2,Credit Card,5,0
ORD009126,CUST1012,Jaipur,2023-09-30,Sports,Yoga Mat,4,799,0.1,2876.4,UPI,4,0
ORD009127,CUST1251,Jaipur,2024-12-17,Home & Kitchen,Knife Set,4,1299,0.2,4156.8,Credit Card,5,0
ORD009128,CUST0797,Chennai,2023-12-20,Electronics,USB Hub,2,899,0.2,1438.4,Net Banking,5,0
ORD009129,CUST0316,Bangalore,2023-12-13,Groceries,Protein Bar Pack,1,699,0.0,699.0,UPI,4,0
ORD009130,CUST0797,Chennai,2024-11-11,Sports,Running Shoes,4,3499,0.1,12596.4,UPI,5,0
ORD009131,CUST0840,Lucknow,2023-09-18,Electronics,Webcam,4,2199,0.0,8796.0,Cash on Delivery,4,0
ORD009132,CUST1124,Mumbai,2024-12-10,Electronics,Wireless Earbuds,3,2499,0.0,7497.0,Credit Card,5,0
ORD009133,CUST0338,Ahmedabad,2024-08-08,Groceries,Mixed Nuts,3,599,0.0,1797.0,UPI,4,0
ORD009134,CUST0533,Jaipur,2023-09-10,Clothing,Cotton T-Shirt,4,499,0.0,1996.0,Cash on Delivery,4,0
ORD009135,CUST0531,Hyderabad,2024-02-18,Home & Kitchen,Water Bottle,1,399,0.05,379.05,Net Banking,4,0
ORD009136,CUST1445,Hyderabad,2023-09-20,Home & Kitchen,Storage Box,2,299,0.2,478.4,Debit Card,5,0
ORD009137,CUST0676,Delhi,2023-11-25,Electronics,Phone Charger,1,599,0.2,479.2,Cash on Delivery,4,0
ORD009138,CUST1147,Pune,2024-07-24,Home & Kitchen,Air Fryer,4,3999,0.0,15996.0,UPI,2,0
ORD009139,CUST1141,Delhi,2024-07-17,Groceries,Basmati Rice 5kg,4,499,0.05,1896.2,Debit Card,4,0
ORD009140,CUST0406,Mumbai,2024-06-07,Groceries,Basmati Rice 5kg,4,499,0.15,1696.6,Debit Card,2,1
ORD009141,CUST0870,Hyderabad,2024-03-04,Clothing,Sneakers,1,2499,0.2,1999.2,Debit Card,4,0
ORD009142,CUST1349,Kolkata,2023-07-04,Beauty,Body Lotion,2,349,0.0,698.0,Credit Card,5,0
ORD009143,CUST0724,Pune,2024-03-02,Electronics,Laptop Stand,4,1299,0.0,5196.0,Cash on Delivery,4,0
ORD009144,CUST1426,Ahmedabad,2024-03-21,Electronics,Phone Charger,2,599,0.2,958.4,UPI,3,0
ORD009145,CUST0326,Delhi,2024-04-08,Books,Business Strategy,2,599,0.2,958.4,Credit Card,5,0
ORD009146,CUST0119,Kolkata,2023-07-27,Electronics,Webcam,2,2199,0.0,4398.0,Debit Card,5,0
ORD009147,CUST1344,Ahmedabad,2023-11-29,Books,Python Programming,1,699,0.0,699.0,Debit Card,5,0
ORD009148,CUST1273,Pune,2023-11-13,Electronics,USB Hub,4,899,0.05,3416.2,Cash on Delivery,1,0
ORD009149,CUST1481,Kolkata,2023-04-26,Beauty,Hair Mask,2,399,0.0,798.0,UPI,5,0
ORD009150,CUST1045,Ahmedabad,2024-02-29,Home & Kitchen,Storage Box,2,299,0.0,598.0,Cash on Delivery,3,0
ORD009151,CUST1410,Ahmedabad,2023-04-20,Home & Kitchen,Storage Box,2,299,0.15,508.3,UPI,5,0
ORD009152,CUST1239,Ahmedabad,2023-10-22,Sports,Resistance Bands,2,499,0.05,948.1,Credit Card,4,0
ORD009153,CUST1271,Hyderabad,2024-01-08,Groceries,Olive Oil,4,799,0.0,3196.0,Net Banking,5,0
ORD009154,CUST0869,Lucknow,2023-07-18,Beauty,Face Serum,4,999,0.05,3796.2,Debit Card,5,0
ORD009155,CUST0552,Bangalore,2023-06-14,Books,Python Programming,2,699,0.0,1398.0,Cash on Delivery,3,0
ORD009156,CUST1408,Kolkata,2023-01-04,Books,Fiction Novel,1,299,0.05,284.05,Debit Card,3,0
ORD009157,CUST0650,Mumbai,2024-05-16,Beauty,Face Serum,3,999,0.0,2997.0,Credit Card,4,0
ORD009158,CUST0812,Delhi,2023-04-17,Clothing,Formal Shirt,1,899,0.0,899.0,Debit Card,4,0
ORD009159,CUST0679,Delhi,2024-10-29,Books,Data Science Guide,3,899,0.0,2697.0,Credit Card,2,0
ORD009160,CUST0855,Mumbai,2024-12-27,Sports,Running Shoes,3,3499,0.15,8922.45,UPI,4,0
ORD009161,CUST0718,Lucknow,2024-12-29,Home & Kitchen,Knife Set,4,1299,0.1,4676.4,UPI,4,0
ORD009162,CUST0077,Bangalore,2023-04-16,Clothing,Sneakers,4,2499,0.2,7996.8,Credit Card,3,0
ORD009163,CUST1332,Kolkata,2023-11-09,Books,Data Science Guide,1,899,0.0,899.0,Net Banking,5,0
ORD009164,CUST0676,Delhi,2024-03-31,Books,Business Strategy,1,599,0.15,509.15,UPI,4,0
ORD009165,CUST0907,Mumbai,2023-01-06,Beauty,Body Lotion,2,349,0.0,698.0,UPI,2,1
ORD009166,CUST0222,Delhi,2023-04-04,Clothing,Denim Jeans,2,1299,0.05,2468.1,Net Banking,4,0
ORD009167,CUST0004,Hyderabad,2023-07-17,Groceries,Olive Oil,2,799,0.15,1358.3,UPI,5,0
ORD009168,CUST0384,Lucknow,2023-06-13,Electronics,Webcam,4,2199,0.15,7476.6,Credit Card,5,0
ORD009169,CUST1078,Bangalore,2023-06-15,Electronics,USB Hub,2,899,0.1,1618.2,Credit Card,4,0
ORD009170,CUST0160,Pune,2023-02-26,Beauty,Body Lotion,2,349,0.15,593.3,Net Banking,4,0
ORD009171,CUST1367,Pune,2024-10-11,Home & Kitchen,Storage Box,2,299,0.0,598.0,Credit Card,5,0
ORD009172,CUST0327,Jaipur,2024-12-11,Books,Python Programming,4,699,0.2,2236.8,Debit Card,5,0
ORD009173,CUST0314,Chennai,2024-09-19,Electronics,Wireless Earbuds,1,2499,0.0,2499.0,Credit Card,5,0
ORD009174,CUST0273,Hyderabad,2023-02-19,Books,Business Strategy,4,599,0.0,2396.0,Debit Card,5,0
ORD009175,CUST0026,Lucknow,2023-12-15,Books,Python Programming,3,699,0.1,1887.3,Net Banking,5,0
ORD009176,CUST1164,Chennai,2023-01-22,Sports,Water Jug,3,599,0.0,1797.0,Cash on Delivery,4,0
ORD009177,CUST1323,Lucknow,2024-10-10,Groceries,Olive Oil,4,799,0.15,2716.6,Net Banking,3,0
ORD009178,CUST0948,Hyderabad,2024-08-10,Beauty,Body Lotion,2,349,0.2,558.4,Cash on Delivery,5,0
ORD009179,CUST0280,Pune,2023-08-08,Electronics,Phone Charger,3,599,0.2,1437.6,UPI,3,0
ORD009180,CUST0436,Mumbai,2024-02-24,Sports,Gym Gloves,1,399,0.05,379.05,Net Banking,4,0
ORD009181,CUST0725,Bangalore,2024-02-13,Groceries,Protein Bar Pack,4,699,0.2,2236.8,Debit Card,4,0
ORD009182,CUST1439,Chennai,2024-08-03,Sports,Running Shoes,2,3499,0.1,6298.2,Net Banking,3,0
ORD009183,CUST0386,Bangalore,2024-11-02,Clothing,Cotton T-Shirt,2,499,0.2,798.4,UPI,5,0
ORD009184,CUST1111,Ahmedabad,2023-09-25,Books,Data Science Guide,3,899,0.05,2562.15,Credit Card,4,0
ORD009185,CUST0663,Lucknow,2024-06-05,Electronics,Laptop Stand,1,1299,0.15,1104.15,Net Banking,4,0
ORD009186,CUST0451,Delhi,2023-06-17,Sports,Yoga Mat,2,799,0.0,1598.0,UPI,4,0
ORD009187,CUST0693,Kolkata,2024-04-09,Books,Business Strategy,3,599,0.0,1797.0,UPI,5,0
ORD009188,CUST0116,Delhi,2024-11-11,Sports,Running Shoes,3,3499,0.2,8397.6,Cash on Delivery,4,0
ORD009189,CUST1198,Kolkata,2023-03-24,Beauty,Hair Mask,3,399,0.0,1197.0,Debit Card,5,0
ORD009190,CUST0382,Mumbai,2024-09-27,Electronics,USB Hub,4,899,0.0,3596.0,Credit Card,5,0
ORD009191,CUST1104,Delhi,2023-02-26,Groceries,Olive Oil,4,799,0.15,2716.6,Debit Card,4,0
ORD009192,CUST0114,Delhi,2023-08-28,Clothing,Jacket,1,2999,0.0,2999.0,Debit Card,5,0
ORD009193,CUST1440,Lucknow,2024-02-11,Home & Kitchen,Knife Set,3,1299,0.15,3312.45,Debit Card,3,0
ORD009194,CUST0290,Delhi,2023-09-28,Clothing,Jacket,3,2999,0.0,8997.0,Debit Card,4,0
ORD009195,CUST1334,Ahmedabad,2023-08-01,Groceries,Green Tea,1,299,0.2,239.2,Credit Card,4,0
ORD009196,CUST1215,Lucknow,2024-10-15,Beauty,Lip Balm Pack,4,199,0.05,756.2,Debit Card,5,0
ORD009197,CUST1453,Bangalore,2023-01-28,Electronics,Webcam,4,2199,0.1,7916.4,Cash on Delivery,4,0
ORD009198,CUST0728,Pune,2024-07-26,Sports,Resistance Bands,3,499,0.05,1422.15,Credit Card,4,0
ORD009199,CUST1105,Ahmedabad,2024-07-30,Books,Self Help,3,449,0.0,1347.0,Cash on Delivery,3,0
ORD009200,CUST0536,Jaipur,2023-06-11,Electronics,Webcam,2,2199,0.1,3958.2,Cash on Delivery,4,0
ORD009201,CUST0276,Mumbai,2023-11-25,Beauty,Face Serum,2,999,0.15,1698.3,Cash on Delivery,1,1
ORD009202,CUST0676,Delhi,2023-01-12,Groceries,Green Tea,3,299,0.0,897.0,Net Banking,4,0
ORD009203,CUST0256,Kolkata,2024-12-02,Sports,Yoga Mat,3,799,0.0,2397.0,Net Banking,3,0
ORD009204,CUST1470,Kolkata,2024-10-11,Clothing,Sneakers,3,2499,0.05,7122.15,Credit Card,4,0
ORD009205,CUST0155,Lucknow,2024-04-18,Home & Kitchen,Knife Set,2,1299,0.15,2208.3,Debit Card,5,0
ORD009206,CUST0907,Mumbai,2023-10-03,Groceries,Olive Oil,1,799,0.0,799.0,Net Banking,5,0
ORD009207,CUST0972,Delhi,2023-10-02,Beauty,Hair Mask,1,399,0.15,339.15,Net Banking,4,0
ORD009208,CUST0811,Ahmedabad,2023-10-31,Groceries,Olive Oil,1,799,0.0,799.0,Debit Card,4,0
ORD009209,CUST1021,Hyderabad,2023-11-29,Clothing,Jacket,3,2999,0.0,8997.0,Credit Card,4,0
ORD009210,CUST0189,Delhi,2023-03-17,Electronics,Phone Charger,2,599,0.0,1198.0,Cash on Delivery,5,0
ORD009211,CUST0840,Lucknow,2023-04-13,Books,Fiction Novel,3,299,0.1,807.3,Debit Card,4,0
ORD009212,CUST0439,Bangalore,2024-07-20,Electronics,USB Hub,2,899,0.0,1798.0,Cash on Delivery,4,0
ORD009213,CUST1420,Bangalore,2024-12-19,Books,Data Science Guide,1,899,0.1,809.1,Debit Card,3,0
ORD009214,CUST1152,Kolkata,2023-11-13,Clothing,Cotton T-Shirt,2,499,0.15,848.3,Net Banking,5,0
ORD009215,CUST1459,Ahmedabad,2024-11-27,Home & Kitchen,Knife Set,4,1299,0.0,5196.0,Cash on Delivery,4,0
ORD009216,CUST0063,Kolkata,2023-06-18,Clothing,Jacket,2,2999,0.1,5398.2,Net Banking,4,0
ORD009217,CUST0436,Mumbai,2023-01-19,Home & Kitchen,Storage Box,1,299,0.15,254.15,Cash on Delivery,5,0
ORD009218,CUST0297,Delhi,2023-12-02,Books,Self Help,4,449,0.0,1796.0,UPI,5,0
ORD009219,CUST0018,Lucknow,2024-11-12,Sports,Water Jug,2,599,0.0,1198.0,UPI,5,0
ORD009220,CUST0379,Delhi,2023-04-03,Sports,Yoga Mat,1,799,0.0,799.0,UPI,4,0
ORD009221,CUST1044,Delhi,2023-12-13,Clothing,Cotton T-Shirt,1,499,0.0,499.0,Debit Card,4,0
ORD009222,CUST0361,Ahmedabad,2024-08-18,Home & Kitchen,Storage Box,4,299,0.05,1136.2,Credit Card,4,0
ORD009223,CUST0774,Bangalore,2023-11-02,Home & Kitchen,Knife Set,3,1299,0.05,3702.15,Debit Card,4,0
ORD009224,CUST1338,Pune,2023-06-29,Books,Python Programming,3,699,0.1,1887.3,Credit Card,3,0
ORD009225,CUST1060,Hyderabad,2024-12-15,Sports,Running Shoes,3,3499,0.2,8397.6,Credit Card,4,0
ORD009226,CUST0574,Kolkata,2023-08-21,Beauty,Hair Mask,3,399,0.0,1197.0,Net Banking,3,0
ORD009227,CUST0536,Jaipur,2023-12-27,Beauty,Body Lotion,3,349,0.2,837.6,Debit Card,4,0
ORD009228,CUST0693,Kolkata,2024-01-12,Home & Kitchen,Coffee Mug,3,249,0.2,597.6,Debit Card,1,0
ORD009229,CUST0268,Chennai,2023-06-12,Books,Self Help,1,449,0.05,426.55,Cash on Delivery,3,0
ORD009230,CUST0987,Jaipur,2023-06-03,Sports,Running Shoes,2,3499,0.1,6298.2,Cash on Delivery,5,0
ORD009231,CUST0531,Hyderabad,2024-06-01,Books,Fiction Novel,4,299,0.05,1136.2,Credit Card,4,0
ORD009232,CUST1282,Delhi,2024-11-25,Electronics,Wireless Earbuds,4,2499,0.15,8496.6,Debit Card,4,0
ORD009233,CUST1148,Bangalore,2023-07-20,Sports,Running Shoes,3,3499,0.0,10497.0,Debit Card,2,1
ORD009234,CUST0943,Mumbai,2023-04-08,Books,Self Help,1,449,0.0,449.0,Debit Card,4,0
ORD009235,CUST0532,Bangalore,2024-10-15,Books,Self Help,1,449,0.05,426.55,UPI,3,0
ORD009236,CUST0322,Ahmedabad,2024-11-05,Books,Data Science Guide,1,899,0.0,899.0,UPI,5,0
ORD009237,CUST1171,Kolkata,2023-01-05,Electronics,Phone Charger,3,599,0.2,1437.6,Net Banking,5,0
ORD009238,CUST0743,Hyderabad,2024-03-29,Sports,Gym Gloves,2,399,0.1,718.2,Cash on Delivery,4,0
ORD009239,CUST0352,Bangalore,2024-06-04,Sports,Yoga Mat,1,799,0.0,799.0,Credit Card,4,0
ORD009240,CUST0296,Kolkata,2024-01-03,Groceries,Green Tea,1,299,0.15,254.15,Debit Card,5,0
ORD009241,CUST0256,Kolkata,2023-10-17,Beauty,Hair Mask,4,399,0.1,1436.4,UPI,5,0
ORD009242,CUST1172,Jaipur,2023-09-24,Electronics,USB Hub,4,899,0.0,3596.0,Cash on Delivery,1,0
ORD009243,CUST0359,Chennai,2023-03-21,Home & Kitchen,Knife Set,3,1299,0.2,3117.6,Net Banking,4,0
ORD009244,CUST0799,Ahmedabad,2024-08-28,Sports,Gym Gloves,2,399,0.0,798.0,Debit Card,3,0
ORD009245,CUST0685,Pune,2023-03-06,Home & Kitchen,Coffee Mug,1,249,0.15,211.65,Cash on Delivery,4,0
ORD009246,CUST0891,Jaipur,2024-05-04,Groceries,Basmati Rice 5kg,3,499,0.15,1272.45,Debit Card,5,0
ORD009247,CUST1325,Delhi,2024-10-18,Clothing,Cotton T-Shirt,3,499,0.05,1422.15,UPI,4,0
ORD009248,CUST1312,Chennai,2024-05-28,Electronics,USB Hub,2,899,0.2,1438.4,Net Banking,4,0
ORD009249,CUST0685,Pune,2023-04-15,Home & Kitchen,Knife Set,4,1299,0.0,5196.0,Debit Card,4,0
ORD009250,CUST0029,Bangalore,2024-01-20,Beauty,Lip Balm Pack,3,199,0.05,567.15,Net Banking,5,0
ORD009251,CUST0637,Chennai,2024-12-01,Sports,Running Shoes,4,3499,0.0,13996.0,Net Banking,4,0
ORD009252,CUST0933,Jaipur,2024-10-30,Groceries,Olive Oil,4,799,0.0,3196.0,Credit Card,5,0
ORD009253,CUST0844,Delhi,2024-01-16,Electronics,Laptop Stand,3,1299,0.1,3507.3,Debit Card,5,0
ORD009254,CUST1008,Jaipur,2024-03-16,Groceries,Basmati Rice 5kg,4,499,0.0,1996.0,UPI,4,0
ORD009255,CUST0243,Chennai,2024-02-21,Home & Kitchen,Coffee Mug,2,249,0.0,498.0,UPI,5,0
ORD009256,CUST1004,Lucknow,2023-03-31,Books,Data Science Guide,2,899,0.0,1798.0,Credit Card,1,0
ORD009257,CUST0274,Chennai,2023-05-01,Clothing,Jacket,2,2999,0.15,5098.3,Cash on Delivery,5,0
ORD009258,CUST1141,Delhi,2023-02-24,Books,Python Programming,3,699,0.0,2097.0,Debit Card,3,0
ORD009259,CUST0505,Lucknow,2023-11-09,Electronics,Wireless Earbuds,4,2499,0.2,7996.8,Cash on Delivery,4,0
ORD009260,CUST1084,Bangalore,2024-03-22,Electronics,USB Hub,4,899,0.1,3236.4,Cash on Delivery,3,0
ORD009261,CUST0077,Bangalore,2024-05-27,Beauty,Hair Mask,2,399,0.0,798.0,Debit Card,2,0
ORD009262,CUST0596,Kolkata,2024-05-04,Groceries,Mixed Nuts,2,599,0.0,1198.0,Cash on Delivery,5,0
ORD009263,CUST1080,Jaipur,2023-07-04,Electronics,Laptop Stand,1,1299,0.1,1169.1,UPI,4,0
ORD009264,CUST0353,Chennai,2024-12-11,Home & Kitchen,Storage Box,2,299,0.05,568.1,UPI,4,0
ORD009265,CUST1196,Ahmedabad,2024-04-17,Groceries,Olive Oil,3,799,0.15,2037.45,Cash on Delivery,2,1
ORD009266,CUST0980,Jaipur,2024-02-20,Electronics,USB Hub,3,899,0.05,2562.15,Debit Card,4,0
ORD009267,CUST0906,Lucknow,2024-12-16,Beauty,Face Serum,4,999,0.2,3196.8,Net Banking,3,0
ORD009268,CUST0519,Ahmedabad,2023-04-29,Clothing,Denim Jeans,2,1299,0.15,2208.3,Cash on Delivery,5,0
ORD009269,CUST0736,Jaipur,2024-02-25,Books,Self Help,1,449,0.1,404.1,Debit Card,5,0
ORD009270,CUST0921,Ahmedabad,2023-08-25,Clothing,Formal Shirt,3,899,0.0,2697.0,UPI,4,0
ORD009271,CUST0721,Pune,2024-10-31,Beauty,Face Serum,2,999,0.1,1798.2,Cash on Delivery,1,1
ORD009272,CUST1063,Delhi,2024-09-01,Books,Business Strategy,4,599,0.15,2036.6,Debit Card,4,0
ORD009273,CUST0654,Bangalore,2023-06-07,Sports,Running Shoes,3,3499,0.0,10497.0,Debit Card,4,0
ORD009274,CUST0307,Lucknow,2023-10-10,Home & Kitchen,Water Bottle,4,399,0.1,1436.4,UPI,5,0
ORD009275,CUST0326,Delhi,2023-02-26,Electronics,USB Hub,4,899,0.1,3236.4,Net Banking,4,0
ORD009276,CUST0009,Delhi,2024-05-17,Groceries,Basmati Rice 5kg,3,499,0.0,1497.0,Debit Card,5,0
ORD009277,CUST0454,Hyderabad,2024-07-06,Home & Kitchen,Air Fryer,4,3999,0.0,15996.0,Debit Card,5,0
ORD009278,CUST1138,Lucknow,2024-11-30,Clothing,Jacket,2,2999,0.0,5998.0,Debit Card,1,0
ORD009279,CUST1196,Ahmedabad,2024-10-15,Sports,Water Jug,1,599,0.05,569.05,Cash on Delivery,4,0
ORD009280,CUST0307,Lucknow,2024-10-08,Clothing,Formal Shirt,4,899,0.0,3596.0,Credit Card,4,0
ORD009281,CUST1445,Hyderabad,2023-06-24,Sports,Resistance Bands,2,499,0.0,998.0,Cash on Delivery,3,0
ORD009282,CUST0766,Chennai,2023-01-22,Sports,Yoga Mat,4,799,0.1,2876.4,UPI,4,0
ORD009283,CUST1377,Jaipur,2023-06-28,Beauty,Body Lotion,2,349,0.2,558.4,Debit Card,5,0
ORD009284,CUST1081,Kolkata,2023-08-19,Clothing,Denim Jeans,4,1299,0.0,5196.0,Debit Card,4,0
ORD009285,CUST1102,Jaipur,2023-03-01,Groceries,Basmati Rice 5kg,4,499,0.2,1596.8,Cash on Delivery,4,0
ORD009286,CUST0138,Ahmedabad,2024-07-10,Sports,Yoga Mat,3,799,0.2,1917.6,Cash on Delivery,4,0
ORD009287,CUST0338,Ahmedabad,2023-06-18,Groceries,Green Tea,2,299,0.15,508.3,Debit Card,4,0
ORD009288,CUST0012,Mumbai,2024-02-09,Clothing,Denim Jeans,3,1299,0.05,3702.15,Cash on Delivery,3,0
ORD009289,CUST1091,Ahmedabad,2024-06-04,Sports,Water Jug,1,599,0.0,599.0,Cash on Delivery,5,0
ORD009290,CUST0509,Chennai,2023-09-03,Home & Kitchen,Water Bottle,2,399,0.0,798.0,Net Banking,5,0
ORD009291,CUST1184,Kolkata,2023-09-24,Beauty,Hair Mask,2,399,0.0,798.0,UPI,4,0
ORD009292,CUST0504,Jaipur,2023-05-15,Beauty,Hair Mask,3,399,0.05,1137.15,Credit Card,3,0
ORD009293,CUST1229,Pune,2024-09-17,Books,Python Programming,3,699,0.1,1887.3,Cash on Delivery,5,0
ORD009294,CUST0208,Jaipur,2023-06-29,Home & Kitchen,Storage Box,3,299,0.0,897.0,Cash on Delivery,5,0
ORD009295,CUST0265,Kolkata,2023-08-12,Books,Self Help,2,449,0.0,898.0,Cash on Delivery,4,0
ORD009296,CUST0507,Delhi,2023-08-06,Beauty,Hair Mask,1,399,0.1,359.1,Net Banking,5,0
ORD009297,CUST0597,Kolkata,2023-02-21,Beauty,Hair Mask,2,399,0.0,798.0,Credit Card,5,0
ORD009298,CUST0513,Mumbai,2024-10-16,Home & Kitchen,Air Fryer,2,3999,0.0,7998.0,Net Banking,5,0
ORD009299,CUST1154,Hyderabad,2024-01-08,Clothing,Sneakers,4,2499,0.05,9496.2,UPI,5,0
ORD009300,CUST0157,Ahmedabad,2023-04-06,Sports,Gym Gloves,4,399,0.05,1516.2,UPI,5,0
ORD009301,CUST0518,Delhi,2023-12-07,Home & Kitchen,Water Bottle,2,399,0.0,798.0,Cash on Delivery,5,0
ORD009302,CUST1251,Jaipur,2023-09-10,Clothing,Sneakers,1,2499,0.0,2499.0,Cash on Delivery,4,0
ORD009303,CUST0113,Ahmedabad,2024-08-31,Groceries,Basmati Rice 5kg,3,499,0.05,1422.15,Net Banking,5,0
ORD009304,CUST1422,Lucknow,2024-06-21,Home & Kitchen,Air Fryer,2,3999,0.05,7598.1,Credit Card,3,0
ORD009305,CUST1474,Ahmedabad,2023-10-14,Home & Kitchen,Coffee Mug,4,249,0.0,996.0,Cash on Delivery,4,0
ORD009306,CUST0141,Jaipur,2023-06-13,Beauty,Body Lotion,3,349,0.0,1047.0,Debit Card,4,0
ORD009307,CUST0445,Kolkata,2023-04-29,Beauty,Lip Balm Pack,3,199,0.05,567.15,Debit Card,5,0
ORD009308,CUST0536,Jaipur,2024-05-02,Home & Kitchen,Water Bottle,1,399,0.0,399.0,Credit Card,5,0
ORD009309,CUST1172,Jaipur,2024-10-15,Electronics,Wireless Earbuds,4,2499,0.0,9996.0,Net Banking,4,0
ORD009310,CUST0919,Ahmedabad,2023-09-11,Home & Kitchen,Knife Set,3,1299,0.05,3702.15,Credit Card,4,0
ORD009311,CUST1003,Lucknow,2023-11-01,Home & Kitchen,Knife Set,3,1299,0.2,3117.6,Cash on Delivery,4,0
ORD009312,CUST1149,Delhi,2024-12-27,Beauty,Body Lotion,1,349,0.2,279.2,Credit Card,4,0
ORD009313,CUST0192,Delhi,2024-05-18,Books,Self Help,4,449,0.15,1526.6,Cash on Delivery,4,0
ORD009314,CUST1245,Pune,2023-06-19,Electronics,Phone Charger,1,599,0.2,479.2,Cash on Delivery,5,0
ORD009315,CUST1080,Jaipur,2024-11-23,Beauty,Sunscreen SPF50,2,499,0.15,848.3,Credit Card,5,0
ORD009316,CUST0885,Ahmedabad,2023-05-04,Sports,Resistance Bands,2,499,0.0,998.0,Net Banking,5,0
ORD009317,CUST1343,Bangalore,2023-11-17,Beauty,Face Serum,3,999,0.15,2547.45,Credit Card,5,0
ORD009318,CUST1066,Delhi,2023-08-24,Beauty,Sunscreen SPF50,2,499,0.0,998.0,Credit Card,4,0
ORD009319,CUST0306,Lucknow,2023-04-18,Clothing,Formal Shirt,3,899,0.0,2697.0,Debit Card,5,0
ORD009320,CUST0647,Mumbai,2024-12-29,Home & Kitchen,Water Bottle,1,399,0.0,399.0,Credit Card,4,0
ORD009321,CUST0752,Hyderabad,2024-09-23,Beauty,Hair Mask,1,399,0.2,319.2,UPI,4,0
ORD009322,CUST0089,Chennai,2023-05-22,Sports,Gym Gloves,4,399,0.0,1596.0,Cash on Delivery,5,0
ORD009323,CUST1440,Lucknow,2024-08-27,Clothing,Sneakers,1,2499,0.1,2249.1,Cash on Delivery,3,0
ORD009324,CUST0204,Delhi,2024-08-14,Clothing,Jacket,4,2999,0.0,11996.0,Credit Card,3,0
ORD009325,CUST1062,Hyderabad,2024-03-15,Home & Kitchen,Water Bottle,1,399,0.0,399.0,Cash on Delivery,5,0
ORD009326,CUST0770,Hyderabad,2023-08-16,Home & Kitchen,Water Bottle,1,399,0.2,319.2,Net Banking,4,0
ORD009327,CUST0046,Jaipur,2024-02-07,Sports,Yoga Mat,3,799,0.1,2157.3,Net Banking,4,0
ORD009328,CUST1389,Lucknow,2023-09-20,Books,Self Help,4,449,0.2,1436.8,UPI,4,0
ORD009329,CUST1282,Delhi,2023-12-26,Sports,Yoga Mat,1,799,0.1,719.1,Credit Card,3,0
ORD009330,CUST0797,Chennai,2023-06-29,Groceries,Mixed Nuts,2,599,0.05,1138.1,Net Banking,4,0
ORD009331,CUST0359,Chennai,2023-02-17,Clothing,Cotton T-Shirt,1,499,0.1,449.1,Debit Card,4,0
ORD009332,CUST0197,Hyderabad,2023-08-18,Groceries,Green Tea,3,299,0.0,897.0,Net Banking,1,1
ORD009333,CUST0531,Hyderabad,2024-01-17,Beauty,Sunscreen SPF50,4,499,0.15,1696.6,UPI,3,0
ORD009334,CUST0396,Delhi,2024-11-13,Beauty,Sunscreen SPF50,4,499,0.2,1596.8,Credit Card,3,0
ORD009335,CUST0770,Hyderabad,2023-10-22,Beauty,Face Serum,3,999,0.0,2997.0,Debit Card,2,1
ORD009336,CUST1452,Hyderabad,2024-03-25,Sports,Resistance Bands,4,499,0.05,1896.2,Cash on Delivery,5,0
ORD009337,CUST0878,Delhi,2024-04-22,Home & Kitchen,Water Bottle,4,399,0.05,1516.2,Cash on Delivery,3,0
ORD009338,CUST1343,Bangalore,2023-12-27,Sports,Running Shoes,4,3499,0.0,13996.0,UPI,3,0
ORD009339,CUST1008,Jaipur,2023-03-04,Home & Kitchen,Storage Box,4,299,0.0,1196.0,Cash on Delivery,5,0
ORD009340,CUST0724,Pune,2024-10-02,Clothing,Formal Shirt,4,899,0.2,2876.8,Net Banking,4,0
ORD009341,CUST1293,Mumbai,2024-02-15,Electronics,Laptop Stand,3,1299,0.2,3117.6,Cash on Delivery,5,0
ORD009342,CUST0719,Lucknow,2024-05-24,Clothing,Jacket,1,2999,0.2,2399.2,Debit Card,4,0
ORD009343,CUST1312,Chennai,2024-09-03,Home & Kitchen,Air Fryer,3,3999,0.0,11997.0,Cash on Delivery,1,0
ORD009344,CUST0445,Kolkata,2023-02-02,Electronics,Wireless Earbuds,1,2499,0.0,2499.0,Net Banking,4,0
ORD009345,CUST0204,Delhi,2024-06-14,Sports,Resistance Bands,1,499,0.2,399.2,Debit Card,5,0
ORD009346,CUST1294,Jaipur,2024-10-16,Books,Self Help,2,449,0.05,853.1,Cash on Delivery,4,0
ORD009347,CUST0906,Lucknow,2023-07-07,Sports,Water Jug,1,599,0.0,599.0,Credit Card,3,0
ORD009348,CUST1343,Bangalore,2023-07-23,Books,Fiction Novel,1,299,0.1,269.1,Debit Card,4,0
ORD009349,CUST1416,Lucknow,2023-10-26,Clothing,Sneakers,3,2499,0.15,6372.45,UPI,5,0
ORD009350,CUST0088,Kolkata,2023-10-17,Books,Business Strategy,3,599,0.2,1437.6,Debit Card,5,0
ORD009351,CUST0760,Kolkata,2024-09-06,Home & Kitchen,Coffee Mug,4,249,0.15,846.6,UPI,5,0
ORD009352,CUST0541,Ahmedabad,2023-03-19,Groceries,Protein Bar Pack,4,699,0.2,2236.8,Credit Card,4,0
ORD009353,CUST0971,Kolkata,2024-08-05,Home & Kitchen,Knife Set,4,1299,0.05,4936.2,UPI,5,0
ORD009354,CUST1194,Hyderabad,2023-08-12,Clothing,Cotton T-Shirt,4,499,0.0,1996.0,Cash on Delivery,4,0
ORD009355,CUST0427,Pune,2024-01-20,Sports,Resistance Bands,2,499,0.05,948.1,Cash on Delivery,3,0
ORD009356,CUST0844,Delhi,2024-07-11,Clothing,Formal Shirt,2,899,0.0,1798.0,Net Banking,4,0
ORD009357,CUST1084,Bangalore,2024-05-27,Sports,Yoga Mat,1,799,0.0,799.0,Debit Card,5,0
ORD009358,CUST0217,Ahmedabad,2023-11-20,Electronics,Phone Charger,4,599,0.0,2396.0,Cash on Delivery,5,0
ORD009359,CUST1223,Mumbai,2023-03-18,Electronics,USB Hub,4,899,0.05,3416.2,Net Banking,2,0
ORD009360,CUST0933,Jaipur,2023-04-15,Clothing,Denim Jeans,3,1299,0.2,3117.6,Debit Card,5,0
ORD009361,CUST1429,Lucknow,2024-06-03,Groceries,Protein Bar Pack,2,699,0.2,1118.4,UPI,5,0
ORD009362,CUST0505,Lucknow,2024-07-08,Clothing,Sneakers,2,2499,0.2,3998.4,Cash on Delivery,3,0
ORD009363,CUST0179,Kolkata,2023-06-21,Groceries,Basmati Rice 5kg,1,499,0.2,399.2,Debit Card,4,0
ORD009364,CUST0770,Hyderabad,2023-07-10,Electronics,Wireless Earbuds,3,2499,0.0,7497.0,Cash on Delivery,2,0
ORD009365,CUST0138,Ahmedabad,2023-10-26,Clothing,Jacket,1,2999,0.0,2999.0,Cash on Delivery,4,0
ORD009366,CUST1456,Pune,2024-11-07,Home & Kitchen,Knife Set,4,1299,0.2,4156.8,Debit Card,4,0
ORD009367,CUST0063,Kolkata,2023-06-23,Electronics,Phone Charger,1,599,0.05,569.05,UPI,4,0
ORD009368,CUST1146,Lucknow,2023-12-25,Electronics,Webcam,2,2199,0.05,4178.1,Net Banking,3,0
ORD009369,CUST0797,Chennai,2023-04-26,Home & Kitchen,Coffee Mug,3,249,0.1,672.3,Credit Card,4,0
ORD009370,CUST0533,Jaipur,2024-07-30,Books,Fiction Novel,4,299,0.05,1136.2,Credit Card,5,0
ORD009371,CUST0113,Ahmedabad,2024-09-30,Sports,Running Shoes,3,3499,0.0,10497.0,Cash on Delivery,3,0
ORD009372,CUST0962,Delhi,2023-09-13,Books,Business Strategy,4,599,0.0,2396.0,UPI,5,0
ORD009373,CUST0898,Kolkata,2024-01-18,Electronics,Webcam,3,2199,0.0,6597.0,Cash on Delivery,5,0
ORD009374,CUST0428,Chennai,2023-09-16,Groceries,Mixed Nuts,2,599,0.15,1018.3,Credit Card,2,0
ORD009375,CUST1368,Delhi,2023-06-28,Beauty,Lip Balm Pack,3,199,0.2,477.6,Cash on Delivery,4,0
ORD009376,CUST0464,Delhi,2023-12-14,Sports,Water Jug,2,599,0.0,1198.0,UPI,4,0
ORD009377,CUST0681,Lucknow,2024-09-23,Electronics,Phone Charger,2,599,0.0,1198.0,Credit Card,4,0
ORD009378,CUST0816,Delhi,2023-06-22,Books,Data Science Guide,2,899,0.05,1708.1,UPI,4,0
ORD009379,CUST0162,Hyderabad,2024-10-02,Books,Fiction Novel,3,299,0.0,897.0,Net Banking,1,0
ORD009380,CUST1407,Hyderabad,2023-09-15,Sports,Running Shoes,2,3499,0.0,6998.0,Net Banking,5,0
ORD009381,CUST0541,Ahmedabad,2024-01-20,Home & Kitchen,Water Bottle,2,399,0.1,718.2,Net Banking,4,0
ORD009382,CUST0128,Jaipur,2023-11-24,Sports,Resistance Bands,1,499,0.05,474.05,Net Banking,5,0
ORD009383,CUST0559,Ahmedabad,2024-03-12,Clothing,Jacket,1,2999,0.05,2849.05,Net Banking,3,0
ORD009384,CUST0924,Pune,2024-12-12,Sports,Running Shoes,1,3499,0.1,3149.1,Credit Card,4,0
ORD009385,CUST0781,Lucknow,2023-05-20,Home & Kitchen,Water Bottle,4,399,0.15,1356.6,Credit Card,3,0
ORD009386,CUST1061,Chennai,2023-01-16,Home & Kitchen,Knife Set,3,1299,0.1,3507.3,Credit Card,4,0
ORD009387,CUST0090,Delhi,2023-01-26,Groceries,Mixed Nuts,3,599,0.0,1797.0,Debit Card,5,0
ORD009388,CUST0433,Kolkata,2023-12-07,Sports,Yoga Mat,3,799,0.05,2277.15,Cash on Delivery,1,0
ORD009389,CUST1229,Pune,2024-10-16,Groceries,Green Tea,3,299,0.0,897.0,Debit Card,4,0
ORD009390,CUST0128,Jaipur,2023-12-02,Beauty,Sunscreen SPF50,2,499,0.2,798.4,Credit Card,5,0
ORD009391,CUST1294,Jaipur,2024-08-30,Books,Data Science Guide,2,899,0.2,1438.4,UPI,4,0
ORD009392,CUST0148,Hyderabad,2023-11-04,Electronics,Wireless Earbuds,4,2499,0.2,7996.8,Cash on Delivery,5,0
ORD009393,CUST1246,Hyderabad,2024-09-28,Books,Self Help,2,449,0.05,853.1,Cash on Delivery,4,0
ORD009394,CUST0526,Hyderabad,2023-09-17,Books,Python Programming,3,699,0.1,1887.3,Credit Card,4,0
ORD009395,CUST0944,Jaipur,2023-12-12,Home & Kitchen,Air Fryer,3,3999,0.0,11997.0,Credit Card,5,0
ORD009396,CUST0242,Bangalore,2024-03-24,Home & Kitchen,Storage Box,2,299,0.0,598.0,Credit Card,3,0
ORD009397,CUST0113,Ahmedabad,2024-02-11,Electronics,Webcam,3,2199,0.0,6597.0,Credit Card,4,0
ORD009398,CUST0328,Hyderabad,2024-08-28,Beauty,Hair Mask,4,399,0.15,1356.6,Credit Card,5,0
ORD009399,CUST0204,Delhi,2023-02-21,Beauty,Sunscreen SPF50,4,499,0.0,1996.0,Cash on Delivery,4,0
ORD009400,CUST0472,Kolkata,2024-06-01,Sports,Water Jug,3,599,0.0,1797.0,Debit Card,5,0
ORD009401,CUST0782,Chennai,2024-06-07,Home & Kitchen,Coffee Mug,4,249,0.1,896.4,Net Banking,5,0
ORD009402,CUST0907,Mumbai,2024-02-19,Books,Self Help,1,449,0.1,404.1,Credit Card,4,0
ORD009403,CUST1186,Delhi,2024-10-21,Sports,Gym Gloves,4,399,0.0,1596.0,Net Banking,4,0
ORD009404,CUST1013,Jaipur,2024-10-17,Clothing,Denim Jeans,1,1299,0.05,1234.05,Cash on Delivery,4,0
ORD009405,CUST0938,Chennai,2024-04-17,Beauty,Hair Mask,3,399,0.0,1197.0,Net Banking,4,0
ORD009406,CUST0612,Ahmedabad,2023-02-10,Books,Self Help,1,449,0.05,426.55,UPI,4,0
ORD009407,CUST0721,Pune,2024-07-07,Books,Business Strategy,2,599,0.0,1198.0,Net Banking,5,0
ORD009408,CUST0615,Jaipur,2024-04-22,Groceries,Olive Oil,2,799,0.2,1278.4,UPI,5,0
ORD009409,CUST1262,Bangalore,2024-01-08,Electronics,Wireless Earbuds,3,2499,0.05,7122.15,Net Banking,3,0
ORD009410,CUST0359,Chennai,2024-01-28,Electronics,Wireless Earbuds,3,2499,0.2,5997.6,Net Banking,3,0
ORD009411,CUST0009,Delhi,2023-02-28,Beauty,Body Lotion,1,349,0.1,314.1,Debit Card,5,0
ORD009412,CUST1008,Jaipur,2023-02-16,Home & Kitchen,Coffee Mug,2,249,0.0,498.0,UPI,4,0
ORD009413,CUST0307,Lucknow,2023-10-12,Home & Kitchen,Water Bottle,1,399,0.05,379.05,Net Banking,5,0
ORD009414,CUST1343,Bangalore,2023-11-13,Electronics,Laptop Stand,4,1299,0.15,4416.6,Debit Card,4,0
ORD009415,CUST1302,Delhi,2023-12-09,Beauty,Sunscreen SPF50,2,499,0.05,948.1,Cash on Delivery,4,0
ORD009416,CUST0122,Kolkata,2023-08-19,Clothing,Jacket,2,2999,0.15,5098.3,Credit Card,4,0
ORD009417,CUST0175,Bangalore,2023-06-08,Groceries,Green Tea,2,299,0.15,508.3,UPI,4,0
ORD009418,CUST0753,Chennai,2024-10-07,Sports,Running Shoes,2,3499,0.1,6298.2,Credit Card,3,0
ORD009419,CUST0940,Delhi,2023-11-26,Beauty,Lip Balm Pack,4,199,0.05,756.2,Net Banking,4,0
ORD009420,CUST0418,Hyderabad,2024-08-04,Sports,Water Jug,1,599,0.0,599.0,Cash on Delivery,1,1
ORD009421,CUST1091,Ahmedabad,2023-07-30,Electronics,Wireless Earbuds,1,2499,0.0,2499.0,Net Banking,5,0
ORD009422,CUST0918,Kolkata,2024-07-28,Home & Kitchen,Knife Set,1,1299,0.05,1234.05,Net Banking,1,0
ORD009423,CUST0486,Jaipur,2024-10-01,Beauty,Hair Mask,3,399,0.15,1017.45,Cash on Delivery,5,0
ORD009424,CUST0046,Jaipur,2024-12-12,Electronics,Laptop Stand,2,1299,0.05,2468.1,Net Banking,4,0
ORD009425,CUST1141,Delhi,2024-09-15,Groceries,Basmati Rice 5kg,2,499,0.2,798.4,Debit Card,5,0
ORD009426,CUST0326,Delhi,2023-05-17,Groceries,Basmati Rice 5kg,1,499,0.0,499.0,Cash on Delivery,5,0
ORD009427,CUST1246,Hyderabad,2023-07-27,Electronics,USB Hub,2,899,0.0,1798.0,Cash on Delivery,4,0
ORD009428,CUST0625,Bangalore,2024-04-20,Clothing,Sneakers,1,2499,0.1,2249.1,Net Banking,5,0
ORD009429,CUST0885,Ahmedabad,2023-05-20,Electronics,Laptop Stand,2,1299,0.0,2598.0,Debit Card,5,0
ORD009430,CUST1318,Lucknow,2024-11-16,Clothing,Jacket,1,2999,0.0,2999.0,Credit Card,2,0
ORD009431,CUST1306,Delhi,2023-10-28,Electronics,Laptop Stand,4,1299,0.2,4156.8,Credit Card,4,0
ORD009432,CUST0536,Jaipur,2024-01-20,Sports,Resistance Bands,3,499,0.1,1347.3,Credit Card,4,0
ORD009433,CUST0317,Chennai,2024-07-14,Home & Kitchen,Storage Box,1,299,0.05,284.05,Debit Card,5,0
ORD009434,CUST1168,Delhi,2023-04-29,Electronics,Phone Charger,2,599,0.0,1198.0,Debit Card,5,0
ORD009435,CUST0653,Hyderabad,2023-06-27,Groceries,Green Tea,4,299,0.05,1136.2,Net Banking,3,0
ORD009436,CUST0288,Mumbai,2024-10-14,Groceries,Basmati Rice 5kg,1,499,0.2,399.2,UPI,4,0
ORD009437,CUST1361,Pune,2023-10-14,Electronics,USB Hub,1,899,0.05,854.05,Net Banking,4,0
ORD009438,CUST0303,Lucknow,2024-09-16,Books,Self Help,2,449,0.0,898.0,Debit Card,5,0
ORD009439,CUST0046,Jaipur,2024-02-07,Books,Data Science Guide,4,899,0.1,3236.4,UPI,2,0
ORD009440,CUST0035,Pune,2024-01-04,Books,Fiction Novel,4,299,0.0,1196.0,UPI,4,0
ORD009441,CUST0962,Delhi,2023-03-09,Books,Python Programming,1,699,0.0,699.0,Cash on Delivery,5,0
ORD009442,CUST1019,Lucknow,2024-08-29,Beauty,Face Serum,3,999,0.15,2547.45,UPI,5,0
ORD009443,CUST0472,Kolkata,2024-08-13,Clothing,Formal Shirt,2,899,0.0,1798.0,Credit Card,4,0
ORD009444,CUST0479,Kolkata,2023-10-06,Electronics,Webcam,4,2199,0.0,8796.0,Net Banking,4,0
ORD009445,CUST0505,Lucknow,2024-01-05,Electronics,USB Hub,3,899,0.0,2697.0,Cash on Delivery,5,0
ORD009446,CUST1045,Ahmedabad,2023-06-01,Sports,Yoga Mat,3,799,0.0,2397.0,Credit Card,5,0
ORD009447,CUST0094,Hyderabad,2023-07-29,Electronics,Phone Charger,1,599,0.15,509.15,Net Banking,4,0
ORD009448,CUST1400,Lucknow,2024-10-12,Electronics,Laptop Stand,1,1299,0.0,1299.0,UPI,4,0
ORD009449,CUST0346,Delhi,2023-01-07,Clothing,Cotton T-Shirt,2,499,0.0,998.0,Net Banking,2,0
ORD009450,CUST1500,Kolkata,2023-03-24,Sports,Water Jug,3,599,0.0,1797.0,UPI,2,1
ORD009451,CUST0262,Bangalore,2023-06-29,Sports,Water Jug,3,599,0.0,1797.0,UPI,4,0
ORD009452,CUST1164,Chennai,2023-05-26,Books,Self Help,4,449,0.2,1436.8,Cash on Delivery,3,0
ORD009453,CUST0349,Delhi,2023-04-07,Electronics,USB Hub,3,899,0.0,2697.0,Credit Card,4,0
ORD009454,CUST0128,Jaipur,2024-09-06,Groceries,Protein Bar Pack,4,699,0.0,2796.0,Cash on Delivery,5,0
ORD009455,CUST1323,Lucknow,2023-01-10,Clothing,Sneakers,1,2499,0.05,2374.05,UPI,5,0
ORD009456,CUST1300,Kolkata,2023-09-04,Books,Fiction Novel,4,299,0.0,1196.0,Cash on Delivery,4,0
ORD009457,CUST0582,Ahmedabad,2024-04-18,Beauty,Sunscreen SPF50,3,499,0.0,1497.0,Debit Card,5,0
ORD009458,CUST1075,Pune,2023-01-24,Electronics,USB Hub,4,899,0.05,3416.2,Credit Card,2,0
ORD009459,CUST0844,Delhi,2024-04-18,Books,Self Help,4,449,0.0,1796.0,Debit Card,5,0
ORD009460,CUST1283,Ahmedabad,2023-06-11,Groceries,Mixed Nuts,2,599,0.1,1078.2,UPI,4,0
ORD009461,CUST0475,Chennai,2024-12-14,Clothing,Jacket,2,2999,0.0,5998.0,Debit Card,5,0
ORD009462,CUST0797,Chennai,2024-03-11,Beauty,Sunscreen SPF50,3,499,0.0,1497.0,Debit Card,5,0
ORD009463,CUST0739,Hyderabad,2023-08-30,Groceries,Green Tea,2,299,0.05,568.1,Debit Card,5,0
ORD009464,CUST0519,Ahmedabad,2024-02-25,Clothing,Cotton T-Shirt,1,499,0.0,499.0,Net Banking,4,0
ORD009465,CUST1344,Ahmedabad,2023-02-27,Groceries,Basmati Rice 5kg,2,499,0.1,898.2,UPI,5,0
ORD009466,CUST0257,Ahmedabad,2023-11-19,Books,Business Strategy,1,599,0.1,539.1,Credit Card,5,0
ORD009467,CUST0241,Kolkata,2023-02-14,Clothing,Jacket,4,2999,0.0,11996.0,Credit Card,5,0
ORD009468,CUST0885,Ahmedabad,2023-10-04,Books,Python Programming,3,699,0.2,1677.6,Credit Card,4,0
ORD009469,CUST1016,Pune,2024-08-17,Groceries,Basmati Rice 5kg,1,499,0.2,399.2,Debit Card,4,0
ORD009470,CUST0294,Delhi,2024-08-16,Beauty,Hair Mask,1,399,0.15,339.15,Credit Card,5,0
ORD009471,CUST0569,Jaipur,2024-05-30,Electronics,Webcam,4,2199,0.05,8356.2,Cash on Delivery,4,0
ORD009472,CUST1426,Ahmedabad,2024-11-17,Home & Kitchen,Storage Box,3,299,0.1,807.3,Debit Card,4,0
ORD009473,CUST0385,Jaipur,2024-02-04,Groceries,Olive Oil,4,799,0.05,3036.2,Net Banking,4,0
ORD009474,CUST1025,Ahmedabad,2023-10-28,Groceries,Mixed Nuts,4,599,0.2,1916.8,Debit Card,4,0
ORD009475,CUST1123,Chennai,2023-12-16,Sports,Resistance Bands,4,499,0.05,1896.2,Debit Card,1,0
ORD009476,CUST0680,Chennai,2024-02-22,Beauty,Hair Mask,2,399,0.15,678.3,UPI,5,0
ORD009477,CUST1415,Pune,2023-07-11,Sports,Running Shoes,2,3499,0.2,5598.4,Debit Card,5,0
ORD009478,CUST1121,Lucknow,2024-09-19,Electronics,Laptop Stand,4,1299,0.0,5196.0,UPI,5,0
ORD009479,CUST0700,Kolkata,2024-09-15,Clothing,Denim Jeans,1,1299,0.0,1299.0,Credit Card,4,0
ORD009480,CUST0869,Lucknow,2023-01-23,Books,Business Strategy,2,599,0.15,1018.3,Debit Card,5,0
ORD009481,CUST1058,Lucknow,2024-04-05,Books,Business Strategy,4,599,0.05,2276.2,Credit Card,5,0
ORD009482,CUST0915,Chennai,2024-08-26,Clothing,Formal Shirt,1,899,0.0,899.0,Net Banking,4,0
ORD009483,CUST1328,Hyderabad,2023-08-23,Books,Data Science Guide,4,899,0.0,3596.0,Net Banking,5,0
ORD009484,CUST0523,Kolkata,2024-04-23,Groceries,Mixed Nuts,2,599,0.0,1198.0,UPI,4,0
ORD009485,CUST0454,Hyderabad,2023-03-05,Home & Kitchen,Knife Set,4,1299,0.0,5196.0,Net Banking,5,0
ORD009486,CUST0326,Delhi,2023-05-27,Groceries,Green Tea,3,299,0.1,807.3,Net Banking,4,0
ORD009487,CUST0063,Kolkata,2024-09-28,Groceries,Mixed Nuts,4,599,0.2,1916.8,Credit Card,4,0
ORD009488,CUST0070,Hyderabad,2024-10-12,Groceries,Green Tea,4,299,0.0,1196.0,Net Banking,1,1
ORD009489,CUST1314,Lucknow,2023-04-16,Beauty,Body Lotion,3,349,0.1,942.3,UPI,5,0
ORD009490,CUST1042,Kolkata,2024-06-28,Books,Data Science Guide,2,899,0.05,1708.1,Credit Card,4,0
ORD009491,CUST1019,Lucknow,2023-01-25,Sports,Yoga Mat,4,799,0.0,3196.0,Credit Card,4,0
ORD009492,CUST0949,Jaipur,2023-04-10,Electronics,USB Hub,3,899,0.0,2697.0,Cash on Delivery,2,0
ORD009493,CUST1278,Bangalore,2024-06-17,Books,Fiction Novel,1,299,0.1,269.1,Cash on Delivery,4,0
ORD009494,CUST0732,Lucknow,2024-01-17,Beauty,Lip Balm Pack,1,199,0.0,199.0,Cash on Delivery,4,0
ORD009495,CUST1314,Lucknow,2024-05-29,Electronics,Wireless Earbuds,4,2499,0.0,9996.0,Debit Card,4,0
ORD009496,CUST0525,Kolkata,2023-03-23,Sports,Water Jug,1,599,0.2,479.2,Net Banking,5,0
ORD009497,CUST1396,Pune,2024-02-20,Sports,Resistance Bands,1,499,0.0,499.0,UPI,3,0
ORD009498,CUST1063,Delhi,2024-01-19,Clothing,Cotton T-Shirt,4,499,0.0,1996.0,Credit Card,5,0
ORD009499,CUST0396,Delhi,2024-05-08,Beauty,Face Serum,4,999,0.1,3596.4,Credit Card,4,0
ORD009500,CUST0854,Bangalore,2023-06-05,Groceries,Mixed Nuts,2,599,0.0,1198.0,Cash on Delivery,5,0
ORD009501,CUST0807,Pune,2023-11-01,Beauty,Sunscreen SPF50,1,499,0.1,449.1,Credit Card,5,0
ORD009502,CUST0220,Kolkata,2023-09-11,Sports,Yoga Mat,2,799,0.15,1358.3,Credit Card,3,0
ORD009503,CUST0913,Jaipur,2023-12-15,Electronics,Laptop Stand,2,1299,0.0,2598.0,UPI,5,0
ORD009504,CUST0475,Chennai,2023-09-03,Sports,Resistance Bands,1,499,0.0,499.0,Debit Card,5,0
ORD009505,CUST0087,Pune,2024-02-24,Beauty,Hair Mask,1,399,0.0,399.0,Debit Card,5,0
ORD009506,CUST1428,Ahmedabad,2023-03-22,Electronics,Laptop Stand,2,1299,0.2,2078.4,UPI,5,0
ORD009507,CUST0999,Chennai,2023-03-10,Beauty,Lip Balm Pack,2,199,0.2,318.4,Cash on Delivery,5,0
ORD009508,CUST1325,Delhi,2023-01-17,Books,Self Help,4,449,0.2,1436.8,Cash on Delivery,5,0
ORD009509,CUST1038,Jaipur,2023-01-21,Sports,Water Jug,2,599,0.0,1198.0,UPI,5,0
ORD009510,CUST0523,Kolkata,2024-07-14,Groceries,Mixed Nuts,2,599,0.0,1198.0,Credit Card,3,0
ORD009511,CUST0780,Jaipur,2023-01-04,Clothing,Formal Shirt,3,899,0.05,2562.15,Cash on Delivery,5,0
ORD009512,CUST1038,Jaipur,2023-04-16,Sports,Water Jug,2,599,0.0,1198.0,Credit Card,4,0
ORD009513,CUST1447,Lucknow,2024-02-26,Groceries,Mixed Nuts,1,599,0.05,569.05,Net Banking,4,0
ORD009514,CUST0392,Mumbai,2023-05-14,Electronics,Webcam,4,2199,0.15,7476.6,UPI,5,0
ORD009515,CUST1323,Lucknow,2023-04-01,Clothing,Sneakers,1,2499,0.0,2499.0,UPI,4,0
ORD009516,CUST1389,Lucknow,2024-10-27,Clothing,Jacket,3,2999,0.1,8097.3,Debit Card,1,0
ORD009517,CUST1027,Kolkata,2024-06-28,Beauty,Face Serum,4,999,0.2,3196.8,UPI,5,0
ORD009518,CUST1405,Delhi,2024-07-02,Books,Fiction Novel,3,299,0.0,897.0,Debit Card,4,0
ORD009519,CUST0576,Hyderabad,2024-05-10,Clothing,Denim Jeans,4,1299,0.15,4416.6,Credit Card,5,0
ORD009520,CUST1434,Jaipur,2024-03-20,Clothing,Cotton T-Shirt,1,499,0.05,474.05,Debit Card,5,0
ORD009521,CUST1075,Pune,2023-07-16,Groceries,Olive Oil,4,799,0.1,2876.4,UPI,5,0
ORD009522,CUST0070,Hyderabad,2024-12-30,Groceries,Mixed Nuts,3,599,0.0,1797.0,Credit Card,5,0
ORD009523,CUST1364,Chennai,2024-10-18,Home & Kitchen,Knife Set,4,1299,0.0,5196.0,Credit Card,3,0
ORD009524,CUST0738,Delhi,2024-03-01,Beauty,Body Lotion,2,349,0.0,698.0,UPI,4,0
ORD009525,CUST0706,Ahmedabad,2023-01-20,Groceries,Olive Oil,4,799,0.0,3196.0,Cash on Delivery,5,0
ORD009526,CUST0861,Mumbai,2023-12-21,Groceries,Olive Oil,3,799,0.05,2277.15,Debit Card,5,0
ORD009527,CUST0241,Kolkata,2023-12-12,Beauty,Sunscreen SPF50,4,499,0.0,1996.0,UPI,4,0
ORD009528,CUST0717,Ahmedabad,2024-06-18,Sports,Water Jug,2,599,0.0,1198.0,Cash on Delivery,4,0
ORD009529,CUST1244,Mumbai,2023-12-07,Sports,Resistance Bands,2,499,0.0,998.0,Debit Card,5,0
ORD009530,CUST0029,Bangalore,2024-04-03,Groceries,Basmati Rice 5kg,2,499,0.0,998.0,UPI,5,0
ORD009531,CUST0413,Delhi,2023-08-24,Books,Self Help,1,449,0.0,449.0,Net Banking,4,0
ORD009532,CUST0003,Chennai,2023-01-10,Beauty,Face Serum,2,999,0.05,1898.1,Net Banking,4,0
ORD009533,CUST0616,Mumbai,2023-06-16,Books,Self Help,3,449,0.0,1347.0,Credit Card,3,0
ORD009534,CUST1105,Ahmedabad,2023-11-09,Beauty,Sunscreen SPF50,1,499,0.0,499.0,UPI,1,1
ORD009535,CUST1198,Kolkata,2024-11-25,Clothing,Cotton T-Shirt,2,499,0.0,998.0,Net Banking,5,0
ORD009536,CUST1426,Ahmedabad,2023-08-04,Books,Data Science Guide,3,899,0.0,2697.0,Credit Card,4,0
ORD009537,CUST0938,Chennai,2023-11-18,Beauty,Face Serum,2,999,0.0,1998.0,Net Banking,5,0
ORD009538,CUST0394,Hyderabad,2024-01-22,Clothing,Jacket,2,2999,0.05,5698.1,UPI,4,0
ORD009539,CUST1389,Lucknow,2023-12-13,Books,Data Science Guide,4,899,0.2,2876.8,Cash on Delivery,4,0
ORD009540,CUST1168,Delhi,2024-08-13,Groceries,Green Tea,1,299,0.1,269.1,UPI,4,0
ORD009541,CUST0877,Bangalore,2024-10-20,Beauty,Face Serum,2,999,0.15,1698.3,UPI,5,0
ORD009542,CUST1062,Hyderabad,2024-12-13,Beauty,Hair Mask,3,399,0.0,1197.0,Net Banking,3,0
ORD009543,CUST1389,Lucknow,2023-11-19,Home & Kitchen,Knife Set,2,1299,0.05,2468.1,Debit Card,4,0
ORD009544,CUST1087,Lucknow,2024-10-24,Sports,Resistance Bands,1,499,0.1,449.1,Net Banking,4,0
ORD009545,CUST0533,Jaipur,2023-08-24,Electronics,Laptop Stand,4,1299,0.05,4936.2,UPI,4,0
ORD009546,CUST1089,Lucknow,2023-03-25,Clothing,Jacket,1,2999,0.1,2699.1,UPI,3,0
ORD009547,CUST0068,Pune,2023-06-26,Books,Python Programming,4,699,0.1,2516.4,Net Banking,4,0
ORD009548,CUST0557,Chennai,2023-09-23,Home & Kitchen,Air Fryer,3,3999,0.15,10197.45,Credit Card,5,0
ORD009549,CUST0595,Chennai,2024-03-14,Electronics,USB Hub,1,899,0.2,719.2,UPI,4,0
ORD009550,CUST0257,Ahmedabad,2023-07-05,Home & Kitchen,Knife Set,3,1299,0.0,3897.0,Net Banking,5,0
ORD009551,CUST0042,Lucknow,2024-01-01,Home & Kitchen,Storage Box,1,299,0.05,284.05,UPI,5,0
ORD009552,CUST0215,Lucknow,2024-01-10,Electronics,Phone Charger,2,599,0.0,1198.0,Cash on Delivery,4,0
ORD009553,CUST1013,Jaipur,2024-09-07,Clothing,Denim Jeans,3,1299,0.15,3312.45,UPI,4,0
ORD009554,CUST1205,Delhi,2024-12-22,Electronics,USB Hub,2,899,0.0,1798.0,Debit Card,5,0
ORD009555,CUST1477,Lucknow,2024-02-15,Beauty,Face Serum,3,999,0.05,2847.15,Net Banking,2,0
ORD009556,CUST0511,Hyderabad,2023-06-21,Home & Kitchen,Storage Box,4,299,0.0,1196.0,Cash on Delivery,4,0
ORD009557,CUST0923,Kolkata,2023-11-02,Books,Data Science Guide,2,899,0.2,1438.4,UPI,4,0
ORD009558,CUST1413,Pune,2023-07-29,Home & Kitchen,Knife Set,4,1299,0.1,4676.4,Debit Card,4,0
ORD009559,CUST0257,Ahmedabad,2023-10-21,Groceries,Olive Oil,1,799,0.2,639.2,Debit Card,5,0
ORD009560,CUST1092,Lucknow,2024-10-29,Home & Kitchen,Water Bottle,3,399,0.15,1017.45,Cash on Delivery,5,0
ORD009561,CUST1147,Pune,2023-03-24,Electronics,Webcam,2,2199,0.0,4398.0,Cash on Delivery,5,0
ORD009562,CUST0141,Jaipur,2023-09-27,Home & Kitchen,Knife Set,3,1299,0.2,3117.6,Net Banking,5,0
ORD009563,CUST1304,Ahmedabad,2023-05-15,Sports,Water Jug,4,599,0.0,2396.0,Credit Card,1,1
ORD009564,CUST1221,Kolkata,2023-04-28,Electronics,Laptop Stand,3,1299,0.0,3897.0,Debit Card,5,0
ORD009565,CUST0054,Lucknow,2023-03-26,Home & Kitchen,Coffee Mug,4,249,0.15,846.6,Net Banking,4,0
ORD009566,CUST0147,Lucknow,2023-08-22,Books,Python Programming,1,699,0.0,699.0,Cash on Delivery,5,0
ORD009567,CUST0079,Kolkata,2023-01-22,Books,Self Help,3,449,0.2,1077.6,UPI,4,0
ORD009568,CUST0500,Ahmedabad,2024-08-22,Electronics,Webcam,1,2199,0.1,1979.1,Cash on Delivery,4,0
ORD009569,CUST0775,Hyderabad,2023-05-06,Sports,Running Shoes,1,3499,0.2,2799.2,UPI,5,0
ORD009570,CUST0807,Pune,2023-05-15,Clothing,Sneakers,1,2499,0.0,2499.0,Net Banking,3,0
ORD009571,CUST0409,Kolkata,2023-03-25,Groceries,Basmati Rice 5kg,3,499,0.0,1497.0,Debit Card,5,0
ORD009572,CUST1371,Hyderabad,2024-04-16,Sports,Running Shoes,2,3499,0.15,5948.3,Debit Card,1,1
ORD009573,CUST0533,Jaipur,2023-03-31,Groceries,Protein Bar Pack,3,699,0.0,2097.0,Credit Card,4,0
ORD009574,CUST0074,Bangalore,2024-08-19,Electronics,Wireless Earbuds,3,2499,0.15,6372.45,UPI,5,0
ORD009575,CUST0454,Hyderabad,2023-06-04,Home & Kitchen,Air Fryer,1,3999,0.2,3199.2,UPI,4,0
ORD009576,CUST0805,Ahmedabad,2024-02-14,Groceries,Green Tea,4,299,0.0,1196.0,Debit Card,5,0
ORD009577,CUST0597,Kolkata,2023-03-15,Electronics,USB Hub,1,899,0.1,809.1,Net Banking,1,0
ORD009578,CUST0415,Mumbai,2023-05-13,Beauty,Face Serum,3,999,0.15,2547.45,UPI,5,0
ORD009579,CUST0211,Ahmedabad,2023-11-26,Beauty,Lip Balm Pack,1,199,0.0,199.0,Credit Card,4,0
ORD009580,CUST1229,Pune,2024-10-30,Beauty,Lip Balm Pack,3,199,0.0,597.0,Debit Card,4,0
ORD009581,CUST1495,Kolkata,2024-06-29,Beauty,Hair Mask,3,399,0.2,957.6,Net Banking,4,0
ORD009582,CUST0491,Kolkata,2024-03-04,Home & Kitchen,Coffee Mug,1,249,0.1,224.1,Cash on Delivery,4,0
ORD009583,CUST0551,Ahmedabad,2023-03-24,Books,Business Strategy,1,599,0.0,599.0,UPI,3,0
ORD009584,CUST0952,Ahmedabad,2024-09-08,Sports,Water Jug,1,599,0.0,599.0,Debit Card,5,0
ORD009585,CUST1093,Bangalore,2024-02-06,Beauty,Lip Balm Pack,1,199,0.15,169.15,Debit Card,3,0
ORD009586,CUST0569,Jaipur,2023-10-04,Clothing,Formal Shirt,2,899,0.05,1708.1,Debit Card,5,0
ORD009587,CUST1361,Pune,2024-06-14,Home & Kitchen,Air Fryer,1,3999,0.0,3999.0,Cash on Delivery,5,0
ORD009588,CUST0848,Delhi,2023-04-16,Home & Kitchen,Air Fryer,3,3999,0.05,11397.15,Net Banking,5,0
ORD009589,CUST0684,Mumbai,2024-01-18,Clothing,Jacket,3,2999,0.05,8547.15,Cash on Delivery,5,0
ORD009590,CUST1004,Lucknow,2024-03-16,Home & Kitchen,Air Fryer,1,3999,0.1,3599.1,Credit Card,4,0
ORD009591,CUST1434,Jaipur,2023-09-08,Groceries,Protein Bar Pack,3,699,0.1,1887.3,Cash on Delivery,5,0
ORD009592,CUST1196,Ahmedabad,2023-02-15,Beauty,Hair Mask,4,399,0.15,1356.6,Net Banking,3,0
ORD009593,CUST0068,Pune,2024-03-26,Sports,Running Shoes,4,3499,0.05,13296.2,UPI,4,0
ORD009594,CUST0499,Jaipur,2024-04-06,Clothing,Denim Jeans,3,1299,0.1,3507.3,Debit Card,5,0
ORD009595,CUST0718,Lucknow,2024-10-18,Sports,Resistance Bands,1,499,0.0,499.0,Credit Card,4,0
ORD009596,CUST0474,Kolkata,2024-01-23,Beauty,Body Lotion,2,349,0.0,698.0,Debit Card,5,0
ORD009597,CUST1066,Delhi,2024-10-09,Beauty,Body Lotion,4,349,0.0,1396.0,Net Banking,4,0
ORD009598,CUST1239,Ahmedabad,2023-07-13,Books,Business Strategy,2,599,0.2,958.4,Cash on Delivery,5,0
ORD009599,CUST1111,Ahmedabad,2023-08-12,Clothing,Sneakers,1,2499,0.15,2124.15,Net Banking,4,0
ORD009600,CUST1478,Kolkata,2024-07-05,Electronics,Webcam,4,2199,0.0,8796.0,Credit Card,5,0
ORD009601,CUST0413,Delhi,2023-04-30,Home & Kitchen,Storage Box,4,299,0.2,956.8,Credit Card,5,0
ORD009602,CUST1323,Lucknow,2023-12-01,Groceries,Protein Bar Pack,3,699,0.0,2097.0,Net Banking,4,0
ORD009603,CUST1158,Jaipur,2023-08-03,Home & Kitchen,Water Bottle,4,399,0.15,1356.6,Cash on Delivery,4,0
ORD009604,CUST0530,Kolkata,2023-05-27,Books,Python Programming,2,699,0.1,1258.2,Debit Card,5,0
ORD009605,CUST1116,Delhi,2023-07-07,Clothing,Denim Jeans,1,1299,0.0,1299.0,Debit Card,3,0
ORD009606,CUST0170,Jaipur,2023-11-06,Home & Kitchen,Coffee Mug,2,249,0.0,498.0,Net Banking,5,0
ORD009607,CUST1186,Delhi,2023-02-17,Sports,Resistance Bands,4,499,0.15,1696.6,Credit Card,5,0
ORD009608,CUST0807,Pune,2024-04-03,Clothing,Denim Jeans,2,1299,0.0,2598.0,Cash on Delivery,5,0
ORD009609,CUST0446,Pune,2024-04-27,Beauty,Sunscreen SPF50,4,499,0.15,1696.6,UPI,5,0
ORD009610,CUST1013,Jaipur,2024-09-06,Sports,Yoga Mat,1,799,0.0,799.0,Cash on Delivery,3,0
ORD009611,CUST0999,Chennai,2023-03-11,Clothing,Jacket,2,2999,0.0,5998.0,Net Banking,4,0
ORD009612,CUST0321,Mumbai,2023-10-01,Electronics,USB Hub,3,899,0.05,2562.15,Cash on Delivery,5,0
ORD009613,CUST0052,Lucknow,2023-10-31,Groceries,Basmati Rice 5kg,4,499,0.15,1696.6,Credit Card,5,0
ORD009614,CUST0654,Bangalore,2023-05-18,Electronics,Phone Charger,2,599,0.1,1078.2,Net Banking,3,0
ORD009615,CUST0869,Lucknow,2023-09-03,Sports,Water Jug,3,599,0.1,1617.3,Debit Card,4,0
ORD009616,CUST1325,Delhi,2023-09-02,Beauty,Lip Balm Pack,2,199,0.0,398.0,Credit Card,4,0
ORD009617,CUST1399,Bangalore,2023-07-22,Books,Data Science Guide,2,899,0.1,1618.2,Net Banking,5,0
ORD009618,CUST0801,Mumbai,2024-02-19,Books,Self Help,2,449,0.15,763.3,Credit Card,2,0
ORD009619,CUST1146,Lucknow,2024-09-12,Groceries,Protein Bar Pack,4,699,0.0,2796.0,UPI,4,0
ORD009620,CUST0663,Lucknow,2023-04-21,Home & Kitchen,Air Fryer,3,3999,0.1,10797.3,Credit Card,4,0
ORD009621,CUST1132,Chennai,2023-06-04,Electronics,Laptop Stand,3,1299,0.15,3312.45,Cash on Delivery,5,0
ORD009622,CUST0314,Chennai,2024-09-27,Clothing,Denim Jeans,2,1299,0.0,2598.0,Cash on Delivery,4,0
ORD009623,CUST0536,Jaipur,2024-10-27,Sports,Running Shoes,2,3499,0.15,5948.3,Credit Card,3,0
ORD009624,CUST0987,Jaipur,2024-05-07,Beauty,Face Serum,1,999,0.0,999.0,Debit Card,3,0
ORD009625,CUST0034,Hyderabad,2024-03-26,Books,Data Science Guide,4,899,0.0,3596.0,Credit Card,4,0
ORD009626,CUST1102,Jaipur,2023-05-07,Electronics,Webcam,3,2199,0.0,6597.0,Debit Card,1,0
ORD009627,CUST1249,Hyderabad,2023-12-14,Groceries,Mixed Nuts,3,599,0.0,1797.0,UPI,4,0
ORD009628,CUST0578,Kolkata,2024-05-22,Clothing,Formal Shirt,3,899,0.0,2697.0,Cash on Delivery,4,0
ORD009629,CUST0680,Chennai,2023-06-09,Groceries,Protein Bar Pack,4,699,0.0,2796.0,Debit Card,4,0
ORD009630,CUST1281,Delhi,2024-09-09,Sports,Resistance Bands,1,499,0.0,499.0,Credit Card,2,0
ORD009631,CUST1171,Kolkata,2024-10-18,Sports,Yoga Mat,1,799,0.0,799.0,Cash on Delivery,4,0
ORD009632,CUST0442,Mumbai,2023-11-14,Home & Kitchen,Coffee Mug,2,249,0.0,498.0,Credit Card,5,0
ORD009633,CUST0486,Jaipur,2023-12-23,Books,Data Science Guide,3,899,0.0,2697.0,Net Banking,2,0
ORD009634,CUST1044,Delhi,2023-06-11,Clothing,Cotton T-Shirt,1,499,0.05,474.05,Cash on Delivery,4,0
ORD009635,CUST0854,Bangalore,2024-04-24,Groceries,Mixed Nuts,1,599,0.1,539.1,Net Banking,5,0
ORD009636,CUST0250,Mumbai,2024-12-07,Beauty,Lip Balm Pack,4,199,0.0,796.0,Net Banking,4,0
ORD009637,CUST0470,Jaipur,2023-07-11,Books,Fiction Novel,4,299,0.15,1016.6,Net Banking,4,0
ORD009638,CUST1356,Jaipur,2024-08-23,Clothing,Cotton T-Shirt,3,499,0.0,1497.0,Cash on Delivery,4,0
ORD009639,CUST1054,Pune,2024-12-06,Books,Python Programming,1,699,0.0,699.0,UPI,5,0
ORD009640,CUST1473,Mumbai,2023-06-03,Electronics,Wireless Earbuds,1,2499,0.1,2249.1,Cash on Delivery,4,0
ORD009641,CUST1158,Jaipur,2024-02-01,Books,Data Science Guide,2,899,0.0,1798.0,Credit Card,4,0
ORD009642,CUST1421,Bangalore,2023-11-29,Home & Kitchen,Knife Set,2,1299,0.2,2078.4,UPI,5,0
ORD009643,CUST0329,Jaipur,2023-11-14,Clothing,Jacket,1,2999,0.0,2999.0,Net Banking,5,0
ORD009644,CUST1164,Chennai,2024-07-31,Electronics,USB Hub,3,899,0.05,2562.15,Cash on Delivery,1,0
ORD009645,CUST0035,Pune,2023-03-31,Groceries,Green Tea,3,299,0.15,762.45,Credit Card,4,0
ORD009646,CUST1028,Bangalore,2023-10-17,Groceries,Olive Oil,1,799,0.2,639.2,Credit Card,4,0
ORD009647,CUST0718,Lucknow,2023-05-10,Sports,Water Jug,4,599,0.0,2396.0,Debit Card,4,0
ORD009648,CUST0511,Hyderabad,2023-04-29,Clothing,Jacket,3,2999,0.0,8997.0,Debit Card,4,0
ORD009649,CUST1306,Delhi,2023-06-29,Groceries,Green Tea,1,299,0.2,239.2,Credit Card,5,0
ORD009650,CUST1293,Mumbai,2024-05-03,Electronics,Phone Charger,4,599,0.15,2036.6,Debit Card,1,1
ORD009651,CUST0039,Delhi,2023-12-05,Groceries,Green Tea,2,299,0.0,598.0,Credit Card,5,0
ORD009652,CUST0940,Delhi,2024-11-16,Home & Kitchen,Water Bottle,4,399,0.0,1596.0,UPI,3,0
ORD009653,CUST0533,Jaipur,2024-06-03,Home & Kitchen,Air Fryer,2,3999,0.0,7998.0,Credit Card,5,0
ORD009654,CUST0616,Mumbai,2023-11-16,Groceries,Basmati Rice 5kg,4,499,0.0,1996.0,UPI,4,0
ORD009655,CUST1244,Mumbai,2024-10-25,Clothing,Formal Shirt,1,899,0.15,764.15,Cash on Delivery,5,0
ORD009656,CUST0470,Jaipur,2023-11-19,Clothing,Formal Shirt,3,899,0.15,2292.45,UPI,4,0
ORD009657,CUST1425,Chennai,2023-08-27,Books,Self Help,3,449,0.15,1144.95,Debit Card,3,0
ORD009658,CUST0272,Bangalore,2023-02-15,Electronics,USB Hub,1,899,0.0,899.0,UPI,5,0
ORD009659,CUST1022,Kolkata,2024-11-09,Sports,Yoga Mat,1,799,0.0,799.0,UPI,4,0
ORD009660,CUST1028,Bangalore,2024-03-16,Clothing,Formal Shirt,1,899,0.2,719.2,Debit Card,3,0
ORD009661,CUST0391,Pune,2024-09-02,Groceries,Green Tea,1,299,0.15,254.15,UPI,5,0
ORD009662,CUST0486,Jaipur,2023-09-03,Sports,Yoga Mat,3,799,0.2,1917.6,Debit Card,4,0
ORD009663,CUST1249,Hyderabad,2024-09-21,Clothing,Denim Jeans,1,1299,0.0,1299.0,Cash on Delivery,5,0
ORD009664,CUST1152,Kolkata,2024-07-18,Home & Kitchen,Storage Box,3,299,0.05,852.15,Credit Card,4,0
ORD009665,CUST0490,Hyderabad,2024-10-15,Beauty,Sunscreen SPF50,2,499,0.0,998.0,UPI,4,0
ORD009666,CUST0807,Pune,2024-05-22,Clothing,Jacket,3,2999,0.2,7197.6,Cash on Delivery,5,0
ORD009667,CUST0103,Jaipur,2024-01-14,Books,Data Science Guide,4,899,0.1,3236.4,UPI,2,0
ORD009668,CUST0316,Bangalore,2023-07-13,Home & Kitchen,Storage Box,1,299,0.1,269.1,Cash on Delivery,5,0
ORD009669,CUST0741,Ahmedabad,2024-10-06,Electronics,USB Hub,4,899,0.0,3596.0,Credit Card,3,0
ORD009670,CUST0139,Mumbai,2024-04-09,Books,Business Strategy,1,599,0.15,509.15,Cash on Delivery,4,0
ORD009671,CUST1268,Bangalore,2024-04-05,Clothing,Formal Shirt,1,899,0.0,899.0,Credit Card,5,0
ORD009672,CUST1092,Lucknow,2023-02-01,Beauty,Lip Balm Pack,1,199,0.0,199.0,Debit Card,4,0
ORD009673,CUST1425,Chennai,2023-09-05,Beauty,Face Serum,4,999,0.2,3196.8,Cash on Delivery,4,0
ORD009674,CUST1060,Hyderabad,2023-06-29,Books,Fiction Novel,4,299,0.0,1196.0,UPI,3,0
ORD009675,CUST1420,Bangalore,2023-11-25,Clothing,Denim Jeans,4,1299,0.2,4156.8,Net Banking,4,0
ORD009676,CUST0839,Chennai,2023-07-09,Groceries,Olive Oil,4,799,0.0,3196.0,Debit Card,5,0
ORD009677,CUST0924,Pune,2023-05-18,Groceries,Basmati Rice 5kg,1,499,0.0,499.0,Debit Card,4,0
ORD009678,CUST1465,Hyderabad,2023-08-22,Home & Kitchen,Storage Box,1,299,0.1,269.1,Credit Card,4,0
ORD009679,CUST0999,Chennai,2023-10-01,Clothing,Denim Jeans,4,1299,0.15,4416.6,Cash on Delivery,1,0
ORD009680,CUST0053,Pune,2024-06-13,Home & Kitchen,Storage Box,4,299,0.15,1016.6,Debit Card,5,0
ORD009681,CUST1103,Bangalore,2024-07-28,Clothing,Formal Shirt,1,899,0.15,764.15,Credit Card,5,0
ORD009682,CUST1361,Pune,2023-07-05,Books,Data Science Guide,4,899,0.0,3596.0,UPI,3,0
ORD009683,CUST1197,Chennai,2024-02-01,Sports,Resistance Bands,3,499,0.0,1497.0,UPI,5,0
ORD009684,CUST0895,Delhi,2024-08-28,Groceries,Protein Bar Pack,4,699,0.15,2376.6,Net Banking,5,0
ORD009685,CUST1028,Bangalore,2023-07-23,Books,Fiction Novel,4,299,0.1,1076.4,Debit Card,5,0
ORD009686,CUST1479,Lucknow,2023-03-24,Electronics,USB Hub,3,899,0.2,2157.6,UPI,5,0
ORD009687,CUST0143,Jaipur,2023-09-15,Books,Self Help,1,449,0.2,359.2,Debit Card,5,0
ORD009688,CUST1025,Ahmedabad,2023-08-13,Books,Data Science Guide,1,899,0.0,899.0,UPI,4,0
ORD009689,CUST0432,Jaipur,2024-07-29,Sports,Yoga Mat,3,799,0.1,2157.3,Debit Card,5,0
ORD009690,CUST0997,Pune,2023-10-26,Books,Self Help,4,449,0.0,1796.0,Net Banking,4,0
ORD009691,CUST0938,Chennai,2023-01-12,Clothing,Cotton T-Shirt,3,499,0.15,1272.45,Credit Card,3,0
ORD009692,CUST0243,Chennai,2023-04-19,Clothing,Cotton T-Shirt,1,499,0.1,449.1,Credit Card,5,0
ORD009693,CUST0315,Kolkata,2023-04-29,Clothing,Jacket,1,2999,0.0,2999.0,Credit Card,5,0
ORD009694,CUST0960,Ahmedabad,2024-04-24,Home & Kitchen,Storage Box,3,299,0.1,807.3,Net Banking,4,0
ORD009695,CUST0204,Delhi,2023-09-16,Clothing,Cotton T-Shirt,4,499,0.0,1996.0,UPI,4,0
ORD009696,CUST0405,Kolkata,2023-11-05,Clothing,Cotton T-Shirt,3,499,0.0,1497.0,Net Banking,5,0
ORD009697,CUST1249,Hyderabad,2024-06-11,Groceries,Mixed Nuts,1,599,0.2,479.2,Debit Card,3,0
ORD009698,CUST0489,Chennai,2023-03-24,Sports,Resistance Bands,1,499,0.05,474.05,Net Banking,4,0
ORD009699,CUST0746,Ahmedabad,2024-06-11,Books,Python Programming,3,699,0.15,1782.45,Credit Card,4,0
ORD009700,CUST1420,Bangalore,2023-05-05,Home & Kitchen,Water Bottle,2,399,0.05,758.1,Debit Card,4,0
ORD009701,CUST0356,Hyderabad,2024-06-30,Groceries,Mixed Nuts,3,599,0.0,1797.0,Cash on Delivery,4,0
ORD009702,CUST0566,Chennai,2024-10-08,Beauty,Lip Balm Pack,2,199,0.2,318.4,Cash on Delivery,5,0
ORD009703,CUST0933,Jaipur,2023-06-20,Home & Kitchen,Water Bottle,1,399,0.0,399.0,Debit Card,3,0
ORD009704,CUST1147,Pune,2023-03-04,Beauty,Sunscreen SPF50,2,499,0.05,948.1,UPI,4,0
ORD009705,CUST1357,Jaipur,2023-10-27,Clothing,Denim Jeans,4,1299,0.15,4416.6,UPI,1,1
ORD009706,CUST1376,Pune,2024-01-11,Sports,Running Shoes,2,3499,0.0,6998.0,Credit Card,4,0
ORD009707,CUST1172,Jaipur,2023-01-30,Clothing,Denim Jeans,2,1299,0.0,2598.0,Cash on Delivery,4,0
ORD009708,CUST0358,Hyderabad,2023-11-30,Groceries,Mixed Nuts,1,599,0.2,479.2,Credit Card,5,0
ORD009709,CUST0044,Mumbai,2023-08-19,Groceries,Olive Oil,2,799,0.05,1518.1,UPI,4,0
ORD009710,CUST0553,Ahmedabad,2023-10-14,Sports,Yoga Mat,3,799,0.15,2037.45,Credit Card,4,0
ORD009711,CUST0227,Kolkata,2023-05-28,Sports,Yoga Mat,2,799,0.2,1278.4,Credit Card,4,0
ORD009712,CUST1085,Bangalore,2023-10-19,Home & Kitchen,Water Bottle,1,399,0.15,339.15,Credit Card,5,0
ORD009713,CUST1019,Lucknow,2024-03-24,Clothing,Denim Jeans,3,1299,0.0,3897.0,Debit Card,3,0
ORD009714,CUST0071,Chennai,2023-11-26,Home & Kitchen,Air Fryer,2,3999,0.2,6398.4,Net Banking,4,0
ORD009715,CUST1250,Delhi,2023-04-28,Clothing,Formal Shirt,1,899,0.0,899.0,UPI,5,0
ORD009716,CUST0387,Kolkata,2023-02-27,Home & Kitchen,Knife Set,1,1299,0.1,1169.1,UPI,5,0
ORD009717,CUST0650,Mumbai,2024-11-08,Sports,Resistance Bands,2,499,0.2,798.4,Debit Card,5,0
ORD009718,CUST1025,Ahmedabad,2023-05-20,Sports,Water Jug,4,599,0.0,2396.0,UPI,4,0
ORD009719,CUST0647,Mumbai,2024-08-30,Books,Python Programming,3,699,0.0,2097.0,Debit Card,1,0
ORD009720,CUST0672,Lucknow,2024-11-04,Beauty,Lip Balm Pack,3,199,0.0,597.0,UPI,4,0
ORD009721,CUST0112,Jaipur,2023-01-19,Home & Kitchen,Storage Box,2,299,0.0,598.0,Debit Card,4,0
ORD009722,CUST0581,Jaipur,2023-10-23,Clothing,Sneakers,2,2499,0.05,4748.1,Debit Card,5,0
ORD009723,CUST1155,Bangalore,2023-07-05,Groceries,Olive Oil,4,799,0.0,3196.0,Net Banking,3,0
ORD009724,CUST1374,Hyderabad,2024-10-26,Clothing,Cotton T-Shirt,4,499,0.0,1996.0,Cash on Delivery,5,0
ORD009725,CUST0615,Jaipur,2023-01-22,Groceries,Green Tea,2,299,0.2,478.4,Cash on Delivery,4,0
ORD009726,CUST0632,Pune,2023-03-09,Home & Kitchen,Water Bottle,2,399,0.0,798.0,UPI,2,0
ORD009727,CUST1075,Pune,2024-11-30,Home & Kitchen,Storage Box,4,299,0.0,1196.0,Debit Card,4,0
ORD009728,CUST1425,Chennai,2023-11-30,Home & Kitchen,Knife Set,4,1299,0.0,5196.0,Credit Card,5,0
ORD009729,CUST0407,Bangalore,2023-02-17,Home & Kitchen,Air Fryer,2,3999,0.0,7998.0,Cash on Delivery,3,0
ORD009730,CUST0672,Lucknow,2023-01-04,Sports,Water Jug,3,599,0.2,1437.6,Cash on Delivery,5,0
ORD009731,CUST1197,Chennai,2024-05-01,Clothing,Formal Shirt,4,899,0.0,3596.0,Cash on Delivery,5,0
ORD009732,CUST0940,Delhi,2024-12-28,Clothing,Formal Shirt,2,899,0.1,1618.2,UPI,5,0
ORD009733,CUST0183,Chennai,2023-04-18,Beauty,Lip Balm Pack,2,199,0.2,318.4,UPI,5,0
ORD009734,CUST0972,Delhi,2024-02-28,Clothing,Sneakers,2,2499,0.2,3998.4,Credit Card,4,0
ORD009735,CUST0279,Mumbai,2024-05-04,Sports,Gym Gloves,2,399,0.05,758.1,Credit Card,2,1
ORD009736,CUST0775,Hyderabad,2024-03-25,Sports,Yoga Mat,4,799,0.05,3036.2,Debit Card,4,0
ORD009737,CUST0801,Mumbai,2024-08-26,Electronics,Laptop Stand,4,1299,0.0,5196.0,Credit Card,4,0
ORD009738,CUST1325,Delhi,2023-07-02,Groceries,Mixed Nuts,4,599,0.05,2276.2,Debit Card,1,1
ORD009739,CUST0710,Chennai,2024-04-12,Clothing,Sneakers,4,2499,0.1,8996.4,Net Banking,4,0
ORD009740,CUST0422,Hyderabad,2023-10-07,Clothing,Sneakers,4,2499,0.0,9996.0,Net Banking,4,0
ORD009741,CUST0361,Ahmedabad,2023-02-09,Books,Python Programming,4,699,0.0,2796.0,Cash on Delivery,2,0
ORD009742,CUST1323,Lucknow,2024-07-22,Clothing,Denim Jeans,2,1299,0.15,2208.3,Credit Card,4,0
ORD009743,CUST0262,Bangalore,2023-07-29,Home & Kitchen,Coffee Mug,4,249,0.2,796.8,UPI,5,0
ORD009744,CUST0634,Kolkata,2023-07-09,Beauty,Lip Balm Pack,2,199,0.1,358.2,Net Banking,2,0
ORD009745,CUST0279,Mumbai,2024-01-28,Sports,Yoga Mat,4,799,0.0,3196.0,Cash on Delivery,5,0
ORD009746,CUST1166,Delhi,2023-12-03,Sports,Water Jug,4,599,0.0,2396.0,Credit Card,5,0
ORD009747,CUST0721,Pune,2023-11-03,Electronics,USB Hub,4,899,0.0,3596.0,Net Banking,4,0
ORD009748,CUST0518,Delhi,2024-09-27,Sports,Running Shoes,1,3499,0.0,3499.0,Cash on Delivery,4,0
ORD009749,CUST0527,Bangalore,2024-11-12,Books,Business Strategy,4,599,0.2,1916.8,Cash on Delivery,5,0
ORD009750,CUST1282,Delhi,2024-10-24,Clothing,Jacket,2,2999,0.2,4798.4,Credit Card,4,0
ORD009751,CUST0837,Lucknow,2024-12-20,Home & Kitchen,Knife Set,2,1299,0.15,2208.3,Credit Card,5,0
ORD009752,CUST1092,Lucknow,2024-02-08,Sports,Water Jug,2,599,0.1,1078.2,Net Banking,4,0
ORD009753,CUST1351,Pune,2024-03-13,Clothing,Sneakers,4,2499,0.05,9496.2,Net Banking,4,0
ORD009754,CUST1357,Jaipur,2024-05-01,Home & Kitchen,Water Bottle,3,399,0.0,1197.0,Credit Card,4,0
ORD009755,CUST0490,Hyderabad,2023-01-12,Electronics,Laptop Stand,3,1299,0.0,3897.0,Cash on Delivery,4,0
ORD009756,CUST1434,Jaipur,2023-08-25,Groceries,Basmati Rice 5kg,2,499,0.1,898.2,Cash on Delivery,5,0
ORD009757,CUST0044,Mumbai,2023-11-21,Electronics,Wireless Earbuds,1,2499,0.05,2374.05,Cash on Delivery,5,0
ORD009758,CUST0542,Jaipur,2024-10-19,Books,Data Science Guide,1,899,0.2,719.2,Credit Card,4,0
ORD009759,CUST1351,Pune,2024-06-12,Home & Kitchen,Knife Set,4,1299,0.0,5196.0,Net Banking,3,0
ORD009760,CUST0416,Ahmedabad,2023-09-25,Books,Python Programming,4,699,0.05,2656.2,Credit Card,2,1
ORD009761,CUST0413,Delhi,2023-06-24,Clothing,Jacket,1,2999,0.0,2999.0,Debit Card,5,0
ORD009762,CUST0462,Pune,2024-02-02,Books,Business Strategy,3,599,0.2,1437.6,Net Banking,4,0
ORD009763,CUST0944,Jaipur,2024-01-04,Groceries,Basmati Rice 5kg,4,499,0.15,1696.6,Net Banking,4,0
ORD009764,CUST0662,Bangalore,2024-05-24,Home & Kitchen,Water Bottle,4,399,0.0,1596.0,UPI,5,0
ORD009765,CUST1105,Ahmedabad,2024-08-07,Clothing,Jacket,2,2999,0.0,5998.0,Cash on Delivery,3,0
ORD009766,CUST1349,Kolkata,2024-02-09,Groceries,Basmati Rice 5kg,1,499,0.0,499.0,Credit Card,5,0
ORD009767,CUST1032,Jaipur,2024-07-25,Home & Kitchen,Knife Set,3,1299,0.1,3507.3,Net Banking,4,0
ORD009768,CUST0314,Chennai,2023-11-19,Groceries,Olive Oil,4,799,0.0,3196.0,UPI,4,0
ORD009769,CUST1407,Hyderabad,2023-11-26,Electronics,Laptop Stand,1,1299,0.15,1104.15,Debit Card,4,0
ORD009770,CUST0404,Bangalore,2023-10-02,Electronics,Webcam,2,2199,0.05,4178.1,Net Banking,5,0
ORD009771,CUST0241,Kolkata,2024-02-27,Books,Business Strategy,2,599,0.1,1078.2,Cash on Delivery,4,0
ORD009772,CUST0141,Jaipur,2024-05-28,Beauty,Hair Mask,4,399,0.0,1596.0,Credit Card,5,0
ORD009773,CUST0854,Bangalore,2023-02-14,Books,Self Help,4,449,0.1,1616.4,Credit Card,4,0
ORD009774,CUST0186,Ahmedabad,2024-04-03,Books,Python Programming,1,699,0.0,699.0,Net Banking,4,0
ORD009775,CUST0222,Delhi,2023-07-03,Home & Kitchen,Knife Set,1,1299,0.0,1299.0,Credit Card,3,0
ORD009776,CUST0454,Hyderabad,2023-05-14,Books,Data Science Guide,4,899,0.0,3596.0,Debit Card,4,0
ORD009777,CUST0428,Chennai,2023-07-05,Clothing,Denim Jeans,3,1299,0.0,3897.0,Cash on Delivery,3,0
ORD009778,CUST0932,Kolkata,2023-12-11,Groceries,Basmati Rice 5kg,2,499,0.0,998.0,Net Banking,5,0
ORD009779,CUST1226,Ahmedabad,2023-01-24,Clothing,Cotton T-Shirt,2,499,0.15,848.3,UPI,3,0
ORD009780,CUST1152,Kolkata,2023-03-23,Beauty,Face Serum,3,999,0.0,2997.0,Cash on Delivery,5,0
ORD009781,CUST0402,Hyderabad,2023-12-23,Beauty,Lip Balm Pack,3,199,0.0,597.0,UPI,3,0
ORD009782,CUST0384,Lucknow,2024-03-01,Electronics,Laptop Stand,4,1299,0.0,5196.0,Cash on Delivery,5,0
ORD009783,CUST1451,Chennai,2024-09-08,Clothing,Sneakers,3,2499,0.2,5997.6,Credit Card,5,0
ORD009784,CUST0012,Mumbai,2023-06-01,Beauty,Body Lotion,2,349,0.05,663.1,Cash on Delivery,4,0
ORD009785,CUST1329,Kolkata,2024-05-17,Beauty,Lip Balm Pack,3,199,0.15,507.45,Debit Card,3,0
ORD009786,CUST0305,Kolkata,2023-07-21,Books,Python Programming,3,699,0.15,1782.45,Net Banking,5,0
ORD009787,CUST1428,Ahmedabad,2023-07-01,Electronics,USB Hub,2,899,0.2,1438.4,UPI,4,0
ORD009788,CUST0508,Hyderabad,2023-02-10,Sports,Gym Gloves,3,399,0.05,1137.15,Cash on Delivery,4,0
ORD009789,CUST0672,Lucknow,2024-08-12,Beauty,Face Serum,4,999,0.1,3596.4,Cash on Delivery,5,0
ORD009790,CUST1081,Kolkata,2024-04-28,Electronics,Webcam,2,2199,0.0,4398.0,Cash on Delivery,2,1
ORD009791,CUST0906,Lucknow,2023-04-18,Electronics,Laptop Stand,1,1299,0.15,1104.15,Net Banking,4,0
ORD009792,CUST0479,Kolkata,2024-12-28,Groceries,Protein Bar Pack,1,699,0.05,664.05,Cash on Delivery,4,0
ORD009793,CUST0838,Kolkata,2023-01-27,Home & Kitchen,Coffee Mug,3,249,0.1,672.3,Credit Card,3,0
ORD009794,CUST1109,Kolkata,2023-02-08,Clothing,Sneakers,4,2499,0.1,8996.4,Cash on Delivery,4,0
ORD009795,CUST0070,Hyderabad,2024-12-10,Books,Self Help,3,449,0.0,1347.0,Cash on Delivery,4,0
ORD009796,CUST0018,Lucknow,2024-08-14,Groceries,Olive Oil,3,799,0.0,2397.0,Credit Card,4,0
ORD009797,CUST0701,Bangalore,2024-05-20,Clothing,Jacket,4,2999,0.15,10196.6,Cash on Delivery,4,0
ORD009798,CUST0212,Hyderabad,2023-09-20,Electronics,Wireless Earbuds,3,2499,0.0,7497.0,Debit Card,5,0
ORD009799,CUST1023,Mumbai,2023-11-05,Clothing,Sneakers,3,2499,0.15,6372.45,Credit Card,3,0
ORD009800,CUST0326,Delhi,2023-05-25,Beauty,Hair Mask,2,399,0.0,798.0,Credit Card,5,0
ORD009801,CUST0652,Bangalore,2024-07-13,Books,Fiction Novel,4,299,0.0,1196.0,Debit Card,4,0
ORD009802,CUST0303,Lucknow,2023-03-10,Clothing,Formal Shirt,4,899,0.1,3236.4,UPI,5,0
ORD009803,CUST0826,Jaipur,2023-10-19,Beauty,Sunscreen SPF50,1,499,0.0,499.0,UPI,4,0
ORD009804,CUST0188,Ahmedabad,2024-05-13,Home & Kitchen,Knife Set,3,1299,0.2,3117.6,UPI,4,0
ORD009805,CUST0042,Lucknow,2024-03-05,Electronics,USB Hub,1,899,0.0,899.0,Credit Card,2,0
ORD009806,CUST0082,Hyderabad,2023-04-29,Clothing,Formal Shirt,2,899,0.0,1798.0,Net Banking,5,0
ORD009807,CUST1438,Delhi,2024-12-13,Sports,Resistance Bands,3,499,0.05,1422.15,Credit Card,5,0
ORD009808,CUST0229,Mumbai,2023-12-02,Home & Kitchen,Storage Box,1,299,0.0,299.0,Debit Card,5,0
ORD009809,CUST1084,Bangalore,2023-12-07,Books,Python Programming,1,699,0.2,559.2,Cash on Delivery,5,0
ORD009810,CUST0114,Delhi,2024-05-16,Groceries,Basmati Rice 5kg,4,499,0.0,1996.0,Credit Card,4,0
ORD009811,CUST0179,Kolkata,2023-12-04,Home & Kitchen,Coffee Mug,4,249,0.2,796.8,Debit Card,4,0
ORD009812,CUST0774,Bangalore,2024-12-27,Beauty,Sunscreen SPF50,4,499,0.0,1996.0,Credit Card,1,0
ORD009813,CUST0712,Hyderabad,2024-10-18,Beauty,Hair Mask,1,399,0.1,359.1,Debit Card,5,0
ORD009814,CUST1432,Chennai,2024-08-27,Clothing,Jacket,2,2999,0.0,5998.0,Credit Card,3,0
ORD009815,CUST1426,Ahmedabad,2023-02-01,Beauty,Sunscreen SPF50,2,499,0.05,948.1,UPI,4,0
ORD009816,CUST1175,Kolkata,2024-06-10,Beauty,Face Serum,2,999,0.15,1698.3,Credit Card,4,0
ORD009817,CUST0928,Pune,2023-02-05,Home & Kitchen,Water Bottle,3,399,0.0,1197.0,Cash on Delivery,4,0
ORD009818,CUST0689,Delhi,2023-05-07,Home & Kitchen,Water Bottle,3,399,0.0,1197.0,UPI,3,0
ORD009819,CUST0523,Kolkata,2024-12-01,Beauty,Face Serum,4,999,0.15,3396.6,Cash on Delivery,5,0
ORD009820,CUST1428,Ahmedabad,2024-01-28,Books,Business Strategy,3,599,0.1,1617.3,Debit Card,4,0
ORD009821,CUST0930,Ahmedabad,2023-06-08,Electronics,Laptop Stand,1,1299,0.15,1104.15,Net Banking,4,0
ORD009822,CUST0891,Jaipur,2024-03-05,Clothing,Formal Shirt,4,899,0.2,2876.8,UPI,5,0
ORD009823,CUST0362,Chennai,2024-06-26,Books,Self Help,1,449,0.0,449.0,Net Banking,5,0
ORD009824,CUST0075,Jaipur,2023-06-11,Sports,Running Shoes,3,3499,0.2,8397.6,Credit Card,5,0
ORD009825,CUST1426,Ahmedabad,2023-03-22,Electronics,Webcam,3,2199,0.0,6597.0,Credit Card,4,0
ORD009826,CUST0474,Kolkata,2024-07-20,Groceries,Protein Bar Pack,4,699,0.05,2656.2,Cash on Delivery,5,0
ORD009827,CUST0676,Delhi,2023-03-16,Home & Kitchen,Air Fryer,2,3999,0.0,7998.0,Debit Card,3,0
ORD009828,CUST0187,Jaipur,2023-10-04,Sports,Resistance Bands,1,499,0.0,499.0,Debit Card,3,0
ORD009829,CUST1250,Delhi,2024-04-06,Sports,Running Shoes,2,3499,0.0,6998.0,UPI,5,0
ORD009830,CUST0051,Chennai,2023-02-14,Books,Business Strategy,3,599,0.0,1797.0,UPI,5,0
ORD009831,CUST1246,Hyderabad,2024-06-10,Groceries,Mixed Nuts,3,599,0.1,1617.3,Credit Card,5,0
ORD009832,CUST0227,Kolkata,2023-09-04,Home & Kitchen,Coffee Mug,1,249,0.0,249.0,Cash on Delivery,4,0
ORD009833,CUST1335,Kolkata,2024-10-17,Home & Kitchen,Coffee Mug,3,249,0.1,672.3,UPI,5,0
ORD009834,CUST1108,Chennai,2023-02-09,Beauty,Hair Mask,1,399,0.05,379.05,Net Banking,3,0
ORD009835,CUST0253,Delhi,2023-11-11,Sports,Yoga Mat,3,799,0.1,2157.3,Debit Card,2,0
ORD009836,CUST0861,Mumbai,2023-01-01,Electronics,Webcam,1,2199,0.0,2199.0,Net Banking,5,0
ORD009837,CUST0472,Kolkata,2024-06-29,Home & Kitchen,Knife Set,2,1299,0.0,2598.0,Cash on Delivery,5,0
ORD009838,CUST0271,Ahmedabad,2023-06-16,Electronics,USB Hub,2,899,0.0,1798.0,Debit Card,5,0
ORD009839,CUST1302,Delhi,2024-04-21,Clothing,Denim Jeans,4,1299,0.2,4156.8,UPI,4,0
ORD009840,CUST0582,Ahmedabad,2023-05-20,Clothing,Jacket,4,2999,0.1,10796.4,Cash on Delivery,4,0
ORD009841,CUST0576,Hyderabad,2024-12-13,Groceries,Basmati Rice 5kg,2,499,0.2,798.4,Credit Card,4,0
ORD009842,CUST0261,Mumbai,2023-08-14,Beauty,Sunscreen SPF50,2,499,0.0,998.0,Debit Card,5,0
ORD009843,CUST0552,Bangalore,2024-10-22,Books,Business Strategy,3,599,0.2,1437.6,Credit Card,5,0
ORD009844,CUST1315,Jaipur,2024-05-12,Groceries,Basmati Rice 5kg,4,499,0.0,1996.0,Debit Card,4,0
ORD009845,CUST0531,Hyderabad,2023-11-30,Electronics,Phone Charger,1,599,0.0,599.0,UPI,4,0
ORD009846,CUST1432,Chennai,2023-05-30,Groceries,Green Tea,3,299,0.0,897.0,Net Banking,5,0
ORD009847,CUST1426,Ahmedabad,2024-12-08,Books,Python Programming,1,699,0.15,594.15,Credit Card,2,0
ORD009848,CUST0231,Mumbai,2024-05-08,Electronics,Laptop Stand,1,1299,0.0,1299.0,Cash on Delivery,4,0
ORD009849,CUST0269,Kolkata,2024-09-26,Beauty,Lip Balm Pack,2,199,0.0,398.0,UPI,5,0
ORD009850,CUST1306,Delhi,2024-04-02,Electronics,USB Hub,4,899,0.0,3596.0,Net Banking,3,0
ORD009851,CUST0571,Bangalore,2023-09-07,Clothing,Cotton T-Shirt,3,499,0.0,1497.0,UPI,5,0
ORD009852,CUST0008,Jaipur,2023-04-16,Electronics,USB Hub,3,899,0.0,2697.0,Net Banking,3,0
ORD009853,CUST0415,Mumbai,2024-10-17,Sports,Running Shoes,4,3499,0.15,11896.6,Debit Card,5,0
ORD009854,CUST0921,Ahmedabad,2023-03-13,Books,Business Strategy,2,599,0.05,1138.1,UPI,4,0
ORD009855,CUST1198,Kolkata,2024-09-06,Beauty,Face Serum,1,999,0.0,999.0,Debit Card,1,1
ORD009856,CUST0215,Lucknow,2024-04-13,Sports,Water Jug,4,599,0.05,2276.2,Net Banking,4,0
ORD009857,CUST0183,Chennai,2023-09-05,Groceries,Protein Bar Pack,2,699,0.05,1328.1,Debit Card,4,0
ORD009858,CUST1387,Jaipur,2023-04-07,Electronics,Webcam,3,2199,0.1,5937.3,UPI,4,0
ORD009859,CUST1141,Delhi,2024-06-21,Clothing,Cotton T-Shirt,1,499,0.15,424.15,Credit Card,4,0
ORD009860,CUST0907,Mumbai,2024-06-11,Electronics,USB Hub,4,899,0.0,3596.0,Credit Card,4,0
ORD009861,CUST1159,Jaipur,2023-08-22,Beauty,Sunscreen SPF50,4,499,0.15,1696.6,Debit Card,5,0
ORD009862,CUST0646,Mumbai,2023-08-25,Groceries,Protein Bar Pack,4,699,0.1,2516.4,Net Banking,3,0
ORD009863,CUST1150,Chennai,2023-01-30,Groceries,Olive Oil,3,799,0.2,1917.6,Cash on Delivery,4,0
ORD009864,CUST0536,Jaipur,2023-09-29,Books,Data Science Guide,2,899,0.0,1798.0,Cash on Delivery,5,0
ORD009865,CUST0383,Pune,2024-10-03,Home & Kitchen,Coffee Mug,4,249,0.2,796.8,Net Banking,5,0
ORD009866,CUST1107,Lucknow,2023-09-13,Books,Self Help,2,449,0.0,898.0,UPI,4,0
ORD009867,CUST0624,Ahmedabad,2023-06-19,Beauty,Body Lotion,2,349,0.1,628.2,Debit Card,5,0
ORD009868,CUST1469,Delhi,2024-02-07,Clothing,Denim Jeans,3,1299,0.0,3897.0,Cash on Delivery,2,0
ORD009869,CUST0514,Mumbai,2024-01-02,Books,Business Strategy,4,599,0.0,2396.0,Debit Card,4,0
ORD009870,CUST1386,Lucknow,2024-01-11,Home & Kitchen,Storage Box,3,299,0.0,897.0,Net Banking,5,0
ORD009871,CUST1407,Hyderabad,2023-03-27,Sports,Running Shoes,2,3499,0.05,6648.1,Net Banking,5,0
ORD009872,CUST0379,Delhi,2023-10-11,Books,Fiction Novel,1,299,0.0,299.0,Cash on Delivery,5,0
ORD009873,CUST1198,Kolkata,2023-12-14,Books,Python Programming,2,699,0.2,1118.4,Credit Card,4,0
ORD009874,CUST0653,Hyderabad,2023-03-27,Clothing,Formal Shirt,4,899,0.0,3596.0,UPI,4,0
ORD009875,CUST1378,Pune,2023-11-01,Home & Kitchen,Knife Set,1,1299,0.0,1299.0,Credit Card,2,1
ORD009876,CUST0684,Mumbai,2024-01-20,Groceries,Olive Oil,4,799,0.0,3196.0,Credit Card,3,0
ORD009877,CUST1128,Lucknow,2024-02-18,Beauty,Lip Balm Pack,1,199,0.0,199.0,Credit Card,4,0
ORD009878,CUST0716,Hyderabad,2023-11-09,Books,Python Programming,4,699,0.0,2796.0,Net Banking,4,0
ORD009879,CUST0358,Hyderabad,2023-08-12,Home & Kitchen,Air Fryer,3,3999,0.2,9597.6,Net Banking,2,1
ORD009880,CUST0305,Kolkata,2023-10-18,Beauty,Body Lotion,2,349,0.05,663.1,Net Banking,4,0
ORD009881,CUST0633,Pune,2024-04-28,Beauty,Body Lotion,2,349,0.05,663.1,Debit Card,5,0
ORD009882,CUST1147,Pune,2024-05-09,Groceries,Olive Oil,3,799,0.0,2397.0,Credit Card,4,0
ORD009883,CUST0933,Jaipur,2024-02-27,Clothing,Jacket,4,2999,0.15,10196.6,Credit Card,5,0
ORD009884,CUST1054,Pune,2023-04-19,Clothing,Jacket,2,2999,0.05,5698.1,Cash on Delivery,3,0
ORD009885,CUST0428,Chennai,2024-09-15,Sports,Gym Gloves,4,399,0.05,1516.2,UPI,4,0
ORD009886,CUST0734,Jaipur,2023-11-16,Books,Fiction Novel,1,299,0.1,269.1,Credit Card,5,0
ORD009887,CUST0071,Chennai,2024-04-14,Home & Kitchen,Coffee Mug,1,249,0.0,249.0,Credit Card,4,0
ORD009888,CUST1227,Ahmedabad,2024-07-26,Books,Python Programming,3,699,0.0,2097.0,Debit Card,4,0
ORD009889,CUST1479,Lucknow,2023-09-30,Clothing,Formal Shirt,4,899,0.1,3236.4,Credit Card,4,0
ORD009890,CUST0595,Chennai,2023-03-18,Home & Kitchen,Water Bottle,3,399,0.05,1137.15,Net Banking,5,0
ORD009891,CUST0017,Jaipur,2024-12-16,Groceries,Protein Bar Pack,2,699,0.15,1188.3,Cash on Delivery,5,0
ORD009892,CUST0261,Mumbai,2023-07-06,Books,Self Help,3,449,0.0,1347.0,UPI,1,1
ORD009893,CUST1012,Jaipur,2024-05-10,Beauty,Sunscreen SPF50,1,499,0.15,424.15,UPI,4,0
ORD009894,CUST0944,Jaipur,2024-03-06,Home & Kitchen,Knife Set,1,1299,0.0,1299.0,Net Banking,5,0
ORD009895,CUST1184,Kolkata,2023-09-03,Clothing,Cotton T-Shirt,2,499,0.15,848.3,Debit Card,3,0
ORD009896,CUST0393,Pune,2023-09-07,Home & Kitchen,Air Fryer,4,3999,0.0,15996.0,Credit Card,5,0
ORD009897,CUST1154,Hyderabad,2024-12-07,Clothing,Sneakers,3,2499,0.05,7122.15,Debit Card,3,0
ORD009898,CUST1054,Pune,2024-10-27,Groceries,Mixed Nuts,2,599,0.0,1198.0,Debit Card,5,0
ORD009899,CUST0484,Chennai,2024-07-12,Sports,Yoga Mat,3,799,0.0,2397.0,Net Banking,5,0
ORD009900,CUST0821,Lucknow,2024-09-09,Clothing,Jacket,3,2999,0.2,7197.6,Debit Card,5,0
ORD009901,CUST0236,Hyderabad,2023-02-10,Groceries,Basmati Rice 5kg,3,499,0.2,1197.6,Credit Card,2,0
ORD009902,CUST0685,Pune,2024-01-26,Books,Python Programming,4,699,0.15,2376.6,Credit Card,5,0
ORD009903,CUST1332,Kolkata,2023-11-20,Groceries,Green Tea,1,299,0.1,269.1,UPI,4,0
ORD009904,CUST0628,Kolkata,2024-06-23,Clothing,Jacket,1,2999,0.0,2999.0,Debit Card,5,0
ORD009905,CUST1255,Hyderabad,2024-05-15,Clothing,Denim Jeans,3,1299,0.2,3117.6,Net Banking,2,1
ORD009906,CUST0910,Mumbai,2023-02-14,Sports,Water Jug,4,599,0.15,2036.6,Cash on Delivery,3,0
ORD009907,CUST0287,Bangalore,2024-09-21,Sports,Resistance Bands,1,499,0.0,499.0,Net Banking,4,0
ORD009908,CUST0892,Jaipur,2024-12-31,Groceries,Protein Bar Pack,1,699,0.2,559.2,Credit Card,4,0
ORD009909,CUST0770,Hyderabad,2024-07-19,Beauty,Hair Mask,3,399,0.15,1017.45,Net Banking,5,0
ORD009910,CUST0576,Hyderabad,2023-09-05,Beauty,Face Serum,1,999,0.0,999.0,Debit Card,4,0
ORD009911,CUST0193,Pune,2024-08-27,Home & Kitchen,Knife Set,3,1299,0.0,3897.0,Net Banking,3,0
ORD009912,CUST0616,Mumbai,2023-08-27,Books,Business Strategy,2,599,0.0,1198.0,Debit Card,4,0
ORD009913,CUST0119,Kolkata,2023-12-16,Home & Kitchen,Knife Set,3,1299,0.2,3117.6,Net Banking,5,0
ORD009914,CUST0158,Mumbai,2023-12-03,Books,Python Programming,1,699,0.2,559.2,Net Banking,5,0
ORD009915,CUST0616,Mumbai,2024-09-02,Sports,Yoga Mat,4,799,0.0,3196.0,UPI,5,0
ORD009916,CUST0465,Pune,2024-06-07,Books,Python Programming,3,699,0.05,1992.15,Net Banking,4,0
ORD009917,CUST1391,Mumbai,2024-07-11,Home & Kitchen,Air Fryer,1,3999,0.05,3799.05,Cash on Delivery,3,0
ORD009918,CUST0541,Ahmedabad,2024-10-05,Home & Kitchen,Air Fryer,3,3999,0.15,10197.45,Credit Card,4,0
ORD009919,CUST1149,Delhi,2024-04-12,Home & Kitchen,Storage Box,1,299,0.0,299.0,Debit Card,4,0
ORD009920,CUST0804,Ahmedabad,2024-08-24,Home & Kitchen,Water Bottle,1,399,0.0,399.0,Net Banking,5,0
ORD009921,CUST1078,Bangalore,2024-01-17,Sports,Gym Gloves,3,399,0.05,1137.15,Debit Card,5,0
ORD009922,CUST0399,Kolkata,2024-01-16,Electronics,Laptop Stand,3,1299,0.2,3117.6,UPI,5,0
ORD009923,CUST1420,Bangalore,2024-07-20,Sports,Gym Gloves,3,399,0.0,1197.0,UPI,4,0
ORD009924,CUST0803,Chennai,2024-07-24,Beauty,Hair Mask,2,399,0.15,678.3,Cash on Delivery,1,1
ORD009925,CUST1244,Mumbai,2024-04-22,Groceries,Basmati Rice 5kg,3,499,0.0,1497.0,UPI,5,0
ORD009926,CUST0532,Bangalore,2023-03-09,Groceries,Protein Bar Pack,2,699,0.1,1258.2,Net Banking,4,0
ORD009927,CUST0162,Hyderabad,2023-05-15,Books,Self Help,4,449,0.15,1526.6,UPI,4,0
ORD009928,CUST1030,Mumbai,2023-01-22,Home & Kitchen,Air Fryer,2,3999,0.15,6798.3,Debit Card,3,0
ORD009929,CUST0012,Mumbai,2024-02-17,Beauty,Sunscreen SPF50,4,499,0.2,1596.8,Credit Card,4,0
ORD009930,CUST0724,Pune,2024-09-08,Home & Kitchen,Coffee Mug,3,249,0.2,597.6,Cash on Delivery,4,0
ORD009931,CUST0290,Delhi,2024-12-12,Home & Kitchen,Knife Set,4,1299,0.15,4416.6,Cash on Delivery,4,0
ORD009932,CUST0972,Delhi,2024-06-30,Home & Kitchen,Storage Box,4,299,0.0,1196.0,Credit Card,5,0
ORD009933,CUST1467,Jaipur,2023-09-30,Books,Self Help,3,449,0.0,1347.0,Cash on Delivery,2,0
ORD009934,CUST0711,Pune,2024-10-07,Books,Fiction Novel,4,299,0.2,956.8,Credit Card,5,0
ORD009935,CUST1227,Ahmedabad,2023-08-12,Electronics,Laptop Stand,3,1299,0.05,3702.15,UPI,5,0
ORD009936,CUST0772,Delhi,2023-02-21,Beauty,Hair Mask,1,399,0.05,379.05,Credit Card,3,0
ORD009937,CUST0756,Ahmedabad,2023-07-06,Sports,Yoga Mat,4,799,0.2,2556.8,Net Banking,4,0
ORD009938,CUST1404,Mumbai,2024-04-10,Sports,Water Jug,4,599,0.0,2396.0,Cash on Delivery,5,0
ORD009939,CUST1343,Bangalore,2023-07-02,Books,Data Science Guide,2,899,0.0,1798.0,Debit Card,4,0
ORD009940,CUST1183,Lucknow,2024-02-27,Home & Kitchen,Water Bottle,1,399,0.1,359.1,Debit Card,5,0
ORD009941,CUST0448,Kolkata,2024-05-27,Groceries,Olive Oil,4,799,0.1,2876.4,Debit Card,5,0
ORD009942,CUST0820,Bangalore,2024-07-23,Electronics,Wireless Earbuds,4,2499,0.05,9496.2,Net Banking,5,0
ORD009943,CUST0350,Delhi,2024-01-15,Clothing,Sneakers,4,2499,0.0,9996.0,Cash on Delivery,5,0
ORD009944,CUST0676,Delhi,2023-01-16,Electronics,USB Hub,4,899,0.2,2876.8,Cash on Delivery,2,0
ORD009945,CUST0738,Delhi,2024-01-01,Clothing,Jacket,3,2999,0.15,7647.45,Net Banking,4,0
ORD009946,CUST1244,Mumbai,2024-12-03,Groceries,Protein Bar Pack,1,699,0.05,664.05,Credit Card,3,0
ORD009947,CUST1351,Pune,2023-06-19,Electronics,Laptop Stand,4,1299,0.0,5196.0,Debit Card,4,0
ORD009948,CUST0615,Jaipur,2024-01-19,Electronics,Wireless Earbuds,3,2499,0.0,7497.0,Cash on Delivery,4,0
ORD009949,CUST0034,Hyderabad,2023-07-06,Home & Kitchen,Coffee Mug,3,249,0.1,672.3,Debit Card,3,0
ORD009950,CUST1305,Delhi,2024-01-30,Beauty,Face Serum,1,999,0.2,799.2,UPI,5,0
ORD009951,CUST0265,Kolkata,2024-04-07,Books,Fiction Novel,4,299,0.15,1016.6,Credit Card,4,0
ORD009952,CUST0960,Ahmedabad,2023-02-27,Groceries,Mixed Nuts,2,599,0.15,1018.3,Credit Card,3,0
ORD009953,CUST0044,Mumbai,2024-01-23,Clothing,Formal Shirt,2,899,0.0,1798.0,Cash on Delivery,5,0
ORD009954,CUST0578,Kolkata,2023-01-29,Home & Kitchen,Water Bottle,1,399,0.05,379.05,Net Banking,4,0
ORD009955,CUST1473,Mumbai,2023-01-29,Home & Kitchen,Coffee Mug,4,249,0.15,846.6,Cash on Delivery,5,0
ORD009956,CUST0162,Hyderabad,2023-05-08,Electronics,Laptop Stand,4,1299,0.0,5196.0,Net Banking,3,0
ORD009957,CUST0632,Pune,2023-02-11,Home & Kitchen,Air Fryer,2,3999,0.0,7998.0,UPI,4,0
ORD009958,CUST0468,Delhi,2024-01-09,Sports,Resistance Bands,4,499,0.2,1596.8,Cash on Delivery,5,0
ORD009959,CUST1361,Pune,2024-03-01,Electronics,Wireless Earbuds,4,2499,0.15,8496.6,Credit Card,4,0
ORD009960,CUST1312,Chennai,2024-02-22,Beauty,Sunscreen SPF50,4,499,0.2,1596.8,Debit Card,5,0
ORD009961,CUST0368,Mumbai,2024-01-21,Beauty,Sunscreen SPF50,1,499,0.1,449.1,Credit Card,5,0
ORD009962,CUST0128,Jaipur,2023-01-22,Clothing,Cotton T-Shirt,2,499,0.2,798.4,UPI,5,0
ORD009963,CUST0972,Delhi,2023-08-30,Electronics,Webcam,4,2199,0.2,7036.8,UPI,5,0
ORD009964,CUST0501,Bangalore,2024-06-26,Home & Kitchen,Coffee Mug,2,249,0.0,498.0,UPI,4,0
ORD009965,CUST1028,Bangalore,2024-12-13,Home & Kitchen,Air Fryer,2,3999,0.0,7998.0,Credit Card,4,0
ORD009966,CUST0053,Pune,2023-11-15,Books,Self Help,3,449,0.0,1347.0,Credit Card,4,0
ORD009967,CUST0215,Lucknow,2024-03-15,Books,Self Help,3,449,0.05,1279.65,Credit Card,5,0
ORD009968,CUST1053,Kolkata,2023-03-31,Beauty,Body Lotion,4,349,0.0,1396.0,Debit Card,4,0
ORD009969,CUST0325,Delhi,2023-04-28,Sports,Resistance Bands,3,499,0.0,1497.0,Cash on Delivery,5,0
ORD009970,CUST1299,Ahmedabad,2023-07-18,Home & Kitchen,Knife Set,1,1299,0.0,1299.0,Credit Card,3,0
ORD009971,CUST0095,Ahmedabad,2024-04-15,Home & Kitchen,Storage Box,1,299,0.1,269.1,Net Banking,3,0
ORD009972,CUST0328,Hyderabad,2023-03-19,Books,Python Programming,3,699,0.15,1782.45,Cash on Delivery,5,0
ORD009973,CUST1500,Kolkata,2023-03-05,Clothing,Jacket,2,2999,0.15,5098.3,UPI,5,0
ORD009974,CUST0653,Hyderabad,2024-11-12,Groceries,Green Tea,1,299,0.05,284.05,Debit Card,5,0
ORD009975,CUST1075,Pune,2023-10-05,Sports,Yoga Mat,2,799,0.0,1598.0,Credit Card,3,0
ORD009976,CUST0274,Chennai,2023-03-04,Electronics,Webcam,3,2199,0.1,5937.3,Debit Card,5,0
ORD009977,CUST0942,Jaipur,2024-07-17,Home & Kitchen,Water Bottle,1,399,0.0,399.0,Net Banking,4,0
ORD009978,CUST1104,Delhi,2023-07-10,Groceries,Protein Bar Pack,4,699,0.0,2796.0,Debit Card,4,0
ORD009979,CUST0474,Kolkata,2023-01-25,Sports,Water Jug,3,599,0.15,1527.45,Cash on Delivery,5,0
ORD009980,CUST1242,Lucknow,2024-11-23,Groceries,Basmati Rice 5kg,1,499,0.0,499.0,Cash on Delivery,4,0
ORD009981,CUST0932,Kolkata,2023-09-28,Sports,Resistance Bands,2,499,0.0,998.0,UPI,4,0
ORD009982,CUST0561,Chennai,2024-02-14,Groceries,Mixed Nuts,1,599,0.15,509.15,Credit Card,4,0
ORD009983,CUST0844,Delhi,2023-05-12,Beauty,Hair Mask,2,399,0.15,678.3,Cash on Delivery,3,0
ORD009984,CUST0885,Ahmedabad,2024-07-07,Home & Kitchen,Knife Set,3,1299,0.2,3117.6,Cash on Delivery,4,0
ORD009985,CUST0256,Kolkata,2023-12-12,Clothing,Jacket,2,2999,0.0,5998.0,Credit Card,5,0
ORD009986,CUST0582,Ahmedabad,2023-03-18,Groceries,Olive Oil,2,799,0.2,1278.4,Net Banking,5,0
ORD009987,CUST0509,Chennai,2023-03-04,Clothing,Formal Shirt,3,899,0.05,2562.15,Credit Card,5,0
ORD009988,CUST0579,Kolkata,2024-10-15,Sports,Resistance Bands,1,499,0.1,449.1,Net Banking,2,0
ORD009989,CUST1152,Kolkata,2023-07-24,Sports,Yoga Mat,4,799,0.0,3196.0,Cash on Delivery,4,0
ORD009990,CUST0736,Jaipur,2023-07-20,Books,Business Strategy,4,599,0.2,1916.8,UPI,3,0
ORD009991,CUST1420,Bangalore,2023-03-02,Clothing,Cotton T-Shirt,3,499,0.05,1422.15,Net Banking,5,0
ORD009992,CUST0446,Pune,2023-07-11,Groceries,Green Tea,3,299,0.1,807.3,Credit Card,4,0
ORD009993,CUST0616,Mumbai,2024-10-31,Home & Kitchen,Water Bottle,4,399,0.2,1276.8,Debit Card,5,0
ORD009994,CUST1184,Kolkata,2024-03-16,Sports,Yoga Mat,3,799,0.15,2037.45,Cash on Delivery,5,0
ORD009995,CUST0821,Lucknow,2024-03-24,Sports,Yoga Mat,1,799,0.15,679.15,Credit Card,3,0
ORD009996,CUST0825,Delhi,2023-07-05,Books,Data Science Guide,4,899,0.0,3596.0,Credit Card,5,0
ORD009997,CUST0088,Kolkata,2024-12-07,Home & Kitchen,Knife Set,1,1299,0.05,1234.05,Net Banking,4,0
ORD009998,CUST0576,Hyderabad,2023-10-27,Electronics,Phone Charger,2,599,0.15,1018.3,Net Banking,2,0
ORD009999,CUST0412,Bangalore,2023-07-31,Clothing,Cotton T-Shirt,1,499,0.1,449.1,Debit Card,1,1
ORD010000,CUST1500,Kolkata,2024-12-27,Electronics,Webcam,1,2199,0.0,2199.0,Credit Card,4,0
